design,cohort,kernel_type,n_saved,log10_min,log10_q25,log10_median,log10_q75,log10_max,mean_saved_kernel,saved_zero_fraction
TCGA_to_GEO,GSE13067,external cross,4000,-2405.893995225118,-659.777004713567,-435.18151861813845,-327.9499900348359,-71.09303469619809,1.1078760655897587e-74,0.7805
TCGA_to_GEO,GSE13294,external cross,4000,-1596.2077288669195,-817.8214302719133,-592.3532063599982,-372.0363083302013,-28.665817876050255,6.054140989038172e-32,0.78725
TCGA_to_GEO,GSE18088,external cross,4000,-562.7428449400009,-404.06288993331316,-299.8931013846449,-226.83023231174772,-160.34125454107868,4.336144028329866e-164,0.3575
TCGA_to_GEO,GSE26682,external cross,4000,-1266.3389450123273,-799.6779203838444,-632.1667499261227,-436.5056294742378,-6.818373258131905,3.9167950272328954e-10,0.81325
TCGA_to_GEO,GSE39084,external cross,4000,-631.5140336766009,-276.38860326060865,-199.5465126694939,-133.22822649672233,-27.721619402724244,3.5743087996070395e-31,0.15575
TCGA_to_GEO,TCGA_COAD,discovery within,10000,-0.6905492656971621,-0.24194527402406196,-0.13054190750027317,-0.08553094698574973,-0.027065445728865208,0.6905103316840485,0.0
GEO_LOCO,GSE13067,LOCO external cross,4000,-0.6523915226410959,-0.20814545953445737,-0.15882185273812993,-0.12481170825457781,-0.055137718175273756,0.6761953533588639,0.0
GEO_LOCO,GSE13067+GSE18088+GSE26682+GSE39084,LOCO training within,10000,-7.413493571039851,-2.1352724762401483,-1.4777706471608285,-1.1002068430519958,-0.3271911404878969,0.05416130475912248,0.0
GEO_LOCO,GSE13294,LOCO external cross,4000,-6.50351316443291,-2.54895439103463,-1.8607034463127436,-1.3565915261894144,-0.48020945255044356,0.03144149854019228,0.0
GEO_LOCO,GSE13294+GSE13067+GSE18088+GSE26682,LOCO training within,10000,-0.7481814141898615,-0.20956622202786762,-0.14886034639063023,-0.1111028627543243,-0.030309907143714045,0.6837212400350035,0.0
GEO_LOCO,GSE13294+GSE13067+GSE18088+GSE39084,LOCO training within,10000,-0.6063057311874952,-0.22236756872878607,-0.15485113855262175,-0.11286517881441294,-0.031753287872818545,0.6780587166655071,0.0
GEO_LOCO,GSE13294+GSE13067+GSE26682+GSE39084,LOCO training within,10000,-0.6974868447900688,-0.21189348516377926,-0.1480771387395413,-0.11065777050975534,-0.022313176921092946,0.6832855991244294,0.0
GEO_LOCO,GSE13294+GSE18088+GSE26682+GSE39084,LOCO training within,10000,-0.7175799994964523,-0.21427799772956962,-0.1494362088722171,-0.10931479676281641,-0.026615103365003834,0.6823631922552278,0.0
GEO_LOCO,GSE18088,LOCO external cross,4000,-0.674305977986979,-0.20916837345050618,-0.15534046513566502,-0.1217590128740591,-0.04531255095183303,0.6799261341858428,0.0
GEO_LOCO,GSE26682,LOCO external cross,4000,-3.813135173743981,-2.211669633522913,-1.7984738927670345,-1.3706293003669299,-0.4288516749669837,0.038563343978022475,0.0
GEO_LOCO,GSE39084,LOCO external cross,4000,-0.6175303882809399,-0.18448914192151425,-0.1407740233304901,-0.10773919698513246,-0.0428433938872418,0.7088386171318479,0.0
