design,cohort,representation,model,metric,recomputed,reported,absolute_difference
GEO_LOCO,GSE13067,fixed_log_expression,elastic_net,auroc,0.9567099567099568,0.9567099567099568,0.0
GEO_LOCO,GSE13067,fixed_log_expression,elastic_net,balanced_accuracy,0.8614718614718615,0.8614718614718615,0.0
GEO_LOCO,GSE13067,fixed_log_expression,elastic_net,brier,0.1368765280910714,0.1368765234947204,4.596350994257037e-09
GEO_LOCO,GSE13067,fixed_log_expression,elastic_net,brier_skill,-0.08158133885527707,-0.0815813025354823,3.631979476892422e-08
GEO_LOCO,GSE13067,fixed_log_expression,elastic_net,ici,0.21603242111658807,0.2160324211165881,2.7755575615628914e-17
GEO_LOCO,GSE13067,fixed_log_expression,svm_rbf,auroc,0.9826839826839827,0.9826839826839828,1.1102230246251565e-16
GEO_LOCO,GSE13067,fixed_log_expression,svm_rbf,balanced_accuracy,0.8102453102453102,0.8102453102453102,0.0
GEO_LOCO,GSE13067,fixed_log_expression,svm_rbf,brier,0.07047954018297849,0.0704795401829784,8.326672684688674e-17
GEO_LOCO,GSE13067,fixed_log_expression,svm_rbf,brier_skill,0.44307941985282806,0.443079419852828,5.551115123125783e-17
GEO_LOCO,GSE13067,fixed_log_expression,svm_rbf,ici,0.12247248741826658,0.1224724874182666,2.7755575615628914e-17
GEO_LOCO,GSE13067,fixed_log_expression,xgboost,auroc,0.9855699855699855,0.9855699855699857,1.1102230246251565e-16
GEO_LOCO,GSE13067,fixed_log_expression,xgboost,balanced_accuracy,0.8102453102453102,0.8102453102453102,0.0
GEO_LOCO,GSE13067,fixed_log_expression,xgboost,brier,0.07741544511730905,0.0774154439568519,1.160457147042493e-09
GEO_LOCO,GSE13067,fixed_log_expression,xgboost,brier_skill,0.3882727597945391,0.388272768964327,9.16978787346423e-09
GEO_LOCO,GSE13067,fixed_log_expression,xgboost,ici,0.13811613951699386,0.1381161395169939,2.7755575615628914e-17
GEO_LOCO,GSE13067,single_sample_rank,elastic_net,auroc,0.98989898989899,0.98989898989899,0.0
GEO_LOCO,GSE13067,single_sample_rank,elastic_net,balanced_accuracy,0.9011544011544012,0.9011544011544012,0.0
GEO_LOCO,GSE13067,single_sample_rank,elastic_net,brier,0.05602381542504397,0.0560238175094127,2.084368733168418e-09
GEO_LOCO,GSE13067,single_sample_rank,elastic_net,brier_skill,0.5573067629617017,0.5573067464912781,1.6470423580550175e-08
GEO_LOCO,GSE13067,single_sample_rank,elastic_net,ici,0.07403672389929321,0.0740367238992932,1.3877787807814457e-17
GEO_LOCO,GSE13067,single_sample_rank,svm_rbf,auroc,0.9971139971139972,0.9971139971139972,0.0
GEO_LOCO,GSE13067,single_sample_rank,svm_rbf,balanced_accuracy,0.9841269841269842,0.9841269841269842,0.0
GEO_LOCO,GSE13067,single_sample_rank,svm_rbf,brier,0.026773280225120804,0.0267732802251208,3.469446951953614e-18
GEO_LOCO,GSE13067,single_sample_rank,svm_rbf,brier_skill,0.7884408621749472,0.7884408621749472,0.0
GEO_LOCO,GSE13067,single_sample_rank,svm_rbf,ici,0.06034894717249418,0.0603489471724942,2.0816681711721685e-17
GEO_LOCO,GSE13067,single_sample_rank,xgboost,auroc,0.9985569985569986,0.9985569985569986,0.0
GEO_LOCO,GSE13067,single_sample_rank,xgboost,balanced_accuracy,0.9466089466089466,0.9466089466089466,0.0
GEO_LOCO,GSE13067,single_sample_rank,xgboost,brier,0.03796153321146298,0.0379615351557731,1.9443101226257475e-09
GEO_LOCO,GSE13067,single_sample_rank,xgboost,brier_skill,0.700032675518079,0.7000326601543811,1.536369786947489e-08
GEO_LOCO,GSE13067,single_sample_rank,xgboost,ici,0.11230538709101301,0.112305387091013,1.3877787807814457e-17
GEO_LOCO,GSE13067,target_cohort_adaptive_zscore,elastic_net,auroc,0.9956709956709957,0.9956709956709956,1.1102230246251565e-16
GEO_LOCO,GSE13067,target_cohort_adaptive_zscore,elastic_net,balanced_accuracy,0.9365079365079365,0.9365079365079364,1.1102230246251565e-16
GEO_LOCO,GSE13067,target_cohort_adaptive_zscore,elastic_net,brier,0.09494549274407142,0.09494549036026,2.3838114260321674e-09
GEO_LOCO,GSE13067,target_cohort_adaptive_zscore,elastic_net,brier_skill,0.24975249889388873,0.2497525177304707,1.8836581960890442e-08
GEO_LOCO,GSE13067,target_cohort_adaptive_zscore,elastic_net,ici,0.12458023024471916,0.1245802302447192,4.163336342344337e-17
GEO_LOCO,GSE13067,target_cohort_adaptive_zscore,svm_rbf,auroc,0.9927849927849928,0.9927849927849928,0.0
GEO_LOCO,GSE13067,target_cohort_adaptive_zscore,svm_rbf,balanced_accuracy,0.9285714285714286,0.9285714285714286,0.0
GEO_LOCO,GSE13067,target_cohort_adaptive_zscore,svm_rbf,brier,0.034765270252223986,0.0347652702522239,8.326672684688674e-17
GEO_LOCO,GSE13067,target_cohort_adaptive_zscore,svm_rbf,brier_skill,0.7252891487717481,0.7252891487717481,0.0
GEO_LOCO,GSE13067,target_cohort_adaptive_zscore,svm_rbf,ici,0.06001341723841297,0.060013417238413,2.7755575615628914e-17
GEO_LOCO,GSE13067,target_cohort_adaptive_zscore,xgboost,auroc,1.0,1.0,0.0
GEO_LOCO,GSE13067,target_cohort_adaptive_zscore,xgboost,balanced_accuracy,0.9761904761904762,0.9761904761904762,0.0
GEO_LOCO,GSE13067,target_cohort_adaptive_zscore,xgboost,brier,0.03971142120646475,0.0397114232182502,2.0117854465651064e-09
GEO_LOCO,GSE13067,target_cohort_adaptive_zscore,xgboost,brier_skill,0.6862052777393925,0.686205261842513,1.5896879590471258e-08
GEO_LOCO,GSE13067,target_cohort_adaptive_zscore,xgboost,ici,0.09917776196126113,0.0991777619612611,2.7755575615628914e-17
GEO_LOCO,GSE13294,fixed_log_expression,elastic_net,auroc,0.9408924408924408,0.9408924408924408,0.0
GEO_LOCO,GSE13294,fixed_log_expression,elastic_net,balanced_accuracy,0.8185980685980686,0.8185980685980686,0.0
GEO_LOCO,GSE13294,fixed_log_expression,elastic_net,brier,0.08187617505438609,0.0818761736154556,1.438930488650847e-09
GEO_LOCO,GSE13294,fixed_log_expression,elastic_net,brier_skill,0.6724816673856766,0.6724816731416381,5.755961485220951e-09
GEO_LOCO,GSE13294,fixed_log_expression,elastic_net,ici,0.04198661920758352,0.0419866192075835,2.0816681711721685e-17
GEO_LOCO,GSE13294,fixed_log_expression,svm_rbf,auroc,0.9437229437229436,0.9437229437229436,0.0
GEO_LOCO,GSE13294,fixed_log_expression,svm_rbf,balanced_accuracy,0.9162504162504163,0.9162504162504164,1.1102230246251565e-16
GEO_LOCO,GSE13294,fixed_log_expression,svm_rbf,brier,0.07852079356425909,0.078520793564259,8.326672684688674e-17
GEO_LOCO,GSE13294,fixed_log_expression,svm_rbf,brier_skill,0.6859037520177614,0.6859037520177615,1.1102230246251565e-16
GEO_LOCO,GSE13294,fixed_log_expression,svm_rbf,ici,0.05862362002619834,0.0586236200261983,4.163336342344337e-17
GEO_LOCO,GSE13294,fixed_log_expression,xgboost,auroc,0.933899433899434,0.933899433899434,0.0
GEO_LOCO,GSE13294,fixed_log_expression,xgboost,balanced_accuracy,0.8904428904428905,0.8904428904428905,0.0
GEO_LOCO,GSE13294,fixed_log_expression,xgboost,brier,0.09840763684757795,0.0984076261520385,1.0695539440219726e-08
GEO_LOCO,GSE13294,fixed_log_expression,xgboost,brier_skill,0.6063530677217681,0.6063531105057065,4.278393839207695e-08
GEO_LOCO,GSE13294,fixed_log_expression,xgboost,ici,0.06727387747203,0.0672738774720299,9.71445146547012e-17
GEO_LOCO,GSE13294,single_sample_rank,elastic_net,auroc,0.9558774558774559,0.955877455877456,1.1102230246251565e-16
GEO_LOCO,GSE13294,single_sample_rank,elastic_net,balanced_accuracy,0.9036796536796536,0.9036796536796536,0.0
GEO_LOCO,GSE13294,single_sample_rank,elastic_net,brier,0.06858268773208244,0.0685826912522316,3.5201491582759203e-09
GEO_LOCO,GSE13294,single_sample_rank,elastic_net,brier_skill,0.7256578300427439,0.7256578159615611,1.4081182775349532e-08
GEO_LOCO,GSE13294,single_sample_rank,elastic_net,ici,0.0368325716796117,0.0368325716796117,0.0
GEO_LOCO,GSE13294,single_sample_rank,svm_rbf,auroc,0.975024975024975,0.975024975024975,0.0
GEO_LOCO,GSE13294,single_sample_rank,svm_rbf,balanced_accuracy,0.9421411921411922,0.9421411921411922,0.0
GEO_LOCO,GSE13294,single_sample_rank,svm_rbf,brier,0.07823297087847848,0.0782329708784784,8.326672684688674e-17
GEO_LOCO,GSE13294,single_sample_rank,svm_rbf,brier_skill,0.687055090683409,0.687055090683409,0.0
GEO_LOCO,GSE13294,single_sample_rank,svm_rbf,ici,0.09883765687789593,0.0988376568778959,2.7755575615628914e-17
GEO_LOCO,GSE13294,single_sample_rank,xgboost,auroc,0.9578754578754578,0.9578754578754578,0.0
GEO_LOCO,GSE13294,single_sample_rank,xgboost,balanced_accuracy,0.9291541791541791,0.9291541791541792,1.1102230246251565e-16
GEO_LOCO,GSE13294,single_sample_rank,xgboost,brier,0.06531525464377322,0.0653152614831924,6.839419183779505e-09
GEO_LOCO,GSE13294,single_sample_rank,xgboost,brier_skill,0.738728106424134,0.7387280790653183,2.735881565740783e-08
GEO_LOCO,GSE13294,single_sample_rank,xgboost,ici,0.03136147726445157,0.0313614772644515,6.938893903907228e-17
GEO_LOCO,GSE13294,target_cohort_adaptive_zscore,elastic_net,auroc,0.9517149517149516,0.9517149517149516,0.0
GEO_LOCO,GSE13294,target_cohort_adaptive_zscore,elastic_net,balanced_accuracy,0.7948717948717949,0.7948717948717949,0.0
GEO_LOCO,GSE13294,target_cohort_adaptive_zscore,elastic_net,brier,0.11761063880161199,0.1176106333732605,5.42835149053289e-09
GEO_LOCO,GSE13294,target_cohort_adaptive_zscore,elastic_net,brier_skill,0.5295378626026094,0.5295378843169192,2.1714309794695907e-08
GEO_LOCO,GSE13294,target_cohort_adaptive_zscore,elastic_net,ici,0.14818039871788088,0.1481803987178809,2.7755575615628914e-17
GEO_LOCO,GSE13294,target_cohort_adaptive_zscore,svm_rbf,auroc,0.9637029637029636,0.9637029637029636,0.0
GEO_LOCO,GSE13294,target_cohort_adaptive_zscore,svm_rbf,balanced_accuracy,0.8461538461538461,0.8461538461538461,0.0
GEO_LOCO,GSE13294,target_cohort_adaptive_zscore,svm_rbf,brier,0.164129386249478,0.164129386249478,0.0
GEO_LOCO,GSE13294,target_cohort_adaptive_zscore,svm_rbf,brier_skill,0.34345512743194984,0.3434551274319498,5.551115123125783e-17
GEO_LOCO,GSE13294,target_cohort_adaptive_zscore,svm_rbf,ici,0.19466462749580513,0.194664627495805,1.3877787807814457e-16
GEO_LOCO,GSE13294,target_cohort_adaptive_zscore,xgboost,auroc,0.9597069597069597,0.9597069597069596,1.1102230246251565e-16
GEO_LOCO,GSE13294,target_cohort_adaptive_zscore,xgboost,balanced_accuracy,0.782051282051282,0.782051282051282,0.0
GEO_LOCO,GSE13294,target_cohort_adaptive_zscore,xgboost,brier,0.16416494810056398,0.1641649454832077,2.6173562761577784e-09
GEO_LOCO,GSE13294,target_cohort_adaptive_zscore,xgboost,brier_skill,0.34331287410655187,0.3433128845764127,1.0469860811657128e-08
GEO_LOCO,GSE13294,target_cohort_adaptive_zscore,xgboost,ici,0.20728375477337,0.2072837547733699,8.326672684688674e-17
GEO_LOCO,GSE18088,fixed_log_expression,elastic_net,auroc,0.9891640866873065,0.9891640866873064,1.1102230246251565e-16
GEO_LOCO,GSE18088,fixed_log_expression,elastic_net,balanced_accuracy,0.8970588235294117,0.8970588235294117,0.0
GEO_LOCO,GSE18088,fixed_log_expression,elastic_net,brier,0.132791238793039,0.1327912360429763,2.750062705336731e-09
GEO_LOCO,GSE18088,fixed_log_expression,elastic_net,brier_skill,0.42258422636277626,0.4225842383208659,1.1958089629615642e-08
GEO_LOCO,GSE18088,fixed_log_expression,elastic_net,ici,0.2259982204493697,0.2259982204493697,0.0
GEO_LOCO,GSE18088,fixed_log_expression,svm_rbf,auroc,0.9659442724458205,0.9659442724458204,1.1102230246251565e-16
GEO_LOCO,GSE18088,fixed_log_expression,svm_rbf,balanced_accuracy,0.7205882352941176,0.7205882352941176,0.0
GEO_LOCO,GSE18088,fixed_log_expression,svm_rbf,brier,0.1017517680047576,0.1017517680047576,0.0
GEO_LOCO,GSE18088,fixed_log_expression,svm_rbf,brier_skill,0.5575530707037708,0.5575530707037708,0.0
GEO_LOCO,GSE18088,fixed_log_expression,svm_rbf,ici,0.16040873840501843,0.1604087384050184,2.7755575615628914e-17
GEO_LOCO,GSE18088,fixed_log_expression,xgboost,auroc,0.9659442724458204,0.9659442724458204,0.0
GEO_LOCO,GSE18088,fixed_log_expression,xgboost,balanced_accuracy,0.5588235294117647,0.5588235294117647,0.0
GEO_LOCO,GSE18088,fixed_log_expression,xgboost,brier,0.2679773648030032,0.2679773867130279,2.1910024683435836e-08
GEO_LOCO,GSE18088,fixed_log_expression,xgboost,brier_skill,-0.16524522868674296,-0.1652453239580424,9.527129943287527e-08
GEO_LOCO,GSE18088,fixed_log_expression,xgboost,ici,0.34264208018159636,0.3426420801815963,5.551115123125783e-17
GEO_LOCO,GSE18088,single_sample_rank,elastic_net,auroc,0.9860681114551083,0.9860681114551084,1.1102230246251565e-16
GEO_LOCO,GSE18088,single_sample_rank,elastic_net,balanced_accuracy,0.9473684210526316,0.9473684210526316,0.0
GEO_LOCO,GSE18088,single_sample_rank,elastic_net,brier,0.03203886249124888,0.0320388637483119,1.2570630161801155e-09
GEO_LOCO,GSE18088,single_sample_rank,elastic_net,brier_skill,0.8606855035016747,0.8606854980355907,5.466084029848162e-09
GEO_LOCO,GSE18088,single_sample_rank,elastic_net,ici,0.02113919926057433,0.0211391992605743,3.122502256758253e-17
GEO_LOCO,GSE18088,single_sample_rank,svm_rbf,auroc,0.9628482972136223,0.9628482972136224,1.1102230246251565e-16
GEO_LOCO,GSE18088,single_sample_rank,svm_rbf,balanced_accuracy,0.9589783281733746,0.9589783281733746,0.0
GEO_LOCO,GSE18088,single_sample_rank,svm_rbf,brier,0.03191577474987732,0.0319157747498773,2.0816681711721685e-17
GEO_LOCO,GSE18088,single_sample_rank,svm_rbf,brier_skill,0.8612207255845118,0.8612207255845118,0.0
GEO_LOCO,GSE18088,single_sample_rank,svm_rbf,ici,0.02193606303986217,0.0219360630398621,7.28583859910259e-17
GEO_LOCO,GSE18088,single_sample_rank,xgboost,auroc,0.9829721362229101,0.98297213622291,1.1102230246251565e-16
GEO_LOCO,GSE18088,single_sample_rank,xgboost,balanced_accuracy,0.9473684210526316,0.9473684210526316,0.0
GEO_LOCO,GSE18088,single_sample_rank,xgboost,brier,0.03447061740654728,0.0344706177711486,3.646013213565169e-10
GEO_LOCO,GSE18088,single_sample_rank,xgboost,brier_skill,0.8501115103792705,0.8501115087938752,1.5853952595179521e-09
GEO_LOCO,GSE18088,single_sample_rank,xgboost,ici,0.020110036240308563,0.0201100362403085,6.245004513516506e-17
GEO_LOCO,GSE18088,target_cohort_adaptive_zscore,elastic_net,auroc,0.958204334365325,0.958204334365325,0.0
GEO_LOCO,GSE18088,target_cohort_adaptive_zscore,elastic_net,balanced_accuracy,0.9326625386996904,0.9326625386996904,0.0
GEO_LOCO,GSE18088,target_cohort_adaptive_zscore,elastic_net,brier,0.050691925716017286,0.0506919212639331,4.452084187422933e-09
GEO_LOCO,GSE18088,target_cohort_adaptive_zscore,elastic_net,brier_skill,0.7795764406558939,0.7795764600148788,1.935898485960763e-08
GEO_LOCO,GSE18088,target_cohort_adaptive_zscore,elastic_net,ici,0.047939192028373205,0.0479391920283731,1.0408340855860843e-16
GEO_LOCO,GSE18088,target_cohort_adaptive_zscore,svm_rbf,auroc,0.9984520123839009,0.9984520123839008,1.1102230246251565e-16
GEO_LOCO,GSE18088,target_cohort_adaptive_zscore,svm_rbf,balanced_accuracy,0.9736842105263157,0.9736842105263156,1.1102230246251565e-16
GEO_LOCO,GSE18088,target_cohort_adaptive_zscore,svm_rbf,brier,0.019899710381340086,0.01989971038134,8.673617379884035e-17
GEO_LOCO,GSE18088,target_cohort_adaptive_zscore,svm_rbf,brier_skill,0.9134701447969283,0.9134701447969285,1.1102230246251565e-16
GEO_LOCO,GSE18088,target_cohort_adaptive_zscore,svm_rbf,ici,0.012741890352491977,0.012741890352492,2.2551405187698492e-17
GEO_LOCO,GSE18088,target_cohort_adaptive_zscore,xgboost,auroc,0.9752321981424148,0.9752321981424148,0.0
GEO_LOCO,GSE18088,target_cohort_adaptive_zscore,xgboost,balanced_accuracy,0.9473684210526316,0.9473684210526316,0.0
GEO_LOCO,GSE18088,target_cohort_adaptive_zscore,xgboost,brier,0.02668736338273857,0.0266873612999916,2.082746967946303e-09
GEO_LOCO,GSE18088,target_cohort_adaptive_zscore,xgboost,brier_skill,0.8839554121639124,0.8839554212203151,9.056402738849556e-09
GEO_LOCO,GSE18088,target_cohort_adaptive_zscore,xgboost,ici,0.019262751950732983,0.0192627519507329,8.326672684688674e-17
GEO_LOCO,GSE26682,fixed_log_expression,elastic_net,auroc,0.9318394024276377,0.9318394024276376,1.1102230246251565e-16
GEO_LOCO,GSE26682,fixed_log_expression,elastic_net,balanced_accuracy,0.75,0.75,0.0
GEO_LOCO,GSE26682,fixed_log_expression,elastic_net,brier,0.03931741463019216,0.0393174178898334,3.2596412444241274e-09
GEO_LOCO,GSE26682,fixed_log_expression,elastic_net,brier_skill,0.6554862020569203,0.6554861734947319,2.8562188392200483e-08
GEO_LOCO,GSE26682,fixed_log_expression,elastic_net,ici,0.05047259889238136,0.0504725988923813,5.551115123125783e-17
GEO_LOCO,GSE26682,fixed_log_expression,svm_rbf,auroc,0.9677871148459384,0.9677871148459384,0.0
GEO_LOCO,GSE26682,fixed_log_expression,svm_rbf,balanced_accuracy,0.9082633053221288,0.9082633053221288,0.0
GEO_LOCO,GSE26682,fixed_log_expression,svm_rbf,brier,0.155524687029605,0.155524687029605,0.0
GEO_LOCO,GSE26682,fixed_log_expression,svm_rbf,brier_skill,-0.36276510310861654,-0.3627651031086165,5.551115123125783e-17
GEO_LOCO,GSE26682,fixed_log_expression,svm_rbf,ici,0.3329665393355513,0.3329665393355513,0.0
GEO_LOCO,GSE26682,fixed_log_expression,xgboost,auroc,0.741830065359477,0.741830065359477,0.0
GEO_LOCO,GSE26682,fixed_log_expression,xgboost,balanced_accuracy,0.6928104575163399,0.6928104575163399,0.0
GEO_LOCO,GSE26682,fixed_log_expression,xgboost,brier,0.17704177739712187,0.1770417839288711,6.531749224825134e-09
GEO_LOCO,GSE26682,fixed_log_expression,xgboost,brier_skill,-0.5513058449890667,-0.5513059022226809,5.7233614292329094e-08
GEO_LOCO,GSE26682,fixed_log_expression,xgboost,ici,0.36345640423198416,0.3634564042319842,5.551115123125783e-17
GEO_LOCO,GSE26682,single_sample_rank,elastic_net,auroc,0.9374416433239963,0.9374416433239964,1.1102230246251565e-16
GEO_LOCO,GSE26682,single_sample_rank,elastic_net,balanced_accuracy,0.8587768440709618,0.8587768440709618,0.0
GEO_LOCO,GSE26682,single_sample_rank,elastic_net,brier,0.1659594515814332,0.1659594476222992,3.9591339928701785e-09
GEO_LOCO,GSE26682,single_sample_rank,elastic_net,brier_skill,-0.45419838783002775,-0.4541983531386244,3.4691403361097883e-08
GEO_LOCO,GSE26682,single_sample_rank,elastic_net,ici,0.21150836080864613,0.2115083608086461,2.7755575615628914e-17
GEO_LOCO,GSE26682,single_sample_rank,svm_rbf,auroc,0.9234360410831,0.9234360410831,0.0
GEO_LOCO,GSE26682,single_sample_rank,svm_rbf,balanced_accuracy,0.6570961718020542,0.6570961718020542,0.0
GEO_LOCO,GSE26682,single_sample_rank,svm_rbf,brier,0.23042019076343914,0.2304201907634391,5.551115123125783e-17
GEO_LOCO,GSE26682,single_sample_rank,svm_rbf,brier_skill,-1.0190273391405178,-1.0190273391405178,0.0
GEO_LOCO,GSE26682,single_sample_rank,svm_rbf,ici,0.3883174895465685,0.3883174895465683,1.6653345369377348e-16
GEO_LOCO,GSE26682,single_sample_rank,xgboost,auroc,0.8949579831932772,0.8949579831932772,0.0
GEO_LOCO,GSE26682,single_sample_rank,xgboost,balanced_accuracy,0.8562091503267973,0.8562091503267973,0.0
GEO_LOCO,GSE26682,single_sample_rank,xgboost,brier,0.12188764886511931,0.1218876540660858,5.200966490814807e-09
GEO_LOCO,GSE26682,single_sample_rank,xgboost,brier_skill,-0.06802487467293394,-0.0680249202457352,4.5572801254945006e-08
GEO_LOCO,GSE26682,single_sample_rank,xgboost,ici,0.1836253239337418,0.1836253239337418,0.0
GEO_LOCO,GSE26682,target_cohort_adaptive_zscore,elastic_net,auroc,0.9173669467787114,0.9173669467787114,0.0
GEO_LOCO,GSE26682,target_cohort_adaptive_zscore,elastic_net,balanced_accuracy,0.8562091503267973,0.8562091503267973,0.0
GEO_LOCO,GSE26682,target_cohort_adaptive_zscore,elastic_net,brier,0.1363519861221728,0.1363519877195358,1.5973629918786258e-09
GEO_LOCO,GSE26682,target_cohort_adaptive_zscore,elastic_net,brier_skill,-0.1947667728884508,-0.194766786885139,1.3996688197348561e-08
GEO_LOCO,GSE26682,target_cohort_adaptive_zscore,elastic_net,ici,0.1740395859141507,0.1740395859141507,0.0
GEO_LOCO,GSE26682,target_cohort_adaptive_zscore,svm_rbf,auroc,0.9183006535947712,0.9183006535947712,0.0
GEO_LOCO,GSE26682,target_cohort_adaptive_zscore,svm_rbf,balanced_accuracy,0.8309990662931839,0.8309990662931839,0.0
GEO_LOCO,GSE26682,target_cohort_adaptive_zscore,svm_rbf,brier,0.06463712948468323,0.0646371294846832,2.7755575615628914e-17
GEO_LOCO,GSE26682,target_cohort_adaptive_zscore,svm_rbf,brier_skill,0.43362545130811414,0.4336254513081141,5.551115123125783e-17
GEO_LOCO,GSE26682,target_cohort_adaptive_zscore,svm_rbf,ici,0.08470731745500021,0.0847073174550002,1.3877787807814457e-17
GEO_LOCO,GSE26682,target_cohort_adaptive_zscore,xgboost,auroc,0.9150326797385621,0.915032679738562,1.1102230246251565e-16
GEO_LOCO,GSE26682,target_cohort_adaptive_zscore,xgboost,balanced_accuracy,0.8646125116713352,0.8646125116713352,0.0
GEO_LOCO,GSE26682,target_cohort_adaptive_zscore,xgboost,brier,0.08816488085520183,0.0881648808717727,1.6570869676435507e-11
GEO_LOCO,GSE26682,target_cohort_adaptive_zscore,xgboost,brier_skill,0.2274665505269453,0.2274665503817445,1.4520082358693287e-10
GEO_LOCO,GSE26682,target_cohort_adaptive_zscore,xgboost,ici,0.1582847248466671,0.1582847248466671,0.0
GEO_LOCO,GSE39084,fixed_log_expression,elastic_net,auroc,0.9509803921568627,0.9509803921568628,1.1102230246251565e-16
GEO_LOCO,GSE39084,fixed_log_expression,elastic_net,balanced_accuracy,0.9295343137254901,0.92953431372549,1.1102230246251565e-16
GEO_LOCO,GSE39084,fixed_log_expression,elastic_net,brier,0.07189849597150036,0.0718984976410865,1.6695861360105368e-09
GEO_LOCO,GSE39084,fixed_log_expression,elastic_net,brier_skill,0.6044701612548222,0.604470152070052,9.184770277670395e-09
GEO_LOCO,GSE39084,fixed_log_expression,elastic_net,ici,0.04300214845775192,0.0430021484577519,1.3877787807814457e-17
GEO_LOCO,GSE39084,fixed_log_expression,svm_rbf,auroc,0.5894607843137255,0.5894607843137255,0.0
GEO_LOCO,GSE39084,fixed_log_expression,svm_rbf,balanced_accuracy,0.5,0.5,0.0
GEO_LOCO,GSE39084,fixed_log_expression,svm_rbf,brier,0.22882462459055267,0.2288246245905526,5.551115123125783e-17
GEO_LOCO,GSE39084,fixed_log_expression,svm_rbf,brier_skill,-0.2588158575820967,-0.2588158575820967,0.0
GEO_LOCO,GSE39084,fixed_log_expression,svm_rbf,ici,0.21045039318117192,0.2104503931811718,1.1102230246251565e-16
GEO_LOCO,GSE39084,fixed_log_expression,xgboost,auroc,0.5514705882352942,0.5514705882352942,0.0
GEO_LOCO,GSE39084,fixed_log_expression,xgboost,balanced_accuracy,0.5,0.5,0.0
GEO_LOCO,GSE39084,fixed_log_expression,xgboost,brier,0.19694143869048938,0.1969414353370666,3.3534227894538304e-09
GEO_LOCO,GSE39084,fixed_log_expression,xgboost,brier_skill,-0.08341926260000831,-0.0834192441520738,1.8447934513332598e-08
GEO_LOCO,GSE39084,fixed_log_expression,xgboost,ici,0.14278481792257808,0.142784817922578,8.326672684688674e-17
GEO_LOCO,GSE39084,single_sample_rank,elastic_net,auroc,0.9852941176470589,0.9852941176470588,1.1102230246251565e-16
GEO_LOCO,GSE39084,single_sample_rank,elastic_net,balanced_accuracy,0.9375,0.9375,0.0
GEO_LOCO,GSE39084,single_sample_rank,elastic_net,brier,0.057212993673710855,0.0572129935026168,1.7109405558990431e-10
GEO_LOCO,GSE39084,single_sample_rank,elastic_net,brier_skill,0.6852584208317549,0.6852584217729814,9.412264301289497e-10
GEO_LOCO,GSE39084,single_sample_rank,elastic_net,ici,0.07810867179316076,0.0781086717931607,6.938893903907228e-17
GEO_LOCO,GSE39084,single_sample_rank,svm_rbf,auroc,0.9950980392156863,0.9950980392156864,1.1102230246251565e-16
GEO_LOCO,GSE39084,single_sample_rank,svm_rbf,balanced_accuracy,0.96875,0.96875,0.0
GEO_LOCO,GSE39084,single_sample_rank,svm_rbf,brier,0.03091645358762915,0.0309164535876291,4.85722573273506e-17
GEO_LOCO,GSE39084,single_sample_rank,svm_rbf,brier_skill,0.8299216174572706,0.8299216174572704,1.1102230246251565e-16
GEO_LOCO,GSE39084,single_sample_rank,svm_rbf,ici,0.07872582597949154,0.0787258259794915,4.163336342344337e-17
GEO_LOCO,GSE39084,single_sample_rank,xgboost,auroc,1.0,1.0,0.0
GEO_LOCO,GSE39084,single_sample_rank,xgboost,balanced_accuracy,0.96875,0.96875,0.0
GEO_LOCO,GSE39084,single_sample_rank,xgboost,brier,0.03157250420838985,0.0315725058317184,1.6233285549116516e-09
GEO_LOCO,GSE39084,single_sample_rank,xgboost,brier_skill,0.8263125350594828,0.8263125261291862,8.930296613307576e-09
GEO_LOCO,GSE39084,single_sample_rank,xgboost,ici,0.08308093300908374,0.0830809330090837,4.163336342344337e-17
GEO_LOCO,GSE39084,target_cohort_adaptive_zscore,elastic_net,auroc,0.9938725490196079,0.993872549019608,1.1102230246251565e-16
GEO_LOCO,GSE39084,target_cohort_adaptive_zscore,elastic_net,balanced_accuracy,0.9491421568627452,0.9491421568627452,0.0
GEO_LOCO,GSE39084,target_cohort_adaptive_zscore,elastic_net,brier,0.032328382816186496,0.0323283858597278,3.043541300928876e-09
GEO_LOCO,GSE39084,target_cohort_adaptive_zscore,elastic_net,brier_skill,0.822154276394778,0.8221542596515706,1.674320737610202e-08
GEO_LOCO,GSE39084,target_cohort_adaptive_zscore,elastic_net,ici,0.027226208017299004,0.027226208017299,3.469446951953614e-18
GEO_LOCO,GSE39084,target_cohort_adaptive_zscore,svm_rbf,auroc,1.0,1.0,0.0
GEO_LOCO,GSE39084,target_cohort_adaptive_zscore,svm_rbf,balanced_accuracy,0.9215686274509804,0.9215686274509804,0.0
GEO_LOCO,GSE39084,target_cohort_adaptive_zscore,svm_rbf,brier,0.008066356025652036,0.008066356025652,3.642919299551295e-17
GEO_LOCO,GSE39084,target_cohort_adaptive_zscore,svm_rbf,brier_skill,0.9556251566186863,0.9556251566186864,1.1102230246251565e-16
GEO_LOCO,GSE39084,target_cohort_adaptive_zscore,svm_rbf,ici,0.04738453619575382,0.0473845361957538,2.0816681711721685e-17
GEO_LOCO,GSE39084,target_cohort_adaptive_zscore,xgboost,auroc,1.0,1.0,0.0
GEO_LOCO,GSE39084,target_cohort_adaptive_zscore,xgboost,balanced_accuracy,1.0,1.0,0.0
GEO_LOCO,GSE39084,target_cohort_adaptive_zscore,xgboost,brier,0.008472570296263107,0.0084725711494684,8.532052928750256e-10
GEO_LOCO,GSE39084,target_cohort_adaptive_zscore,xgboost,brier_skill,0.9533904803187192,0.9533904756250444,4.693674782174639e-09
GEO_LOCO,GSE39084,target_cohort_adaptive_zscore,xgboost,ici,0.040074160438493045,0.040074160438493,4.163336342344337e-17
TCGA_to_GEO,GSE13067,fixed_log_expression,elastic_net,auroc,0.9985569985569986,0.9985569985569986,0.0
TCGA_to_GEO,GSE13067,fixed_log_expression,elastic_net,balanced_accuracy,0.7142857142857143,0.7142857142857143,0.0
TCGA_to_GEO,GSE13067,fixed_log_expression,elastic_net,brier,0.40520060606944136,0.4052006304264068,2.4356965444560785e-08
TCGA_to_GEO,GSE13067,fixed_log_expression,elastic_net,brier_skill,-2.201844904525629,-2.201845096991348,1.924657189178447e-07
TCGA_to_GEO,GSE13067,fixed_log_expression,elastic_net,ici,0.48524573082994626,0.4852457308299462,5.551115123125783e-17
TCGA_to_GEO,GSE13067,fixed_log_expression,svm_rbf,auroc,0.9942279942279941,0.994227994227994,1.1102230246251565e-16
TCGA_to_GEO,GSE13067,fixed_log_expression,svm_rbf,balanced_accuracy,0.9386724386724387,0.9386724386724388,1.1102230246251565e-16
TCGA_to_GEO,GSE13067,fixed_log_expression,svm_rbf,brier,0.11855700629092468,0.1185570062909246,8.326672684688674e-17
TCGA_to_GEO,GSE13067,fixed_log_expression,svm_rbf,brier_skill,0.06317724899119259,0.0631772489911925,9.71445146547012e-17
TCGA_to_GEO,GSE13067,fixed_log_expression,svm_rbf,ici,0.2648873704643859,0.2648873704643859,0.0
TCGA_to_GEO,GSE13067,fixed_log_expression,xgboost,auroc,0.9090909090909091,0.9090909090909092,1.1102230246251565e-16
TCGA_to_GEO,GSE13067,fixed_log_expression,xgboost,balanced_accuracy,0.7683982683982684,0.7683982683982684,0.0
TCGA_to_GEO,GSE13067,fixed_log_expression,xgboost,brier,0.09040091651933425,0.0904009118676185,4.65171574870471e-09
TCGA_to_GEO,GSE13067,fixed_log_expression,xgboost,brier_skill,0.28566317624837756,0.2856632130056576,3.675728005303469e-08
TCGA_to_GEO,GSE13067,fixed_log_expression,xgboost,ici,0.13680215574761107,0.1368021557476111,2.7755575615628914e-17
TCGA_to_GEO,GSE13067,single_sample_rank,compact_rank_20,auroc,1.0,1.0,0.0
TCGA_to_GEO,GSE13067,single_sample_rank,compact_rank_20,balanced_accuracy,0.9761904761904762,0.9761904761904762,0.0
TCGA_to_GEO,GSE13067,single_sample_rank,compact_rank_20,brier,0.03274117287894288,0.0327411728789428,8.326672684688674e-17
TCGA_to_GEO,GSE13067,single_sample_rank,compact_rank_20,brier_skill,0.7412833150287284,0.7412833150287284,0.0
TCGA_to_GEO,GSE13067,single_sample_rank,compact_rank_20,ici,0.07753685042818591,0.0775368504281859,1.3877787807814457e-17
TCGA_to_GEO,GSE13067,single_sample_rank,elastic_net,auroc,1.0,1.0,0.0
TCGA_to_GEO,GSE13067,single_sample_rank,elastic_net,balanced_accuracy,0.9841269841269842,0.9841269841269842,0.0
TCGA_to_GEO,GSE13067,single_sample_rank,elastic_net,brier,0.009393030580604528,0.009393029846251,7.343535276399527e-10
TCGA_to_GEO,GSE13067,single_sample_rank,elastic_net,brier_skill,0.9257774380095377,0.925777443812308,5.802770264295987e-09
TCGA_to_GEO,GSE13067,single_sample_rank,elastic_net,ici,0.030172037639944395,0.0301720376399444,3.469446951953614e-18
TCGA_to_GEO,GSE13067,single_sample_rank,svm_rbf,auroc,0.5,0.5,0.0
TCGA_to_GEO,GSE13067,single_sample_rank,svm_rbf,balanced_accuracy,0.5,0.5,0.0
TCGA_to_GEO,GSE13067,single_sample_rank,svm_rbf,brier,0.13206015640070753,0.1320601564007075,2.7755575615628914e-17
TCGA_to_GEO,GSE13067,single_sample_rank,svm_rbf,brier_skill,-0.0435229674607136,-0.0435229674607136,0.0
TCGA_to_GEO,GSE13067,single_sample_rank,svm_rbf,ici,0.07421541953750775,0.0742154195375077,5.551115123125783e-17
TCGA_to_GEO,GSE13067,single_sample_rank,xgboost,auroc,0.9538239538239539,0.953823953823954,1.1102230246251565e-16
TCGA_to_GEO,GSE13067,single_sample_rank,xgboost,balanced_accuracy,0.8412698412698413,0.8412698412698413,0.0
TCGA_to_GEO,GSE13067,single_sample_rank,xgboost,brier,0.07780504100489763,0.0778050422668457,1.2619480738162991e-09
TCGA_to_GEO,GSE13067,single_sample_rank,xgboost,brier_skill,0.385194221438933,0.3851942114671759,9.971757086724153e-09
TCGA_to_GEO,GSE13067,single_sample_rank,xgboost,ici,0.1517973260673629,0.1517973260673629,0.0
TCGA_to_GEO,GSE13067,target_cohort_adaptive_zscore,elastic_net,auroc,0.9971139971139971,0.9971139971139972,1.1102230246251565e-16
TCGA_to_GEO,GSE13067,target_cohort_adaptive_zscore,elastic_net,balanced_accuracy,0.9841269841269842,0.9841269841269842,0.0
TCGA_to_GEO,GSE13067,target_cohort_adaptive_zscore,elastic_net,brier,0.052963425646072204,0.0529634207487106,4.897361606526207e-09
TCGA_to_GEO,GSE13067,target_cohort_adaptive_zscore,elastic_net,brier_skill,0.5814895832065059,0.5814896219048493,3.869834341863054e-08
TCGA_to_GEO,GSE13067,target_cohort_adaptive_zscore,elastic_net,ici,0.10816454926966462,0.1081645492696646,2.7755575615628914e-17
TCGA_to_GEO,GSE13067,target_cohort_adaptive_zscore,svm_rbf,auroc,0.9942279942279942,0.9942279942279942,0.0
TCGA_to_GEO,GSE13067,target_cohort_adaptive_zscore,svm_rbf,balanced_accuracy,0.9466089466089466,0.9466089466089466,0.0
TCGA_to_GEO,GSE13067,target_cohort_adaptive_zscore,svm_rbf,brier,0.02497144099362265,0.0249714409936226,5.204170427930421e-17
TCGA_to_GEO,GSE13067,target_cohort_adaptive_zscore,svm_rbf,brier_skill,0.8026787721773772,0.8026787721773772,0.0
TCGA_to_GEO,GSE13067,target_cohort_adaptive_zscore,svm_rbf,ici,0.03126234011349911,0.0312623401134991,1.3877787807814457e-17
TCGA_to_GEO,GSE13067,target_cohort_adaptive_zscore,xgboost,auroc,0.9884559884559884,0.9884559884559884,0.0
TCGA_to_GEO,GSE13067,target_cohort_adaptive_zscore,xgboost,balanced_accuracy,0.9603174603174602,0.9603174603174602,0.0
TCGA_to_GEO,GSE13067,target_cohort_adaptive_zscore,xgboost,brier,0.035699559425541504,0.0356995537877082,5.63783330437273e-09
TCGA_to_GEO,GSE13067,target_cohort_adaptive_zscore,xgboost,brier_skill,0.7179065116677269,0.7179065562171854,4.4549458455556135e-08
TCGA_to_GEO,GSE13067,target_cohort_adaptive_zscore,xgboost,ici,0.0528631996100851,0.0528631996100851,0.0
TCGA_to_GEO,GSE13294,fixed_log_expression,elastic_net,auroc,0.9572094572094572,0.9572094572094572,0.0
TCGA_to_GEO,GSE13294,fixed_log_expression,elastic_net,balanced_accuracy,0.8964368964368964,0.8964368964368964,0.0
TCGA_to_GEO,GSE13294,fixed_log_expression,elastic_net,brier,0.10073190840937529,0.1007319018244743,6.5849009994733976e-09
TCGA_to_GEO,GSE13294,fixed_log_expression,elastic_net,brier_skill,0.5970555944829767,0.597055620823677,2.6340700287619256e-08
TCGA_to_GEO,GSE13294,fixed_log_expression,elastic_net,ici,0.10496646619371373,0.1049664661937137,2.7755575615628914e-17
TCGA_to_GEO,GSE13294,fixed_log_expression,svm_rbf,auroc,0.9523809523809526,0.9523809523809526,0.0
TCGA_to_GEO,GSE13294,fixed_log_expression,svm_rbf,balanced_accuracy,0.8973526473526474,0.8973526473526474,0.0
TCGA_to_GEO,GSE13294,fixed_log_expression,svm_rbf,brier,0.09575720267021098,0.0957572026702109,8.326672684688674e-17
TCGA_to_GEO,GSE13294,fixed_log_expression,svm_rbf,brier_skill,0.6169552457289679,0.6169552457289679,0.0
TCGA_to_GEO,GSE13294,fixed_log_expression,svm_rbf,ici,0.11934324105642688,0.1193432410564269,1.3877787807814457e-17
TCGA_to_GEO,GSE13294,fixed_log_expression,xgboost,auroc,0.9095904095904096,0.9095904095904096,0.0
TCGA_to_GEO,GSE13294,fixed_log_expression,xgboost,balanced_accuracy,0.8644688644688645,0.8644688644688645,0.0
TCGA_to_GEO,GSE13294,fixed_log_expression,xgboost,brier,0.20194069255497107,0.2019406855106353,7.044335781358768e-09
TCGA_to_GEO,GSE13294,fixed_log_expression,xgboost,brier_skill,0.19220360662118208,0.1922036347996978,2.8178515715238106e-08
TCGA_to_GEO,GSE13294,fixed_log_expression,xgboost,ici,0.2143422085884521,0.214342208588452,1.1102230246251565e-16
TCGA_to_GEO,GSE13294,single_sample_rank,compact_rank_20,auroc,0.9597069597069597,0.9597069597069596,1.1102230246251565e-16
TCGA_to_GEO,GSE13294,single_sample_rank,compact_rank_20,balanced_accuracy,0.9030969030969032,0.9030969030969032,0.0
TCGA_to_GEO,GSE13294,single_sample_rank,compact_rank_20,brier,0.07459177440067194,0.0745917744006719,4.163336342344337e-17
TCGA_to_GEO,GSE13294,single_sample_rank,compact_rank_20,brier_skill,0.701620482854455,0.701620482854455,0.0
TCGA_to_GEO,GSE13294,single_sample_rank,compact_rank_20,ici,0.05295713313406854,0.0529571331340685,3.469446951953614e-17
TCGA_to_GEO,GSE13294,single_sample_rank,elastic_net,auroc,0.9595404595404595,0.9595404595404596,1.1102230246251565e-16
TCGA_to_GEO,GSE13294,single_sample_rank,elastic_net,balanced_accuracy,0.916083916083916,0.916083916083916,0.0
TCGA_to_GEO,GSE13294,single_sample_rank,elastic_net,brier,0.06469218070077883,0.0646921843290329,3.6282540721854772e-09
TCGA_to_GEO,GSE13294,single_sample_rank,elastic_net,brier_skill,0.7412205059380268,0.7412204914244064,1.4513620416600759e-08
TCGA_to_GEO,GSE13294,single_sample_rank,elastic_net,ici,0.033543325678456845,0.0335433256784568,4.163336342344337e-17
TCGA_to_GEO,GSE13294,single_sample_rank,svm_rbf,auroc,0.5,0.5,0.0
TCGA_to_GEO,GSE13294,single_sample_rank,svm_rbf,balanced_accuracy,0.5,0.5,0.0
TCGA_to_GEO,GSE13294,single_sample_rank,svm_rbf,brier,0.328592298455965,0.328592298455965,0.0
TCGA_to_GEO,GSE13294,single_sample_rank,svm_rbf,brier_skill,-0.31442390449626356,-0.3144239044962635,5.551115123125783e-17
TCGA_to_GEO,GSE13294,single_sample_rank,svm_rbf,ici,0.28036173826545646,0.2803617382654564,5.551115123125783e-17
TCGA_to_GEO,GSE13294,single_sample_rank,xgboost,auroc,0.935980685980686,0.935980685980686,0.0
TCGA_to_GEO,GSE13294,single_sample_rank,xgboost,balanced_accuracy,0.8708791208791209,0.8708791208791209,0.0
TCGA_to_GEO,GSE13294,single_sample_rank,xgboost,brier,0.178980860076798,0.1789808571338653,2.9429327030872088e-09
TCGA_to_GEO,GSE13294,single_sample_rank,xgboost,brier_skill,0.28404675934980483,0.2840467711220253,1.1772220476213846e-08
TCGA_to_GEO,GSE13294,single_sample_rank,xgboost,ici,0.202411344189438,0.2024113441894379,1.1102230246251565e-16
TCGA_to_GEO,GSE13294,target_cohort_adaptive_zscore,elastic_net,auroc,0.9578754578754578,0.9578754578754578,0.0
TCGA_to_GEO,GSE13294,target_cohort_adaptive_zscore,elastic_net,balanced_accuracy,0.8717116217116216,0.8717116217116216,0.0
TCGA_to_GEO,GSE13294,target_cohort_adaptive_zscore,elastic_net,brier,0.08768407093300834,0.0876840651035308,5.829477539576189e-09
TCGA_to_GEO,GSE13294,target_cohort_adaptive_zscore,elastic_net,brier_skill,0.6492491168555569,0.6492491401744374,2.3318880493228278e-08
TCGA_to_GEO,GSE13294,target_cohort_adaptive_zscore,elastic_net,ici,0.09710662293571799,0.0971066229357179,9.71445146547012e-17
TCGA_to_GEO,GSE13294,target_cohort_adaptive_zscore,svm_rbf,auroc,0.9577089577089578,0.9577089577089578,0.0
TCGA_to_GEO,GSE13294,target_cohort_adaptive_zscore,svm_rbf,balanced_accuracy,0.717948717948718,0.717948717948718,0.0
TCGA_to_GEO,GSE13294,target_cohort_adaptive_zscore,svm_rbf,brier,0.18274668168775973,0.1827466816877597,2.7755575615628914e-17
TCGA_to_GEO,GSE13294,target_cohort_adaptive_zscore,svm_rbf,brier_skill,0.2689828458960327,0.2689828458960327,0.0
TCGA_to_GEO,GSE13294,target_cohort_adaptive_zscore,svm_rbf,ici,0.23422796635790266,0.2342279663579025,1.6653345369377348e-16
TCGA_to_GEO,GSE13294,target_cohort_adaptive_zscore,xgboost,auroc,0.9405594405594407,0.9405594405594409,1.1102230246251565e-16
TCGA_to_GEO,GSE13294,target_cohort_adaptive_zscore,xgboost,balanced_accuracy,0.8268398268398268,0.8268398268398268,0.0
TCGA_to_GEO,GSE13294,target_cohort_adaptive_zscore,xgboost,brier,0.19174205035976816,0.1917420476675033,2.6922648554972284e-09
TCGA_to_GEO,GSE13294,target_cohort_adaptive_zscore,xgboost,brier_skill,0.23299987347761741,0.2329998842471248,1.076950739697935e-08
TCGA_to_GEO,GSE13294,target_cohort_adaptive_zscore,xgboost,ici,0.2289480056353263,0.2289480056353263,0.0
TCGA_to_GEO,GSE18088,fixed_log_expression,elastic_net,auroc,0.9504643962848297,0.9504643962848296,1.1102230246251565e-16
TCGA_to_GEO,GSE18088,fixed_log_expression,elastic_net,balanced_accuracy,0.5,0.5,0.0
TCGA_to_GEO,GSE18088,fixed_log_expression,elastic_net,brier,0.6327246902051776,0.6327247023582458,1.215306821844564e-08
TCGA_to_GEO,GSE18088,fixed_log_expression,elastic_net,brier_skill,-1.751275007409201,-1.7512750602543536,5.2845152698210995e-08
TCGA_to_GEO,GSE18088,fixed_log_expression,elastic_net,ici,0.6203602592427119,0.6203602592427199,7.993605777301127e-15
TCGA_to_GEO,GSE18088,fixed_log_expression,svm_rbf,auroc,0.9427244582043344,0.9427244582043344,0.0
TCGA_to_GEO,GSE18088,fixed_log_expression,svm_rbf,balanced_accuracy,0.9589783281733746,0.9589783281733746,0.0
TCGA_to_GEO,GSE18088,fixed_log_expression,svm_rbf,brier,0.20872889481008772,0.2087288948100877,2.7755575615628914e-17
TCGA_to_GEO,GSE18088,fixed_log_expression,svm_rbf,brier_skill,0.09238472829483535,0.0923847282948352,1.5265566588595902e-16
TCGA_to_GEO,GSE18088,fixed_log_expression,svm_rbf,ici,0.33872604711667964,0.3387260471166796,5.551115123125783e-17
TCGA_to_GEO,GSE18088,fixed_log_expression,xgboost,auroc,0.9202786377708977,0.9202786377708976,1.1102230246251565e-16
TCGA_to_GEO,GSE18088,fixed_log_expression,xgboost,balanced_accuracy,0.826625386996904,0.826625386996904,0.0
TCGA_to_GEO,GSE18088,fixed_log_expression,xgboost,brier,0.16805089490065359,0.1680508852005005,9.700153097425002e-09
TCGA_to_GEO,GSE18088,fixed_log_expression,xgboost,brier_skill,0.26926476195675564,0.2692648041359042,4.2179148562748736e-08
TCGA_to_GEO,GSE18088,fixed_log_expression,xgboost,ici,0.22017834924398932,0.2201783492439892,1.1102230246251565e-16
TCGA_to_GEO,GSE18088,single_sample_rank,compact_rank_20,auroc,0.9736842105263157,0.9736842105263156,1.1102230246251565e-16
TCGA_to_GEO,GSE18088,single_sample_rank,compact_rank_20,balanced_accuracy,0.9210526315789473,0.9210526315789472,1.1102230246251565e-16
TCGA_to_GEO,GSE18088,single_sample_rank,compact_rank_20,brier,0.047947687887811744,0.0479476878878117,4.163336342344337e-17
TCGA_to_GEO,GSE18088,single_sample_rank,compact_rank_20,brier_skill,0.791509202357797,0.791509202357797,0.0
TCGA_to_GEO,GSE18088,single_sample_rank,compact_rank_20,ici,0.04235984617132734,0.0423598461713273,4.163336342344337e-17
TCGA_to_GEO,GSE18088,single_sample_rank,elastic_net,auroc,0.9736842105263157,0.9736842105263156,1.1102230246251565e-16
TCGA_to_GEO,GSE18088,single_sample_rank,elastic_net,balanced_accuracy,0.9210526315789473,0.9210526315789472,1.1102230246251565e-16
TCGA_to_GEO,GSE18088,single_sample_rank,elastic_net,brier,0.06165371571008125,0.0616537071764469,8.533634347773766e-09
TCGA_to_GEO,GSE18088,single_sample_rank,elastic_net,brier_skill,0.7319113197683929,0.7319113568751713,3.7106778427720144e-08
TCGA_to_GEO,GSE18088,single_sample_rank,elastic_net,ici,0.08566688049451233,0.0856668804945123,2.7755575615628914e-17
TCGA_to_GEO,GSE18088,single_sample_rank,svm_rbf,auroc,0.5,0.5,0.0
TCGA_to_GEO,GSE18088,single_sample_rank,svm_rbf,balanced_accuracy,0.5,0.5,0.0
TCGA_to_GEO,GSE18088,single_sample_rank,svm_rbf,brier,0.24836962701916404,0.248369627019164,2.7755575615628914e-17
TCGA_to_GEO,GSE18088,single_sample_rank,svm_rbf,brier_skill,-0.07998495711583864,-0.0799849571158386,4.163336342344337e-17
TCGA_to_GEO,GSE18088,single_sample_rank,svm_rbf,ici,0.13562649785157946,0.1356264978515794,5.551115123125783e-17
TCGA_to_GEO,GSE18088,single_sample_rank,xgboost,auroc,0.9380804953560371,0.9380804953560372,1.1102230246251565e-16
TCGA_to_GEO,GSE18088,single_sample_rank,xgboost,balanced_accuracy,0.903250773993808,0.903250773993808,0.0
TCGA_to_GEO,GSE18088,single_sample_rank,xgboost,brier,0.12139177740892466,0.1213917732238769,4.185047766669392e-09
TCGA_to_GEO,GSE18088,single_sample_rank,xgboost,brier_skill,0.4721524725361156,0.4721524907339468,1.8197831186395064e-08
TCGA_to_GEO,GSE18088,single_sample_rank,xgboost,ici,0.11985112752756558,0.1198511275275655,6.938893903907228e-17
TCGA_to_GEO,GSE18088,target_cohort_adaptive_zscore,elastic_net,auroc,0.9458204334365324,0.9458204334365324,0.0
TCGA_to_GEO,GSE18088,target_cohort_adaptive_zscore,elastic_net,balanced_accuracy,0.9473684210526316,0.9473684210526316,0.0
TCGA_to_GEO,GSE18088,target_cohort_adaptive_zscore,elastic_net,brier,0.03612953396488704,0.0361295342445373,2.7965026128118353e-10
TCGA_to_GEO,GSE18088,target_cohort_adaptive_zscore,elastic_net,brier_skill,0.8428980481310098,0.8428980469150071,1.2160026319207873e-09
TCGA_to_GEO,GSE18088,target_cohort_adaptive_zscore,elastic_net,ici,0.018289525675977504,0.0182895256759774,1.0408340855860843e-16
TCGA_to_GEO,GSE18088,target_cohort_adaptive_zscore,svm_rbf,auroc,0.9690402476780186,0.9690402476780186,0.0
TCGA_to_GEO,GSE18088,target_cohort_adaptive_zscore,svm_rbf,balanced_accuracy,0.8947368421052632,0.8947368421052632,0.0
TCGA_to_GEO,GSE18088,target_cohort_adaptive_zscore,svm_rbf,brier,0.05545940720075973,0.0554594072007597,2.7755575615628914e-17
TCGA_to_GEO,GSE18088,target_cohort_adaptive_zscore,svm_rbf,brier_skill,0.7588460141997925,0.7588460141997925,0.0
TCGA_to_GEO,GSE18088,target_cohort_adaptive_zscore,svm_rbf,ici,0.07656400908253023,0.0765640090825301,1.3877787807814457e-16
TCGA_to_GEO,GSE18088,target_cohort_adaptive_zscore,xgboost,auroc,0.9674922600619195,0.9674922600619196,1.1102230246251565e-16
TCGA_to_GEO,GSE18088,target_cohort_adaptive_zscore,xgboost,balanced_accuracy,0.9589783281733746,0.9589783281733746,0.0
TCGA_to_GEO,GSE18088,target_cohort_adaptive_zscore,xgboost,brier,0.06083889008942923,0.0608388856053352,4.484094026646623e-09
TCGA_to_GEO,GSE18088,target_cohort_adaptive_zscore,xgboost,brier_skill,0.7354544237442622,0.7354544432424355,1.9498173298160282e-08
TCGA_to_GEO,GSE18088,target_cohort_adaptive_zscore,xgboost,ici,0.06821016593523477,0.0682101659352347,6.938893903907228e-17
TCGA_to_GEO,GSE26682,fixed_log_expression,elastic_net,auroc,0.9570494864612511,0.9570494864612512,1.1102230246251565e-16
TCGA_to_GEO,GSE26682,fixed_log_expression,elastic_net,balanced_accuracy,0.5,0.5,0.0
TCGA_to_GEO,GSE26682,fixed_log_expression,elastic_net,brier,0.8671672702948808,0.8671672344207764,3.587410446481698e-08
TCGA_to_GEO,GSE26682,fixed_log_expression,elastic_net,brier_skill,-6.598441874960139,-6.598441560617905,3.143422340201596e-07
TCGA_to_GEO,GSE26682,fixed_log_expression,elastic_net,ici,0.8547733814797496,0.8547733814798797,1.3011813848606835e-13
TCGA_to_GEO,GSE26682,fixed_log_expression,svm_rbf,auroc,0.8249299719887956,0.8249299719887956,0.0
TCGA_to_GEO,GSE26682,fixed_log_expression,svm_rbf,balanced_accuracy,0.5,0.5,0.0
TCGA_to_GEO,GSE26682,fixed_log_expression,svm_rbf,brier,0.23974142419026712,0.2397414241902671,2.7755575615628914e-17
TCGA_to_GEO,GSE26682,fixed_log_expression,svm_rbf,brier_skill,-1.1007034503394602,-1.1007034503394602,0.0
TCGA_to_GEO,GSE26682,fixed_log_expression,svm_rbf,ici,0.35224320807086346,0.3522432080709031,3.963496197911809e-14
TCGA_to_GEO,GSE26682,fixed_log_expression,xgboost,auroc,0.5238095238095238,0.5238095238095238,0.0
TCGA_to_GEO,GSE26682,fixed_log_expression,xgboost,balanced_accuracy,0.5277777777777778,0.5277777777777778,0.0
TCGA_to_GEO,GSE26682,fixed_log_expression,xgboost,brier,0.11294339792451571,0.1129433959722518,1.952263919968722e-09
TCGA_to_GEO,GSE26682,fixed_log_expression,xgboost,brier_skill,0.010347975889245742,0.0103479929957068,1.7106461058444267e-08
TCGA_to_GEO,GSE26682,fixed_log_expression,xgboost,ici,0.14379645438089853,0.1437964543808985,2.7755575615628914e-17
TCGA_to_GEO,GSE26682,single_sample_rank,compact_rank_20,auroc,0.9831932773109244,0.9831932773109244,0.0
TCGA_to_GEO,GSE26682,single_sample_rank,compact_rank_20,balanced_accuracy,0.7899159663865547,0.7899159663865547,0.0
TCGA_to_GEO,GSE26682,single_sample_rank,compact_rank_20,brier,0.28720886424568637,0.2872088642456863,5.551115123125783e-17
TCGA_to_GEO,GSE26682,single_sample_rank,compact_rank_20,brier_skill,-1.5166307997326274,-1.5166307997326274,0.0
TCGA_to_GEO,GSE26682,single_sample_rank,compact_rank_20,ici,0.3642156718930771,0.3642156718930772,1.1102230246251565e-16
TCGA_to_GEO,GSE26682,single_sample_rank,elastic_net,auroc,0.9794584500466853,0.9794584500466852,1.1102230246251565e-16
TCGA_to_GEO,GSE26682,single_sample_rank,elastic_net,balanced_accuracy,0.8277310924369747,0.8277310924369747,0.0
TCGA_to_GEO,GSE26682,single_sample_rank,elastic_net,brier,0.13850656640496434,0.1385065615177154,4.887248938878486e-09
TCGA_to_GEO,GSE26682,single_sample_rank,elastic_net,brier_skill,-0.2136460060012959,-0.213645963177405,4.2823890905596684e-08
TCGA_to_GEO,GSE26682,single_sample_rank,elastic_net,ici,0.2202432980117665,0.2202432980117665,0.0
TCGA_to_GEO,GSE26682,single_sample_rank,svm_rbf,auroc,0.5436507936507936,0.5436507936507936,0.0
TCGA_to_GEO,GSE26682,single_sample_rank,svm_rbf,balanced_accuracy,0.5,0.5,0.0
TCGA_to_GEO,GSE26682,single_sample_rank,svm_rbf,brier,0.1224924324497408,0.1224924324497408,0.0
TCGA_to_GEO,GSE26682,single_sample_rank,svm_rbf,brier_skill,-0.07332421318822835,-0.0733242131882283,5.551115123125783e-17
TCGA_to_GEO,GSE26682,single_sample_rank,svm_rbf,ici,0.22690984761641225,0.2269098476164122,5.551115123125783e-17
TCGA_to_GEO,GSE26682,single_sample_rank,xgboost,auroc,0.9318394024276377,0.9318394024276376,1.1102230246251565e-16
TCGA_to_GEO,GSE26682,single_sample_rank,xgboost,balanced_accuracy,0.8604108309990663,0.8604108309990663,0.0
TCGA_to_GEO,GSE26682,single_sample_rank,xgboost,brier,0.06711618598249185,0.0671161785721778,7.410314042943789e-09
TCGA_to_GEO,GSE26682,single_sample_rank,xgboost,brier_skill,0.41190303701895914,0.4119031019508838,6.493192467038611e-08
TCGA_to_GEO,GSE26682,single_sample_rank,xgboost,ici,0.12486809357174808,0.124868093571748,8.326672684688674e-17
TCGA_to_GEO,GSE26682,target_cohort_adaptive_zscore,elastic_net,auroc,0.9677871148459385,0.9677871148459384,1.1102230246251565e-16
TCGA_to_GEO,GSE26682,target_cohort_adaptive_zscore,elastic_net,balanced_accuracy,0.8982259570494864,0.8982259570494864,0.0
TCGA_to_GEO,GSE26682,target_cohort_adaptive_zscore,elastic_net,brier,0.09231893737546384,0.0923189297318458,7.643618044061995e-09
TCGA_to_GEO,GSE26682,target_cohort_adaptive_zscore,elastic_net,brier_skill,0.19106716358539644,0.1910672305616176,6.697622115248159e-08
TCGA_to_GEO,GSE26682,target_cohort_adaptive_zscore,elastic_net,ici,0.12400573115932335,0.1240057311593234,4.163336342344337e-17
TCGA_to_GEO,GSE26682,target_cohort_adaptive_zscore,svm_rbf,auroc,0.9603174603174602,0.9603174603174602,0.0
TCGA_to_GEO,GSE26682,target_cohort_adaptive_zscore,svm_rbf,balanced_accuracy,0.9318394024276377,0.9318394024276376,1.1102230246251565e-16
TCGA_to_GEO,GSE26682,target_cohort_adaptive_zscore,svm_rbf,brier,0.04228507158346705,0.042285071583467,5.551115123125783e-17
TCGA_to_GEO,GSE26682,target_cohort_adaptive_zscore,svm_rbf,brier_skill,0.6294824890055588,0.6294824890055588,0.0
TCGA_to_GEO,GSE26682,target_cohort_adaptive_zscore,svm_rbf,ici,0.04931476008141556,0.0493147600814155,6.245004513516506e-17
TCGA_to_GEO,GSE26682,target_cohort_adaptive_zscore,xgboost,auroc,0.9710550887021476,0.9710550887021476,0.0
TCGA_to_GEO,GSE26682,target_cohort_adaptive_zscore,xgboost,balanced_accuracy,0.8898225957049486,0.8898225957049486,0.0
TCGA_to_GEO,GSE26682,target_cohort_adaptive_zscore,xgboost,brier,0.04398088653103709,0.0439808890223503,2.491313204344703e-09
TCGA_to_GEO,GSE26682,target_cohort_adaptive_zscore,xgboost,brier_skill,0.6146231282441479,0.6146231064143357,2.1829812180129693e-08
TCGA_to_GEO,GSE26682,target_cohort_adaptive_zscore,xgboost,ici,0.05983763489632415,0.0598376348963241,4.85722573273506e-17
TCGA_to_GEO,GSE39084,fixed_log_expression,elastic_net,auroc,0.9693627450980391,0.9693627450980392,1.1102230246251565e-16
TCGA_to_GEO,GSE39084,fixed_log_expression,elastic_net,balanced_accuracy,0.5392156862745098,0.5392156862745098,0.0
TCGA_to_GEO,GSE39084,fixed_log_expression,elastic_net,brier,0.5877475174630747,0.5877475738525391,5.6389464320183436e-08
TCGA_to_GEO,GSE39084,fixed_log_expression,elastic_net,brier_skill,-2.2333316248673314,-2.23333193507849,3.102111585384648e-07
TCGA_to_GEO,GSE39084,fixed_log_expression,elastic_net,ici,0.639245586600295,0.6392455866002952,2.220446049250313e-16
TCGA_to_GEO,GSE39084,fixed_log_expression,svm_rbf,auroc,0.9344362745098039,0.934436274509804,1.1102230246251565e-16
TCGA_to_GEO,GSE39084,fixed_log_expression,svm_rbf,balanced_accuracy,0.5625,0.5625,0.0
TCGA_to_GEO,GSE39084,fixed_log_expression,svm_rbf,brier,0.23319142384697059,0.2331914238469706,2.7755575615628914e-17
TCGA_to_GEO,GSE39084,fixed_log_expression,svm_rbf,brier_skill,-0.28283860496207236,-0.2828386049620723,5.551115123125783e-17
TCGA_to_GEO,GSE39084,fixed_log_expression,svm_rbf,ici,0.3247129469513323,0.3247129469513324,1.1102230246251565e-16
TCGA_to_GEO,GSE39084,fixed_log_expression,xgboost,auroc,0.8112745098039217,0.8112745098039217,0.0
TCGA_to_GEO,GSE39084,fixed_log_expression,xgboost,balanced_accuracy,0.6464460784313726,0.6464460784313726,0.0
TCGA_to_GEO,GSE39084,fixed_log_expression,xgboost,brier,0.16222115543462318,0.162221148610115,6.824508180791611e-09
TCGA_to_GEO,GSE39084,fixed_log_expression,xgboost,brier_skill,0.10758484467399088,0.1075848822171489,3.7543158026842605e-08
TCGA_to_GEO,GSE39084,fixed_log_expression,xgboost,ici,0.11247869004650914,0.1124786900465088,3.3306690738754696e-16
TCGA_to_GEO,GSE39084,single_sample_rank,compact_rank_20,auroc,0.9877450980392156,0.9877450980392156,0.0
TCGA_to_GEO,GSE39084,single_sample_rank,compact_rank_20,balanced_accuracy,0.875,0.875,0.0
TCGA_to_GEO,GSE39084,single_sample_rank,compact_rank_20,brier,0.04681236968933021,0.0468123696893302,1.3877787807814457e-17
TCGA_to_GEO,GSE39084,single_sample_rank,compact_rank_20,brier_skill,0.7424745986085743,0.7424745986085743,0.0
TCGA_to_GEO,GSE39084,single_sample_rank,compact_rank_20,ici,0.043459042089720144,0.0434590420897201,4.163336342344337e-17
TCGA_to_GEO,GSE39084,single_sample_rank,elastic_net,auroc,0.9926470588235294,0.9926470588235294,0.0
TCGA_to_GEO,GSE39084,single_sample_rank,elastic_net,balanced_accuracy,0.8125,0.8125,0.0
TCGA_to_GEO,GSE39084,single_sample_rank,elastic_net,brier,0.0818906327674449,0.0818906351923942,2.4249492969197206e-09
TCGA_to_GEO,GSE39084,single_sample_rank,elastic_net,brier_skill,0.5495011636114459,0.5495011502712527,1.334019317233981e-08
TCGA_to_GEO,GSE39084,single_sample_rank,elastic_net,ici,0.11039771081582,0.11039771081582,0.0
TCGA_to_GEO,GSE39084,single_sample_rank,svm_rbf,auroc,0.5,0.5,0.0
TCGA_to_GEO,GSE39084,single_sample_rank,svm_rbf,balanced_accuracy,0.5,0.5,0.0
TCGA_to_GEO,GSE39084,single_sample_rank,svm_rbf,brier,0.1820318230085285,0.1820318230085285,0.0
TCGA_to_GEO,GSE39084,single_sample_rank,svm_rbf,brier_skill,-0.0013981047613780273,-0.001398104761378,2.7321894746634712e-17
TCGA_to_GEO,GSE39084,single_sample_rank,svm_rbf,ici,0.015941901963097332,0.0159419019630973,3.122502256758253e-17
TCGA_to_GEO,GSE39084,single_sample_rank,xgboost,auroc,0.9926470588235294,0.9926470588235294,0.0
TCGA_to_GEO,GSE39084,single_sample_rank,xgboost,balanced_accuracy,0.9276960784313726,0.9276960784313726,0.0
TCGA_to_GEO,GSE39084,single_sample_rank,xgboost,brier,0.12388047451260434,0.1238804683089256,6.2036787373820346e-09
TCGA_to_GEO,GSE39084,single_sample_rank,xgboost,brier_skill,0.31850557587367545,0.3185056100015109,3.412783544654019e-08
TCGA_to_GEO,GSE39084,single_sample_rank,xgboost,ici,0.18504800583735997,0.1850480058373599,8.326672684688674e-17
TCGA_to_GEO,GSE39084,target_cohort_adaptive_zscore,elastic_net,auroc,0.9754901960784313,0.9754901960784312,1.1102230246251565e-16
TCGA_to_GEO,GSE39084,target_cohort_adaptive_zscore,elastic_net,balanced_accuracy,0.9197303921568627,0.9197303921568628,1.1102230246251565e-16
TCGA_to_GEO,GSE39084,target_cohort_adaptive_zscore,elastic_net,brier,0.07173834203595442,0.0717383325099945,9.525959909773007e-09
TCGA_to_GEO,GSE39084,target_cohort_adaptive_zscore,elastic_net,brier_skill,0.6053512041674027,0.6053512565718562,5.240445344334432e-08
TCGA_to_GEO,GSE39084,target_cohort_adaptive_zscore,elastic_net,ici,0.0839273507948259,0.0839273507948259,0.0
TCGA_to_GEO,GSE39084,target_cohort_adaptive_zscore,svm_rbf,auroc,0.9681372549019608,0.9681372549019608,0.0
TCGA_to_GEO,GSE39084,target_cohort_adaptive_zscore,svm_rbf,balanced_accuracy,0.8026960784313726,0.8026960784313726,0.0
TCGA_to_GEO,GSE39084,target_cohort_adaptive_zscore,svm_rbf,brier,0.04852413066524361,0.0485241306652436,6.938893903907228e-18
TCGA_to_GEO,GSE39084,target_cohort_adaptive_zscore,svm_rbf,brier_skill,0.7330578154947567,0.7330578154947567,0.0
TCGA_to_GEO,GSE39084,target_cohort_adaptive_zscore,svm_rbf,ici,0.04350828514540319,0.0435082851454031,9.020562075079397e-17
TCGA_to_GEO,GSE39084,target_cohort_adaptive_zscore,xgboost,auroc,0.9595588235294117,0.9595588235294116,1.1102230246251565e-16
TCGA_to_GEO,GSE39084,target_cohort_adaptive_zscore,xgboost,balanced_accuracy,0.8982843137254901,0.8982843137254901,0.0
TCGA_to_GEO,GSE39084,target_cohort_adaptive_zscore,xgboost,brier,0.06513502712762007,0.0651350319385528,4.810932735521689e-09
TCGA_to_GEO,GSE39084,target_cohort_adaptive_zscore,xgboost,brier_skill,0.6416775284609235,0.6416775019948973,2.6466026259441833e-08
TCGA_to_GEO,GSE39084,target_cohort_adaptive_zscore,xgboost,ici,0.03721411520770718,0.0372141152077072,2.0816681711721685e-17
