sample_id,label
GSM335510,MSS
GSM335511,MSI
GSM335512,MSS
GSM335513,MSS
GSM335514,MSS
GSM335515,MSS
GSM335516,MSS
GSM335517,MSS
GSM335518,MSI
GSM335519,MSI
GSM335520,MSS
GSM335521,MSS
GSM335522,MSS
GSM335523,MSS
GSM335524,MSS
GSM335525,MSI
GSM335526,MSS
GSM335527,MSI
GSM335528,MSS
GSM335529,MSI
GSM335530,MSI
GSM335531,MSS
GSM335532,MSI
GSM335533,MSS
GSM335534,MSS
GSM335535,MSS
GSM335536,MSS
GSM335537,MSS
GSM335538,MSS
GSM335539,MSS
GSM335540,MSS
GSM335541,MSI
GSM335542,MSI
GSM335543,MSI
GSM335544,MSI
GSM335545,MSI
GSM335546,MSI
GSM335547,MSS
GSM335548,MSS
GSM335549,MSS
GSM335550,MSS
GSM335551,MSI
GSM335552,MSS
GSM335553,MSS
GSM335554,MSS
GSM335555,MSI
GSM335556,MSS
GSM335557,MSS
GSM335558,MSS
GSM335559,MSI
GSM335560,MSI
GSM335561,MSS
GSM335562,MSI
GSM335563,MSI
GSM335564,MSS
GSM335565,MSI
GSM335566,MSI
GSM335567,MSS
GSM335568,MSS
GSM335569,MSS
GSM335570,MSS
GSM335571,MSS
GSM335572,MSS
GSM335573,MSI
GSM335574,MSI
GSM335575,MSS
GSM335576,MSI
GSM335577,MSI
GSM335578,MSI
GSM335579,MSS
GSM335580,MSS
GSM335581,MSS
GSM335582,MSS
GSM335583,MSS
GSM335584,MSS
GSM335585,MSI
GSM335586,MSS
GSM335587,MSS
GSM335588,MSS
GSM335589,MSS
GSM335590,MSS
GSM335591,MSS
GSM335592,MSS
GSM335593,MSS
GSM335594,MSS
GSM335595,MSI
GSM335596,MSS
GSM335597,MSI
GSM335598,MSS
GSM335599,MSS
GSM335600,MSS
GSM335601,MSS
GSM335602,MSS
GSM335603,MSS
GSM335604,MSS
GSM335605,MSS
GSM335606,MSS
GSM335607,MSS
GSM335608,MSS
GSM335609,MSS
GSM335610,MSS
GSM335611,MSS
GSM335612,MSS
GSM335613,MSS
GSM335614,MSI
GSM335615,MSS
GSM335616,MSS
GSM335617,MSS
GSM335618,MSI
GSM335619,MSI
GSM335620,MSI
GSM335621,MSI
GSM335622,MSI
GSM335623,MSI
GSM335624,MSI
GSM335625,MSI
GSM335626,MSI
GSM335627,MSI
GSM335628,MSI
GSM335629,MSI
GSM335630,MSI
GSM335631,MSI
GSM335632,MSI
GSM335633,MSI
GSM335634,MSI
GSM335635,MSI
GSM335636,MSI
GSM335637,MSI
GSM335638,MSI
GSM335639,MSI
GSM335640,MSI
GSM335641,MSI
GSM335642,MSI
GSM335643,MSI
GSM335644,MSI
GSM335645,MSI
GSM335646,MSI
GSM335647,MSI
GSM335648,MSI
GSM335649,MSI
GSM335650,MSI
GSM335651,MSI
GSM335652,MSI
GSM335653,MSI
GSM335654,MSI
GSM335655,MSI
GSM335656,MSI
GSM335657,MSI
GSM335658,MSI
GSM335659,MSI
GSM335660,MSI
GSM335661,MSI
GSM335662,MSI
GSM335663,MSI
GSM335664,MSI
