"cohort","sample_id","label","label_source","included_in_formal_benchmark","source_label_file"
"TCGA_COAD","TCGA-A6-2671-01A","MSS","GDC roster joined to cBioPortal MSI_STATUS","True","data/processed/coad_msi_probe_mean/TCGA_COAD_labels.csv"
"TCGA_COAD","TCGA-A6-2672-01A","MSI","GDC roster joined to cBioPortal MSI_STATUS","True","data/processed/coad_msi_probe_mean/TCGA_COAD_labels.csv"
"TCGA_COAD","TCGA-A6-2674-01A","MSS","GDC roster joined to cBioPortal MSI_STATUS","True","data/processed/coad_msi_probe_mean/TCGA_COAD_labels.csv"
"TCGA_COAD","TCGA-A6-2676-01A","MSI","GDC roster joined to cBioPortal MSI_STATUS","True","data/processed/coad_msi_probe_mean/TCGA_COAD_labels.csv"
"TCGA_COAD","TCGA-A6-2677-01A","MSS","GDC roster joined to cBioPortal MSI_STATUS","True","data/processed/coad_msi_probe_mean/TCGA_COAD_labels.csv"
"TCGA_COAD","TCGA-A6-2678-01A","MSS","GDC roster joined to cBioPortal MSI_STATUS","True","data/processed/coad_msi_probe_mean/TCGA_COAD_labels.csv"
"TCGA_COAD","TCGA-A6-2679-01A","MSS","GDC roster joined to cBioPortal MSI_STATUS","True","data/processed/coad_msi_probe_mean/TCGA_COAD_labels.csv"
"TCGA_COAD","TCGA-A6-2680-01A","MSS","GDC roster joined to cBioPortal MSI_STATUS","True","data/processed/coad_msi_probe_mean/TCGA_COAD_labels.csv"
"TCGA_COAD","TCGA-A6-2681-01A","MSS","GDC roster joined to cBioPortal MSI_STATUS","True","data/processed/coad_msi_probe_mean/TCGA_COAD_labels.csv"
"TCGA_COAD","TCGA-A6-2682-01A","MSS","GDC roster joined to cBioPortal MSI_STATUS","True","data/processed/coad_msi_probe_mean/TCGA_COAD_labels.csv"
"TCGA_COAD","TCGA-A6-2685-01A","MSS","GDC roster joined to cBioPortal MSI_STATUS","True","data/processed/coad_msi_probe_mean/TCGA_COAD_labels.csv"
"TCGA_COAD","TCGA-A6-2686-01A","MSI","GDC roster joined to cBioPortal MSI_STATUS","True","data/processed/coad_msi_probe_mean/TCGA_COAD_labels.csv"
"TCGA_COAD","TCGA-A6-3807-01A","MSS","GDC roster joined to cBioPortal MSI_STATUS","True","data/processed/coad_msi_probe_mean/TCGA_COAD_labels.csv"
"TCGA_COAD","TCGA-A6-3809-01A","MSI","GDC roster joined to cBioPortal MSI_STATUS","True","data/processed/coad_msi_probe_mean/TCGA_COAD_labels.csv"
"TCGA_COAD","TCGA-A6-3810-01A","MSS","GDC roster joined to cBioPortal MSI_STATUS","True","data/processed/coad_msi_probe_mean/TCGA_COAD_labels.csv"
"TCGA_COAD","TCGA-A6-4107-01A","MSS","GDC roster joined to cBioPortal MSI_STATUS","True","data/processed/coad_msi_probe_mean/TCGA_COAD_labels.csv"
"TCGA_COAD","TCGA-AA-3488-01A","MSS","GDC roster joined to cBioPortal MSI_STATUS","True","data/processed/coad_msi_probe_mean/TCGA_COAD_labels.csv"
"TCGA_COAD","TCGA-AA-3492-01A","MSI","GDC roster joined to cBioPortal MSI_STATUS","True","data/processed/coad_msi_probe_mean/TCGA_COAD_labels.csv"
"TCGA_COAD","TCGA-AA-3494-01A","MSS","GDC roster joined to cBioPortal MSI_STATUS","True","data/processed/coad_msi_probe_mean/TCGA_COAD_labels.csv"
"TCGA_COAD","TCGA-AA-3495-01A","MSS","GDC roster joined to cBioPortal MSI_STATUS","True","data/processed/coad_msi_probe_mean/TCGA_COAD_labels.csv"
"TCGA_COAD","TCGA-AA-3506-01A","MSS","GDC roster joined to cBioPortal MSI_STATUS","True","data/processed/coad_msi_probe_mean/TCGA_COAD_labels.csv"
"TCGA_COAD","TCGA-AA-3509-01A","MSS","GDC roster joined to cBioPortal MSI_STATUS","True","data/processed/coad_msi_probe_mean/TCGA_COAD_labels.csv"
"TCGA_COAD","TCGA-AA-3510-01A","MSS","GDC roster joined to cBioPortal MSI_STATUS","True","data/processed/coad_msi_probe_mean/TCGA_COAD_labels.csv"
"TCGA_COAD","TCGA-AA-3514-01A","MSS","GDC roster joined to cBioPortal MSI_STATUS","True","data/processed/coad_msi_probe_mean/TCGA_COAD_labels.csv"
"TCGA_COAD","TCGA-AA-3516-01A","MSI","GDC roster joined to cBioPortal MSI_STATUS","True","data/processed/coad_msi_probe_mean/TCGA_COAD_labels.csv"
"TCGA_COAD","TCGA-AA-3518-01A","MSI","GDC roster joined to cBioPortal MSI_STATUS","True","data/processed/coad_msi_probe_mean/TCGA_COAD_labels.csv"
"TCGA_COAD","TCGA-AA-3519-01A","MSS","GDC roster joined to cBioPortal MSI_STATUS","True","data/processed/coad_msi_probe_mean/TCGA_COAD_labels.csv"
"TCGA_COAD","TCGA-AA-3521-01A","MSS","GDC roster joined to cBioPortal MSI_STATUS","True","data/processed/coad_msi_probe_mean/TCGA_COAD_labels.csv"
"TCGA_COAD","TCGA-AA-3522-01A","MSS","GDC roster joined to cBioPortal MSI_STATUS","True","data/processed/coad_msi_probe_mean/TCGA_COAD_labels.csv"
"TCGA_COAD","TCGA-AA-3524-01A","MSS","GDC roster joined to cBioPortal MSI_STATUS","True","data/processed/coad_msi_probe_mean/TCGA_COAD_labels.csv"
"TCGA_COAD","TCGA-AA-3525-01A","MSI","GDC roster joined to cBioPortal MSI_STATUS","True","data/processed/coad_msi_probe_mean/TCGA_COAD_labels.csv"
"TCGA_COAD","TCGA-AA-3527-01A","MSS","GDC roster joined to cBioPortal MSI_STATUS","True","data/processed/coad_msi_probe_mean/TCGA_COAD_labels.csv"
"TCGA_COAD","TCGA-AA-3530-01A","MSS","GDC roster joined to cBioPortal MSI_STATUS","True","data/processed/coad_msi_probe_mean/TCGA_COAD_labels.csv"
"TCGA_COAD","TCGA-AA-3532-01A","MSS","GDC roster joined to cBioPortal MSI_STATUS","True","data/processed/coad_msi_probe_mean/TCGA_COAD_labels.csv"
"TCGA_COAD","TCGA-AA-3534-01A","MSS","GDC roster joined to cBioPortal MSI_STATUS","True","data/processed/coad_msi_probe_mean/TCGA_COAD_labels.csv"
"TCGA_COAD","TCGA-AA-3538-01A","MSS","GDC roster joined to cBioPortal MSI_STATUS","True","data/processed/coad_msi_probe_mean/TCGA_COAD_labels.csv"
"TCGA_COAD","TCGA-AA-3542-01A","MSS","GDC roster joined to cBioPortal MSI_STATUS","True","data/processed/coad_msi_probe_mean/TCGA_COAD_labels.csv"
"TCGA_COAD","TCGA-AA-3543-01A","MSI","GDC roster joined to cBioPortal MSI_STATUS","True","data/processed/coad_msi_probe_mean/TCGA_COAD_labels.csv"
"TCGA_COAD","TCGA-AA-3544-01A","MSS","GDC roster joined to cBioPortal MSI_STATUS","True","data/processed/coad_msi_probe_mean/TCGA_COAD_labels.csv"
"TCGA_COAD","TCGA-AA-3548-01A","MSS","GDC roster joined to cBioPortal MSI_STATUS","True","data/processed/coad_msi_probe_mean/TCGA_COAD_labels.csv"
"TCGA_COAD","TCGA-AA-3549-01A","MSS","GDC roster joined to cBioPortal MSI_STATUS","True","data/processed/coad_msi_probe_mean/TCGA_COAD_labels.csv"
"TCGA_COAD","TCGA-AA-3552-01A","MSS","GDC roster joined to cBioPortal MSI_STATUS","True","data/processed/coad_msi_probe_mean/TCGA_COAD_labels.csv"
"TCGA_COAD","TCGA-AA-3554-01A","MSI","GDC roster joined to cBioPortal MSI_STATUS","True","data/processed/coad_msi_probe_mean/TCGA_COAD_labels.csv"
"TCGA_COAD","TCGA-AA-3555-01A","MSS","GDC roster joined to cBioPortal MSI_STATUS","True","data/processed/coad_msi_probe_mean/TCGA_COAD_labels.csv"
"TCGA_COAD","TCGA-AA-3556-01A","MSS","GDC roster joined to cBioPortal MSI_STATUS","True","data/processed/coad_msi_probe_mean/TCGA_COAD_labels.csv"
"TCGA_COAD","TCGA-AA-3560-01A","MSS","GDC roster joined to cBioPortal MSI_STATUS","True","data/processed/coad_msi_probe_mean/TCGA_COAD_labels.csv"
"TCGA_COAD","TCGA-AA-3561-01A","MSS","GDC roster joined to cBioPortal MSI_STATUS","True","data/processed/coad_msi_probe_mean/TCGA_COAD_labels.csv"
"TCGA_COAD","TCGA-AA-3562-01A","MSS","GDC roster joined to cBioPortal MSI_STATUS","True","data/processed/coad_msi_probe_mean/TCGA_COAD_labels.csv"
"TCGA_COAD","TCGA-AA-3664-01A","MSS","GDC roster joined to cBioPortal MSI_STATUS","True","data/processed/coad_msi_probe_mean/TCGA_COAD_labels.csv"
"TCGA_COAD","TCGA-AA-3666-01A","MSS","GDC roster joined to cBioPortal MSI_STATUS","True","data/processed/coad_msi_probe_mean/TCGA_COAD_labels.csv"
"TCGA_COAD","TCGA-AA-3672-01A","MSI","GDC roster joined to cBioPortal MSI_STATUS","True","data/processed/coad_msi_probe_mean/TCGA_COAD_labels.csv"
"TCGA_COAD","TCGA-AA-3673-01A","MSS","GDC roster joined to cBioPortal MSI_STATUS","True","data/processed/coad_msi_probe_mean/TCGA_COAD_labels.csv"
"TCGA_COAD","TCGA-AA-3675-01A","MSS","GDC roster joined to cBioPortal MSI_STATUS","True","data/processed/coad_msi_probe_mean/TCGA_COAD_labels.csv"
"TCGA_COAD","TCGA-AA-3678-01A","MSS","GDC roster joined to cBioPortal MSI_STATUS","True","data/processed/coad_msi_probe_mean/TCGA_COAD_labels.csv"
"TCGA_COAD","TCGA-AA-3679-01A","MSS","GDC roster joined to cBioPortal MSI_STATUS","True","data/processed/coad_msi_probe_mean/TCGA_COAD_labels.csv"
"TCGA_COAD","TCGA-AA-3681-01A","MSS","GDC roster joined to cBioPortal MSI_STATUS","True","data/processed/coad_msi_probe_mean/TCGA_COAD_labels.csv"
"TCGA_COAD","TCGA-AA-3684-01A","MSS","GDC roster joined to cBioPortal MSI_STATUS","True","data/processed/coad_msi_probe_mean/TCGA_COAD_labels.csv"
"TCGA_COAD","TCGA-AA-3685-01A","MSS","GDC roster joined to cBioPortal MSI_STATUS","True","data/processed/coad_msi_probe_mean/TCGA_COAD_labels.csv"
"TCGA_COAD","TCGA-AA-3693-01A","MSS","GDC roster joined to cBioPortal MSI_STATUS","True","data/processed/coad_msi_probe_mean/TCGA_COAD_labels.csv"
"TCGA_COAD","TCGA-AA-3695-01A","MSS","GDC roster joined to cBioPortal MSI_STATUS","True","data/processed/coad_msi_probe_mean/TCGA_COAD_labels.csv"
"TCGA_COAD","TCGA-AA-3696-01A","MSS","GDC roster joined to cBioPortal MSI_STATUS","True","data/processed/coad_msi_probe_mean/TCGA_COAD_labels.csv"
"TCGA_COAD","TCGA-AA-3710-01A","MSI","GDC roster joined to cBioPortal MSI_STATUS","True","data/processed/coad_msi_probe_mean/TCGA_COAD_labels.csv"
"TCGA_COAD","TCGA-AA-3715-01A","MSI","GDC roster joined to cBioPortal MSI_STATUS","True","data/processed/coad_msi_probe_mean/TCGA_COAD_labels.csv"
"TCGA_COAD","TCGA-AA-3811-01A","MSI","GDC roster joined to cBioPortal MSI_STATUS","True","data/processed/coad_msi_probe_mean/TCGA_COAD_labels.csv"
"TCGA_COAD","TCGA-AA-3812-01A","MSS","GDC roster joined to cBioPortal MSI_STATUS","True","data/processed/coad_msi_probe_mean/TCGA_COAD_labels.csv"
"TCGA_COAD","TCGA-AA-3814-01A","MSS","GDC roster joined to cBioPortal MSI_STATUS","True","data/processed/coad_msi_probe_mean/TCGA_COAD_labels.csv"
"TCGA_COAD","TCGA-AA-3815-01A","MSI","GDC roster joined to cBioPortal MSI_STATUS","True","data/processed/coad_msi_probe_mean/TCGA_COAD_labels.csv"
"TCGA_COAD","TCGA-AA-3818-01A","MSS","GDC roster joined to cBioPortal MSI_STATUS","True","data/processed/coad_msi_probe_mean/TCGA_COAD_labels.csv"
"TCGA_COAD","TCGA-AA-3821-01A","MSI","GDC roster joined to cBioPortal MSI_STATUS","True","data/processed/coad_msi_probe_mean/TCGA_COAD_labels.csv"
"TCGA_COAD","TCGA-AA-3831-01A","MSS","GDC roster joined to cBioPortal MSI_STATUS","True","data/processed/coad_msi_probe_mean/TCGA_COAD_labels.csv"
"TCGA_COAD","TCGA-AA-3833-01A","MSI","GDC roster joined to cBioPortal MSI_STATUS","True","data/processed/coad_msi_probe_mean/TCGA_COAD_labels.csv"
"TCGA_COAD","TCGA-AA-3837-01A","MSS","GDC roster joined to cBioPortal MSI_STATUS","True","data/processed/coad_msi_probe_mean/TCGA_COAD_labels.csv"
"TCGA_COAD","TCGA-AA-3841-01A","MSS","GDC roster joined to cBioPortal MSI_STATUS","True","data/processed/coad_msi_probe_mean/TCGA_COAD_labels.csv"
"TCGA_COAD","TCGA-AA-3842-01A","MSS","GDC roster joined to cBioPortal MSI_STATUS","True","data/processed/coad_msi_probe_mean/TCGA_COAD_labels.csv"
"TCGA_COAD","TCGA-AA-3844-01A","MSS","GDC roster joined to cBioPortal MSI_STATUS","True","data/processed/coad_msi_probe_mean/TCGA_COAD_labels.csv"
"TCGA_COAD","TCGA-AA-3845-01A","MSI","GDC roster joined to cBioPortal MSI_STATUS","True","data/processed/coad_msi_probe_mean/TCGA_COAD_labels.csv"
"TCGA_COAD","TCGA-AA-3846-01A","MSS","GDC roster joined to cBioPortal MSI_STATUS","True","data/processed/coad_msi_probe_mean/TCGA_COAD_labels.csv"
"TCGA_COAD","TCGA-AA-3848-01A","MSS","GDC roster joined to cBioPortal MSI_STATUS","True","data/processed/coad_msi_probe_mean/TCGA_COAD_labels.csv"
"TCGA_COAD","TCGA-AA-3850-01A","MSS","GDC roster joined to cBioPortal MSI_STATUS","True","data/processed/coad_msi_probe_mean/TCGA_COAD_labels.csv"
"TCGA_COAD","TCGA-AA-3851-01A","MSS","GDC roster joined to cBioPortal MSI_STATUS","True","data/processed/coad_msi_probe_mean/TCGA_COAD_labels.csv"
"TCGA_COAD","TCGA-AA-3856-01A","MSS","GDC roster joined to cBioPortal MSI_STATUS","True","data/processed/coad_msi_probe_mean/TCGA_COAD_labels.csv"
"TCGA_COAD","TCGA-AA-3858-01A","MSS","GDC roster joined to cBioPortal MSI_STATUS","True","data/processed/coad_msi_probe_mean/TCGA_COAD_labels.csv"
"TCGA_COAD","TCGA-AA-3860-01A","MSS","GDC roster joined to cBioPortal MSI_STATUS","True","data/processed/coad_msi_probe_mean/TCGA_COAD_labels.csv"
"TCGA_COAD","TCGA-AA-3862-01A","MSS","GDC roster joined to cBioPortal MSI_STATUS","True","data/processed/coad_msi_probe_mean/TCGA_COAD_labels.csv"
"TCGA_COAD","TCGA-AA-3864-01A","MSI","GDC roster joined to cBioPortal MSI_STATUS","True","data/processed/coad_msi_probe_mean/TCGA_COAD_labels.csv"
"TCGA_COAD","TCGA-AA-3867-01A","MSS","GDC roster joined to cBioPortal MSI_STATUS","True","data/processed/coad_msi_probe_mean/TCGA_COAD_labels.csv"
"TCGA_COAD","TCGA-AA-3869-01A","MSS","GDC roster joined to cBioPortal MSI_STATUS","True","data/processed/coad_msi_probe_mean/TCGA_COAD_labels.csv"
"TCGA_COAD","TCGA-AA-3870-01A","MSS","GDC roster joined to cBioPortal MSI_STATUS","True","data/processed/coad_msi_probe_mean/TCGA_COAD_labels.csv"
"TCGA_COAD","TCGA-AA-3872-01A","MSS","GDC roster joined to cBioPortal MSI_STATUS","True","data/processed/coad_msi_probe_mean/TCGA_COAD_labels.csv"
"TCGA_COAD","TCGA-AA-3875-01A","MSS","GDC roster joined to cBioPortal MSI_STATUS","True","data/processed/coad_msi_probe_mean/TCGA_COAD_labels.csv"
"TCGA_COAD","TCGA-AA-3877-01A","MSI","GDC roster joined to cBioPortal MSI_STATUS","True","data/processed/coad_msi_probe_mean/TCGA_COAD_labels.csv"
"TCGA_COAD","TCGA-AA-3939-01A","MSS","GDC roster joined to cBioPortal MSI_STATUS","True","data/processed/coad_msi_probe_mean/TCGA_COAD_labels.csv"
"TCGA_COAD","TCGA-AA-3947-01A","MSI","GDC roster joined to cBioPortal MSI_STATUS","True","data/processed/coad_msi_probe_mean/TCGA_COAD_labels.csv"
"TCGA_COAD","TCGA-AA-3949-01A","MSI","GDC roster joined to cBioPortal MSI_STATUS","True","data/processed/coad_msi_probe_mean/TCGA_COAD_labels.csv"
"TCGA_COAD","TCGA-AA-3950-01A","MSI","GDC roster joined to cBioPortal MSI_STATUS","True","data/processed/coad_msi_probe_mean/TCGA_COAD_labels.csv"
"TCGA_COAD","TCGA-AA-3952-01A","MSS","GDC roster joined to cBioPortal MSI_STATUS","True","data/processed/coad_msi_probe_mean/TCGA_COAD_labels.csv"
"TCGA_COAD","TCGA-AA-3955-01A","MSS","GDC roster joined to cBioPortal MSI_STATUS","True","data/processed/coad_msi_probe_mean/TCGA_COAD_labels.csv"
"TCGA_COAD","TCGA-AA-3956-01A","MSS","GDC roster joined to cBioPortal MSI_STATUS","True","data/processed/coad_msi_probe_mean/TCGA_COAD_labels.csv"
"TCGA_COAD","TCGA-AA-3966-01A","MSI","GDC roster joined to cBioPortal MSI_STATUS","True","data/processed/coad_msi_probe_mean/TCGA_COAD_labels.csv"
"TCGA_COAD","TCGA-AA-3968-01A","MSS","GDC roster joined to cBioPortal MSI_STATUS","True","data/processed/coad_msi_probe_mean/TCGA_COAD_labels.csv"
"TCGA_COAD","TCGA-AA-3970-01A","MSS","GDC roster joined to cBioPortal MSI_STATUS","True","data/processed/coad_msi_probe_mean/TCGA_COAD_labels.csv"
"TCGA_COAD","TCGA-AA-3971-01A","MSS","GDC roster joined to cBioPortal MSI_STATUS","True","data/processed/coad_msi_probe_mean/TCGA_COAD_labels.csv"
"TCGA_COAD","TCGA-AA-3975-01A","MSS","GDC roster joined to cBioPortal MSI_STATUS","True","data/processed/coad_msi_probe_mean/TCGA_COAD_labels.csv"
"TCGA_COAD","TCGA-AA-3976-01A","MSS","GDC roster joined to cBioPortal MSI_STATUS","True","data/processed/coad_msi_probe_mean/TCGA_COAD_labels.csv"
"TCGA_COAD","TCGA-AA-3977-01A","MSS","GDC roster joined to cBioPortal MSI_STATUS","True","data/processed/coad_msi_probe_mean/TCGA_COAD_labels.csv"
"TCGA_COAD","TCGA-AA-3979-01A","MSS","GDC roster joined to cBioPortal MSI_STATUS","True","data/processed/coad_msi_probe_mean/TCGA_COAD_labels.csv"
"TCGA_COAD","TCGA-AA-3980-01A","MSS","GDC roster joined to cBioPortal MSI_STATUS","True","data/processed/coad_msi_probe_mean/TCGA_COAD_labels.csv"
"TCGA_COAD","TCGA-AA-3984-01A","MSS","GDC roster joined to cBioPortal MSI_STATUS","True","data/processed/coad_msi_probe_mean/TCGA_COAD_labels.csv"
"TCGA_COAD","TCGA-AA-3986-01A","MSS","GDC roster joined to cBioPortal MSI_STATUS","True","data/processed/coad_msi_probe_mean/TCGA_COAD_labels.csv"
"TCGA_COAD","TCGA-AA-3989-01A","MSS","GDC roster joined to cBioPortal MSI_STATUS","True","data/processed/coad_msi_probe_mean/TCGA_COAD_labels.csv"
"TCGA_COAD","TCGA-AA-3994-01A","MSS","GDC roster joined to cBioPortal MSI_STATUS","True","data/processed/coad_msi_probe_mean/TCGA_COAD_labels.csv"
"TCGA_COAD","TCGA-AA-A00A-01A","MSI","GDC roster joined to cBioPortal MSI_STATUS","True","data/processed/coad_msi_probe_mean/TCGA_COAD_labels.csv"
"TCGA_COAD","TCGA-AA-A00D-01A","MSS","GDC roster joined to cBioPortal MSI_STATUS","True","data/processed/coad_msi_probe_mean/TCGA_COAD_labels.csv"
"TCGA_COAD","TCGA-AA-A00E-01A","MSI","GDC roster joined to cBioPortal MSI_STATUS","True","data/processed/coad_msi_probe_mean/TCGA_COAD_labels.csv"
"TCGA_COAD","TCGA-AA-A00F-01A","MSS","GDC roster joined to cBioPortal MSI_STATUS","True","data/processed/coad_msi_probe_mean/TCGA_COAD_labels.csv"
"TCGA_COAD","TCGA-AA-A00J-01A","MSI","GDC roster joined to cBioPortal MSI_STATUS","True","data/processed/coad_msi_probe_mean/TCGA_COAD_labels.csv"
"TCGA_COAD","TCGA-AA-A00L-01A","MSS","GDC roster joined to cBioPortal MSI_STATUS","True","data/processed/coad_msi_probe_mean/TCGA_COAD_labels.csv"
"TCGA_COAD","TCGA-AA-A00Q-01A","MSS","GDC roster joined to cBioPortal MSI_STATUS","True","data/processed/coad_msi_probe_mean/TCGA_COAD_labels.csv"
"TCGA_COAD","TCGA-AA-A00R-01A","MSI","GDC roster joined to cBioPortal MSI_STATUS","True","data/processed/coad_msi_probe_mean/TCGA_COAD_labels.csv"
"TCGA_COAD","TCGA-AA-A00U-01A","MSS","GDC roster joined to cBioPortal MSI_STATUS","True","data/processed/coad_msi_probe_mean/TCGA_COAD_labels.csv"
"TCGA_COAD","TCGA-AA-A00W-01A","MSS","GDC roster joined to cBioPortal MSI_STATUS","True","data/processed/coad_msi_probe_mean/TCGA_COAD_labels.csv"
"TCGA_COAD","TCGA-AA-A00Z-01A","MSS","GDC roster joined to cBioPortal MSI_STATUS","True","data/processed/coad_msi_probe_mean/TCGA_COAD_labels.csv"
"TCGA_COAD","TCGA-AA-A017-01A","MSS","GDC roster joined to cBioPortal MSI_STATUS","True","data/processed/coad_msi_probe_mean/TCGA_COAD_labels.csv"
"TCGA_COAD","TCGA-AA-A01C-01A","MSS","GDC roster joined to cBioPortal MSI_STATUS","True","data/processed/coad_msi_probe_mean/TCGA_COAD_labels.csv"
"TCGA_COAD","TCGA-AA-A01D-01A","MSS","GDC roster joined to cBioPortal MSI_STATUS","True","data/processed/coad_msi_probe_mean/TCGA_COAD_labels.csv"
"TCGA_COAD","TCGA-AA-A01F-01A","MSS","GDC roster joined to cBioPortal MSI_STATUS","True","data/processed/coad_msi_probe_mean/TCGA_COAD_labels.csv"
"TCGA_COAD","TCGA-AA-A01I-01A","MSS","GDC roster joined to cBioPortal MSI_STATUS","True","data/processed/coad_msi_probe_mean/TCGA_COAD_labels.csv"
"TCGA_COAD","TCGA-AA-A01K-01A","MSS","GDC roster joined to cBioPortal MSI_STATUS","True","data/processed/coad_msi_probe_mean/TCGA_COAD_labels.csv"
"TCGA_COAD","TCGA-AA-A01P-01A","MSI","GDC roster joined to cBioPortal MSI_STATUS","True","data/processed/coad_msi_probe_mean/TCGA_COAD_labels.csv"
"TCGA_COAD","TCGA-AA-A01Q-01A","MSI","GDC roster joined to cBioPortal MSI_STATUS","True","data/processed/coad_msi_probe_mean/TCGA_COAD_labels.csv"
"TCGA_COAD","TCGA-AA-A01R-01A","MSI","GDC roster joined to cBioPortal MSI_STATUS","True","data/processed/coad_msi_probe_mean/TCGA_COAD_labels.csv"
"TCGA_COAD","TCGA-AA-A01T-01A","MSS","GDC roster joined to cBioPortal MSI_STATUS","True","data/processed/coad_msi_probe_mean/TCGA_COAD_labels.csv"
"TCGA_COAD","TCGA-AA-A01V-01A","MSS","GDC roster joined to cBioPortal MSI_STATUS","True","data/processed/coad_msi_probe_mean/TCGA_COAD_labels.csv"
"TCGA_COAD","TCGA-AA-A01X-01A","MSS","GDC roster joined to cBioPortal MSI_STATUS","True","data/processed/coad_msi_probe_mean/TCGA_COAD_labels.csv"
"TCGA_COAD","TCGA-AA-A01Z-01A","MSS","GDC roster joined to cBioPortal MSI_STATUS","True","data/processed/coad_msi_probe_mean/TCGA_COAD_labels.csv"
"TCGA_COAD","TCGA-AA-A022-01A","MSI","GDC roster joined to cBioPortal MSI_STATUS","True","data/processed/coad_msi_probe_mean/TCGA_COAD_labels.csv"
"TCGA_COAD","TCGA-AA-A02F-01A","MSS","GDC roster joined to cBioPortal MSI_STATUS","True","data/processed/coad_msi_probe_mean/TCGA_COAD_labels.csv"
"TCGA_COAD","TCGA-AA-A02H-01A","MSS","GDC roster joined to cBioPortal MSI_STATUS","True","data/processed/coad_msi_probe_mean/TCGA_COAD_labels.csv"
"TCGA_COAD","TCGA-AA-A02J-01A","MSS","GDC roster joined to cBioPortal MSI_STATUS","True","data/processed/coad_msi_probe_mean/TCGA_COAD_labels.csv"
"TCGA_COAD","TCGA-AA-A02K-01A","MSS","GDC roster joined to cBioPortal MSI_STATUS","True","data/processed/coad_msi_probe_mean/TCGA_COAD_labels.csv"
"TCGA_COAD","TCGA-AA-A02O-01A","MSS","GDC roster joined to cBioPortal MSI_STATUS","True","data/processed/coad_msi_probe_mean/TCGA_COAD_labels.csv"
"TCGA_COAD","TCGA-AA-A02R-01A","MSI","GDC roster joined to cBioPortal MSI_STATUS","True","data/processed/coad_msi_probe_mean/TCGA_COAD_labels.csv"
"TCGA_COAD","TCGA-AA-A02Y-01A","MSS","GDC roster joined to cBioPortal MSI_STATUS","True","data/processed/coad_msi_probe_mean/TCGA_COAD_labels.csv"
"TCGA_COAD","TCGA-AA-A03F-01A","MSS","GDC roster joined to cBioPortal MSI_STATUS","True","data/processed/coad_msi_probe_mean/TCGA_COAD_labels.csv"
"TCGA_COAD","TCGA-AA-A03J-01A","MSS","GDC roster joined to cBioPortal MSI_STATUS","True","data/processed/coad_msi_probe_mean/TCGA_COAD_labels.csv"
"TCGA_COAD","TCGA-AY-4070-01A","MSS","GDC roster joined to cBioPortal MSI_STATUS","True","data/processed/coad_msi_probe_mean/TCGA_COAD_labels.csv"
"TCGA_COAD","TCGA-AY-4071-01A","MSS","GDC roster joined to cBioPortal MSI_STATUS","True","data/processed/coad_msi_probe_mean/TCGA_COAD_labels.csv"
"TCGA_COAD","TCGA-AZ-4308-01A","MSS","GDC roster joined to cBioPortal MSI_STATUS","True","data/processed/coad_msi_probe_mean/TCGA_COAD_labels.csv"
"TCGA_COAD","TCGA-AZ-4313-01A","MSI","GDC roster joined to cBioPortal MSI_STATUS","True","data/processed/coad_msi_probe_mean/TCGA_COAD_labels.csv"
"TCGA_COAD","TCGA-AZ-4315-01A","MSS","GDC roster joined to cBioPortal MSI_STATUS","True","data/processed/coad_msi_probe_mean/TCGA_COAD_labels.csv"
"TCGA_COAD","TCGA-AZ-4615-01A","MSI","GDC roster joined to cBioPortal MSI_STATUS","True","data/processed/coad_msi_probe_mean/TCGA_COAD_labels.csv"
"TCGA_COAD","TCGA-AZ-4681-01A","MSS","GDC roster joined to cBioPortal MSI_STATUS","True","data/processed/coad_msi_probe_mean/TCGA_COAD_labels.csv"
"TCGA_COAD","TCGA-AZ-4682-01B","MSS","GDC roster joined to cBioPortal MSI_STATUS","True","data/processed/coad_msi_probe_mean/TCGA_COAD_labels.csv"
"TCGA_COAD","TCGA-CA-5256-01A","MSS","GDC roster joined to cBioPortal MSI_STATUS","True","data/processed/coad_msi_probe_mean/TCGA_COAD_labels.csv"
"TCGA_COAD","TCGA-CK-4951-01A","MSI","GDC roster joined to cBioPortal MSI_STATUS","True","data/processed/coad_msi_probe_mean/TCGA_COAD_labels.csv"
"TCGA_COAD","TCGA-CM-4744-01A","MSS","GDC roster joined to cBioPortal MSI_STATUS","True","data/processed/coad_msi_probe_mean/TCGA_COAD_labels.csv"
"TCGA_COAD","TCGA-CM-4746-01A","MSI","GDC roster joined to cBioPortal MSI_STATUS","True","data/processed/coad_msi_probe_mean/TCGA_COAD_labels.csv"
"TCGA_COAD","TCGA-CM-4748-01A","MSS","GDC roster joined to cBioPortal MSI_STATUS","True","data/processed/coad_msi_probe_mean/TCGA_COAD_labels.csv"
"TCGA_COAD","TCGA-CM-4752-01A","MSS","GDC roster joined to cBioPortal MSI_STATUS","True","data/processed/coad_msi_probe_mean/TCGA_COAD_labels.csv"
"TCGA_COAD","TCGA-CM-5341-01A","MSS","GDC roster joined to cBioPortal MSI_STATUS","True","data/processed/coad_msi_probe_mean/TCGA_COAD_labels.csv"
"GSE13294","GSM335510","MSS","GEO/published cohort annotation","True","data/processed/coad_msi_probe_mean/GSE13294_labels.csv"
"GSE13294","GSM335511","MSI","GEO/published cohort annotation","True","data/processed/coad_msi_probe_mean/GSE13294_labels.csv"
"GSE13294","GSM335512","MSS","GEO/published cohort annotation","True","data/processed/coad_msi_probe_mean/GSE13294_labels.csv"
"GSE13294","GSM335513","MSS","GEO/published cohort annotation","True","data/processed/coad_msi_probe_mean/GSE13294_labels.csv"
"GSE13294","GSM335514","MSS","GEO/published cohort annotation","True","data/processed/coad_msi_probe_mean/GSE13294_labels.csv"
"GSE13294","GSM335515","MSS","GEO/published cohort annotation","True","data/processed/coad_msi_probe_mean/GSE13294_labels.csv"
"GSE13294","GSM335516","MSS","GEO/published cohort annotation","True","data/processed/coad_msi_probe_mean/GSE13294_labels.csv"
"GSE13294","GSM335517","MSS","GEO/published cohort annotation","True","data/processed/coad_msi_probe_mean/GSE13294_labels.csv"
"GSE13294","GSM335518","MSI","GEO/published cohort annotation","True","data/processed/coad_msi_probe_mean/GSE13294_labels.csv"
"GSE13294","GSM335519","MSI","GEO/published cohort annotation","True","data/processed/coad_msi_probe_mean/GSE13294_labels.csv"
"GSE13294","GSM335520","MSS","GEO/published cohort annotation","True","data/processed/coad_msi_probe_mean/GSE13294_labels.csv"
"GSE13294","GSM335521","MSS","GEO/published cohort annotation","True","data/processed/coad_msi_probe_mean/GSE13294_labels.csv"
"GSE13294","GSM335522","MSS","GEO/published cohort annotation","True","data/processed/coad_msi_probe_mean/GSE13294_labels.csv"
"GSE13294","GSM335523","MSS","GEO/published cohort annotation","True","data/processed/coad_msi_probe_mean/GSE13294_labels.csv"
"GSE13294","GSM335524","MSS","GEO/published cohort annotation","True","data/processed/coad_msi_probe_mean/GSE13294_labels.csv"
"GSE13294","GSM335525","MSI","GEO/published cohort annotation","True","data/processed/coad_msi_probe_mean/GSE13294_labels.csv"
"GSE13294","GSM335526","MSS","GEO/published cohort annotation","True","data/processed/coad_msi_probe_mean/GSE13294_labels.csv"
"GSE13294","GSM335527","MSI","GEO/published cohort annotation","True","data/processed/coad_msi_probe_mean/GSE13294_labels.csv"
"GSE13294","GSM335528","MSS","GEO/published cohort annotation","True","data/processed/coad_msi_probe_mean/GSE13294_labels.csv"
"GSE13294","GSM335529","MSI","GEO/published cohort annotation","True","data/processed/coad_msi_probe_mean/GSE13294_labels.csv"
"GSE13294","GSM335530","MSI","GEO/published cohort annotation","True","data/processed/coad_msi_probe_mean/GSE13294_labels.csv"
"GSE13294","GSM335531","MSS","GEO/published cohort annotation","True","data/processed/coad_msi_probe_mean/GSE13294_labels.csv"
"GSE13294","GSM335532","MSI","GEO/published cohort annotation","True","data/processed/coad_msi_probe_mean/GSE13294_labels.csv"
"GSE13294","GSM335533","MSS","GEO/published cohort annotation","True","data/processed/coad_msi_probe_mean/GSE13294_labels.csv"
"GSE13294","GSM335534","MSS","GEO/published cohort annotation","True","data/processed/coad_msi_probe_mean/GSE13294_labels.csv"
"GSE13294","GSM335535","MSS","GEO/published cohort annotation","True","data/processed/coad_msi_probe_mean/GSE13294_labels.csv"
"GSE13294","GSM335536","MSS","GEO/published cohort annotation","True","data/processed/coad_msi_probe_mean/GSE13294_labels.csv"
"GSE13294","GSM335537","MSS","GEO/published cohort annotation","True","data/processed/coad_msi_probe_mean/GSE13294_labels.csv"
"GSE13294","GSM335538","MSS","GEO/published cohort annotation","True","data/processed/coad_msi_probe_mean/GSE13294_labels.csv"
"GSE13294","GSM335539","MSS","GEO/published cohort annotation","True","data/processed/coad_msi_probe_mean/GSE13294_labels.csv"
"GSE13294","GSM335540","MSS","GEO/published cohort annotation","True","data/processed/coad_msi_probe_mean/GSE13294_labels.csv"
"GSE13294","GSM335541","MSI","GEO/published cohort annotation","True","data/processed/coad_msi_probe_mean/GSE13294_labels.csv"
"GSE13294","GSM335542","MSI","GEO/published cohort annotation","True","data/processed/coad_msi_probe_mean/GSE13294_labels.csv"
"GSE13294","GSM335543","MSI","GEO/published cohort annotation","True","data/processed/coad_msi_probe_mean/GSE13294_labels.csv"
"GSE13294","GSM335544","MSI","GEO/published cohort annotation","True","data/processed/coad_msi_probe_mean/GSE13294_labels.csv"
"GSE13294","GSM335545","MSI","GEO/published cohort annotation","True","data/processed/coad_msi_probe_mean/GSE13294_labels.csv"
"GSE13294","GSM335546","MSI","GEO/published cohort annotation","True","data/processed/coad_msi_probe_mean/GSE13294_labels.csv"
"GSE13294","GSM335547","MSS","GEO/published cohort annotation","True","data/processed/coad_msi_probe_mean/GSE13294_labels.csv"
"GSE13294","GSM335548","MSS","GEO/published cohort annotation","True","data/processed/coad_msi_probe_mean/GSE13294_labels.csv"
"GSE13294","GSM335549","MSS","GEO/published cohort annotation","True","data/processed/coad_msi_probe_mean/GSE13294_labels.csv"
"GSE13294","GSM335550","MSS","GEO/published cohort annotation","True","data/processed/coad_msi_probe_mean/GSE13294_labels.csv"
"GSE13294","GSM335551","MSI","GEO/published cohort annotation","True","data/processed/coad_msi_probe_mean/GSE13294_labels.csv"
"GSE13294","GSM335552","MSS","GEO/published cohort annotation","True","data/processed/coad_msi_probe_mean/GSE13294_labels.csv"
"GSE13294","GSM335553","MSS","GEO/published cohort annotation","True","data/processed/coad_msi_probe_mean/GSE13294_labels.csv"
"GSE13294","GSM335554","MSS","GEO/published cohort annotation","True","data/processed/coad_msi_probe_mean/GSE13294_labels.csv"
"GSE13294","GSM335555","MSI","GEO/published cohort annotation","True","data/processed/coad_msi_probe_mean/GSE13294_labels.csv"
"GSE13294","GSM335556","MSS","GEO/published cohort annotation","True","data/processed/coad_msi_probe_mean/GSE13294_labels.csv"
"GSE13294","GSM335557","MSS","GEO/published cohort annotation","True","data/processed/coad_msi_probe_mean/GSE13294_labels.csv"
"GSE13294","GSM335558","MSS","GEO/published cohort annotation","True","data/processed/coad_msi_probe_mean/GSE13294_labels.csv"
"GSE13294","GSM335559","MSI","GEO/published cohort annotation","True","data/processed/coad_msi_probe_mean/GSE13294_labels.csv"
"GSE13294","GSM335560","MSI","GEO/published cohort annotation","True","data/processed/coad_msi_probe_mean/GSE13294_labels.csv"
"GSE13294","GSM335561","MSS","GEO/published cohort annotation","True","data/processed/coad_msi_probe_mean/GSE13294_labels.csv"
"GSE13294","GSM335562","MSI","GEO/published cohort annotation","True","data/processed/coad_msi_probe_mean/GSE13294_labels.csv"
"GSE13294","GSM335563","MSI","GEO/published cohort annotation","True","data/processed/coad_msi_probe_mean/GSE13294_labels.csv"
"GSE13294","GSM335564","MSS","GEO/published cohort annotation","True","data/processed/coad_msi_probe_mean/GSE13294_labels.csv"
"GSE13294","GSM335565","MSI","GEO/published cohort annotation","True","data/processed/coad_msi_probe_mean/GSE13294_labels.csv"
"GSE13294","GSM335566","MSI","GEO/published cohort annotation","True","data/processed/coad_msi_probe_mean/GSE13294_labels.csv"
"GSE13294","GSM335567","MSS","GEO/published cohort annotation","True","data/processed/coad_msi_probe_mean/GSE13294_labels.csv"
"GSE13294","GSM335568","MSS","GEO/published cohort annotation","True","data/processed/coad_msi_probe_mean/GSE13294_labels.csv"
"GSE13294","GSM335569","MSS","GEO/published cohort annotation","True","data/processed/coad_msi_probe_mean/GSE13294_labels.csv"
"GSE13294","GSM335570","MSS","GEO/published cohort annotation","True","data/processed/coad_msi_probe_mean/GSE13294_labels.csv"
"GSE13294","GSM335571","MSS","GEO/published cohort annotation","True","data/processed/coad_msi_probe_mean/GSE13294_labels.csv"
"GSE13294","GSM335572","MSS","GEO/published cohort annotation","True","data/processed/coad_msi_probe_mean/GSE13294_labels.csv"
"GSE13294","GSM335573","MSI","GEO/published cohort annotation","True","data/processed/coad_msi_probe_mean/GSE13294_labels.csv"
"GSE13294","GSM335574","MSI","GEO/published cohort annotation","True","data/processed/coad_msi_probe_mean/GSE13294_labels.csv"
"GSE13294","GSM335575","MSS","GEO/published cohort annotation","True","data/processed/coad_msi_probe_mean/GSE13294_labels.csv"
"GSE13294","GSM335576","MSI","GEO/published cohort annotation","True","data/processed/coad_msi_probe_mean/GSE13294_labels.csv"
"GSE13294","GSM335577","MSI","GEO/published cohort annotation","True","data/processed/coad_msi_probe_mean/GSE13294_labels.csv"
"GSE13294","GSM335578","MSI","GEO/published cohort annotation","True","data/processed/coad_msi_probe_mean/GSE13294_labels.csv"
"GSE13294","GSM335579","MSS","GEO/published cohort annotation","True","data/processed/coad_msi_probe_mean/GSE13294_labels.csv"
"GSE13294","GSM335580","MSS","GEO/published cohort annotation","True","data/processed/coad_msi_probe_mean/GSE13294_labels.csv"
"GSE13294","GSM335581","MSS","GEO/published cohort annotation","True","data/processed/coad_msi_probe_mean/GSE13294_labels.csv"
"GSE13294","GSM335582","MSS","GEO/published cohort annotation","True","data/processed/coad_msi_probe_mean/GSE13294_labels.csv"
"GSE13294","GSM335583","MSS","GEO/published cohort annotation","True","data/processed/coad_msi_probe_mean/GSE13294_labels.csv"
"GSE13294","GSM335584","MSS","GEO/published cohort annotation","True","data/processed/coad_msi_probe_mean/GSE13294_labels.csv"
"GSE13294","GSM335585","MSI","GEO/published cohort annotation","True","data/processed/coad_msi_probe_mean/GSE13294_labels.csv"
"GSE13294","GSM335586","MSS","GEO/published cohort annotation","True","data/processed/coad_msi_probe_mean/GSE13294_labels.csv"
"GSE13294","GSM335587","MSS","GEO/published cohort annotation","True","data/processed/coad_msi_probe_mean/GSE13294_labels.csv"
"GSE13294","GSM335588","MSS","GEO/published cohort annotation","True","data/processed/coad_msi_probe_mean/GSE13294_labels.csv"
"GSE13294","GSM335589","MSS","GEO/published cohort annotation","True","data/processed/coad_msi_probe_mean/GSE13294_labels.csv"
"GSE13294","GSM335590","MSS","GEO/published cohort annotation","True","data/processed/coad_msi_probe_mean/GSE13294_labels.csv"
"GSE13294","GSM335591","MSS","GEO/published cohort annotation","True","data/processed/coad_msi_probe_mean/GSE13294_labels.csv"
"GSE13294","GSM335592","MSS","GEO/published cohort annotation","True","data/processed/coad_msi_probe_mean/GSE13294_labels.csv"
"GSE13294","GSM335593","MSS","GEO/published cohort annotation","True","data/processed/coad_msi_probe_mean/GSE13294_labels.csv"
"GSE13294","GSM335594","MSS","GEO/published cohort annotation","True","data/processed/coad_msi_probe_mean/GSE13294_labels.csv"
"GSE13294","GSM335595","MSI","GEO/published cohort annotation","True","data/processed/coad_msi_probe_mean/GSE13294_labels.csv"
"GSE13294","GSM335596","MSS","GEO/published cohort annotation","True","data/processed/coad_msi_probe_mean/GSE13294_labels.csv"
"GSE13294","GSM335597","MSI","GEO/published cohort annotation","True","data/processed/coad_msi_probe_mean/GSE13294_labels.csv"
"GSE13294","GSM335598","MSS","GEO/published cohort annotation","True","data/processed/coad_msi_probe_mean/GSE13294_labels.csv"
"GSE13294","GSM335599","MSS","GEO/published cohort annotation","True","data/processed/coad_msi_probe_mean/GSE13294_labels.csv"
"GSE13294","GSM335600","MSS","GEO/published cohort annotation","True","data/processed/coad_msi_probe_mean/GSE13294_labels.csv"
"GSE13294","GSM335601","MSS","GEO/published cohort annotation","True","data/processed/coad_msi_probe_mean/GSE13294_labels.csv"
"GSE13294","GSM335602","MSS","GEO/published cohort annotation","True","data/processed/coad_msi_probe_mean/GSE13294_labels.csv"
"GSE13294","GSM335603","MSS","GEO/published cohort annotation","True","data/processed/coad_msi_probe_mean/GSE13294_labels.csv"
"GSE13294","GSM335604","MSS","GEO/published cohort annotation","True","data/processed/coad_msi_probe_mean/GSE13294_labels.csv"
"GSE13294","GSM335605","MSS","GEO/published cohort annotation","True","data/processed/coad_msi_probe_mean/GSE13294_labels.csv"
"GSE13294","GSM335606","MSS","GEO/published cohort annotation","True","data/processed/coad_msi_probe_mean/GSE13294_labels.csv"
"GSE13294","GSM335607","MSS","GEO/published cohort annotation","True","data/processed/coad_msi_probe_mean/GSE13294_labels.csv"
"GSE13294","GSM335608","MSS","GEO/published cohort annotation","True","data/processed/coad_msi_probe_mean/GSE13294_labels.csv"
"GSE13294","GSM335609","MSS","GEO/published cohort annotation","True","data/processed/coad_msi_probe_mean/GSE13294_labels.csv"
"GSE13294","GSM335610","MSS","GEO/published cohort annotation","True","data/processed/coad_msi_probe_mean/GSE13294_labels.csv"
"GSE13294","GSM335611","MSS","GEO/published cohort annotation","True","data/processed/coad_msi_probe_mean/GSE13294_labels.csv"
"GSE13294","GSM335612","MSS","GEO/published cohort annotation","True","data/processed/coad_msi_probe_mean/GSE13294_labels.csv"
"GSE13294","GSM335613","MSS","GEO/published cohort annotation","True","data/processed/coad_msi_probe_mean/GSE13294_labels.csv"
"GSE13294","GSM335614","MSI","GEO/published cohort annotation","True","data/processed/coad_msi_probe_mean/GSE13294_labels.csv"
"GSE13294","GSM335615","MSS","GEO/published cohort annotation","True","data/processed/coad_msi_probe_mean/GSE13294_labels.csv"
"GSE13294","GSM335616","MSS","GEO/published cohort annotation","True","data/processed/coad_msi_probe_mean/GSE13294_labels.csv"
"GSE13294","GSM335617","MSS","GEO/published cohort annotation","True","data/processed/coad_msi_probe_mean/GSE13294_labels.csv"
"GSE13294","GSM335618","MSI","GEO/published cohort annotation","True","data/processed/coad_msi_probe_mean/GSE13294_labels.csv"
"GSE13294","GSM335619","MSI","GEO/published cohort annotation","True","data/processed/coad_msi_probe_mean/GSE13294_labels.csv"
"GSE13294","GSM335620","MSI","GEO/published cohort annotation","True","data/processed/coad_msi_probe_mean/GSE13294_labels.csv"
"GSE13294","GSM335621","MSI","GEO/published cohort annotation","True","data/processed/coad_msi_probe_mean/GSE13294_labels.csv"
"GSE13294","GSM335622","MSI","GEO/published cohort annotation","True","data/processed/coad_msi_probe_mean/GSE13294_labels.csv"
"GSE13294","GSM335623","MSI","GEO/published cohort annotation","True","data/processed/coad_msi_probe_mean/GSE13294_labels.csv"
"GSE13294","GSM335624","MSI","GEO/published cohort annotation","True","data/processed/coad_msi_probe_mean/GSE13294_labels.csv"
"GSE13294","GSM335625","MSI","GEO/published cohort annotation","True","data/processed/coad_msi_probe_mean/GSE13294_labels.csv"
"GSE13294","GSM335626","MSI","GEO/published cohort annotation","True","data/processed/coad_msi_probe_mean/GSE13294_labels.csv"
"GSE13294","GSM335627","MSI","GEO/published cohort annotation","True","data/processed/coad_msi_probe_mean/GSE13294_labels.csv"
"GSE13294","GSM335628","MSI","GEO/published cohort annotation","True","data/processed/coad_msi_probe_mean/GSE13294_labels.csv"
"GSE13294","GSM335629","MSI","GEO/published cohort annotation","True","data/processed/coad_msi_probe_mean/GSE13294_labels.csv"
"GSE13294","GSM335630","MSI","GEO/published cohort annotation","True","data/processed/coad_msi_probe_mean/GSE13294_labels.csv"
"GSE13294","GSM335631","MSI","GEO/published cohort annotation","True","data/processed/coad_msi_probe_mean/GSE13294_labels.csv"
"GSE13294","GSM335632","MSI","GEO/published cohort annotation","True","data/processed/coad_msi_probe_mean/GSE13294_labels.csv"
"GSE13294","GSM335633","MSI","GEO/published cohort annotation","True","data/processed/coad_msi_probe_mean/GSE13294_labels.csv"
"GSE13294","GSM335634","MSI","GEO/published cohort annotation","True","data/processed/coad_msi_probe_mean/GSE13294_labels.csv"
"GSE13294","GSM335635","MSI","GEO/published cohort annotation","True","data/processed/coad_msi_probe_mean/GSE13294_labels.csv"
"GSE13294","GSM335636","MSI","GEO/published cohort annotation","True","data/processed/coad_msi_probe_mean/GSE13294_labels.csv"
"GSE13294","GSM335637","MSI","GEO/published cohort annotation","True","data/processed/coad_msi_probe_mean/GSE13294_labels.csv"
"GSE13294","GSM335638","MSI","GEO/published cohort annotation","True","data/processed/coad_msi_probe_mean/GSE13294_labels.csv"
"GSE13294","GSM335639","MSI","GEO/published cohort annotation","True","data/processed/coad_msi_probe_mean/GSE13294_labels.csv"
"GSE13294","GSM335640","MSI","GEO/published cohort annotation","True","data/processed/coad_msi_probe_mean/GSE13294_labels.csv"
"GSE13294","GSM335641","MSI","GEO/published cohort annotation","True","data/processed/coad_msi_probe_mean/GSE13294_labels.csv"
"GSE13294","GSM335642","MSI","GEO/published cohort annotation","True","data/processed/coad_msi_probe_mean/GSE13294_labels.csv"
"GSE13294","GSM335643","MSI","GEO/published cohort annotation","True","data/processed/coad_msi_probe_mean/GSE13294_labels.csv"
"GSE13294","GSM335644","MSI","GEO/published cohort annotation","True","data/processed/coad_msi_probe_mean/GSE13294_labels.csv"
"GSE13294","GSM335645","MSI","GEO/published cohort annotation","True","data/processed/coad_msi_probe_mean/GSE13294_labels.csv"
"GSE13294","GSM335646","MSI","GEO/published cohort annotation","True","data/processed/coad_msi_probe_mean/GSE13294_labels.csv"
"GSE13294","GSM335647","MSI","GEO/published cohort annotation","True","data/processed/coad_msi_probe_mean/GSE13294_labels.csv"
"GSE13294","GSM335648","MSI","GEO/published cohort annotation","True","data/processed/coad_msi_probe_mean/GSE13294_labels.csv"
"GSE13294","GSM335649","MSI","GEO/published cohort annotation","True","data/processed/coad_msi_probe_mean/GSE13294_labels.csv"
"GSE13294","GSM335650","MSI","GEO/published cohort annotation","True","data/processed/coad_msi_probe_mean/GSE13294_labels.csv"
"GSE13294","GSM335651","MSI","GEO/published cohort annotation","True","data/processed/coad_msi_probe_mean/GSE13294_labels.csv"
"GSE13294","GSM335652","MSI","GEO/published cohort annotation","True","data/processed/coad_msi_probe_mean/GSE13294_labels.csv"
"GSE13294","GSM335653","MSI","GEO/published cohort annotation","True","data/processed/coad_msi_probe_mean/GSE13294_labels.csv"
"GSE13294","GSM335654","MSI","GEO/published cohort annotation","True","data/processed/coad_msi_probe_mean/GSE13294_labels.csv"
"GSE13294","GSM335655","MSI","GEO/published cohort annotation","True","data/processed/coad_msi_probe_mean/GSE13294_labels.csv"
"GSE13294","GSM335656","MSI","GEO/published cohort annotation","True","data/processed/coad_msi_probe_mean/GSE13294_labels.csv"
"GSE13294","GSM335657","MSI","GEO/published cohort annotation","True","data/processed/coad_msi_probe_mean/GSE13294_labels.csv"
"GSE13294","GSM335658","MSI","GEO/published cohort annotation","True","data/processed/coad_msi_probe_mean/GSE13294_labels.csv"
"GSE13294","GSM335659","MSI","GEO/published cohort annotation","True","data/processed/coad_msi_probe_mean/GSE13294_labels.csv"
"GSE13294","GSM335660","MSI","GEO/published cohort annotation","True","data/processed/coad_msi_probe_mean/GSE13294_labels.csv"
"GSE13294","GSM335661","MSI","GEO/published cohort annotation","True","data/processed/coad_msi_probe_mean/GSE13294_labels.csv"
"GSE13294","GSM335662","MSI","GEO/published cohort annotation","True","data/processed/coad_msi_probe_mean/GSE13294_labels.csv"
"GSE13294","GSM335663","MSI","GEO/published cohort annotation","True","data/processed/coad_msi_probe_mean/GSE13294_labels.csv"
"GSE13294","GSM335664","MSI","GEO/published cohort annotation","True","data/processed/coad_msi_probe_mean/GSE13294_labels.csv"
"GSE13067","GSM327282","MSI","GEO/published cohort annotation","True","data/processed/coad_msi_probe_mean/GSE13067_labels.csv"
"GSE13067","GSM327283","MSS","GEO/published cohort annotation","True","data/processed/coad_msi_probe_mean/GSE13067_labels.csv"
"GSE13067","GSM327284","MSS","GEO/published cohort annotation","True","data/processed/coad_msi_probe_mean/GSE13067_labels.csv"
"GSE13067","GSM327285","MSS","GEO/published cohort annotation","True","data/processed/coad_msi_probe_mean/GSE13067_labels.csv"
"GSE13067","GSM327286","MSS","GEO/published cohort annotation","True","data/processed/coad_msi_probe_mean/GSE13067_labels.csv"
"GSE13067","GSM327287","MSS","GEO/published cohort annotation","True","data/processed/coad_msi_probe_mean/GSE13067_labels.csv"
"GSE13067","GSM327288","MSI","GEO/published cohort annotation","True","data/processed/coad_msi_probe_mean/GSE13067_labels.csv"
"GSE13067","GSM327289","MSS","GEO/published cohort annotation","True","data/processed/coad_msi_probe_mean/GSE13067_labels.csv"
"GSE13067","GSM327290","MSS","GEO/published cohort annotation","True","data/processed/coad_msi_probe_mean/GSE13067_labels.csv"
"GSE13067","GSM327291","MSS","GEO/published cohort annotation","True","data/processed/coad_msi_probe_mean/GSE13067_labels.csv"
"GSE13067","GSM327292","MSS","GEO/published cohort annotation","True","data/processed/coad_msi_probe_mean/GSE13067_labels.csv"
"GSE13067","GSM327293","MSS","GEO/published cohort annotation","True","data/processed/coad_msi_probe_mean/GSE13067_labels.csv"
"GSE13067","GSM327294","MSS","GEO/published cohort annotation","True","data/processed/coad_msi_probe_mean/GSE13067_labels.csv"
"GSE13067","GSM327295","MSS","GEO/published cohort annotation","True","data/processed/coad_msi_probe_mean/GSE13067_labels.csv"
"GSE13067","GSM327296","MSS","GEO/published cohort annotation","True","data/processed/coad_msi_probe_mean/GSE13067_labels.csv"
"GSE13067","GSM327297","MSS","GEO/published cohort annotation","True","data/processed/coad_msi_probe_mean/GSE13067_labels.csv"
"GSE13067","GSM327298","MSS","GEO/published cohort annotation","True","data/processed/coad_msi_probe_mean/GSE13067_labels.csv"
"GSE13067","GSM327299","MSS","GEO/published cohort annotation","True","data/processed/coad_msi_probe_mean/GSE13067_labels.csv"
"GSE13067","GSM327300","MSS","GEO/published cohort annotation","True","data/processed/coad_msi_probe_mean/GSE13067_labels.csv"
"GSE13067","GSM327301","MSS","GEO/published cohort annotation","True","data/processed/coad_msi_probe_mean/GSE13067_labels.csv"
"GSE13067","GSM327302","MSS","GEO/published cohort annotation","True","data/processed/coad_msi_probe_mean/GSE13067_labels.csv"
"GSE13067","GSM327303","MSS","GEO/published cohort annotation","True","data/processed/coad_msi_probe_mean/GSE13067_labels.csv"
"GSE13067","GSM327304","MSS","GEO/published cohort annotation","True","data/processed/coad_msi_probe_mean/GSE13067_labels.csv"
"GSE13067","GSM327305","MSS","GEO/published cohort annotation","True","data/processed/coad_msi_probe_mean/GSE13067_labels.csv"
"GSE13067","GSM327306","MSS","GEO/published cohort annotation","True","data/processed/coad_msi_probe_mean/GSE13067_labels.csv"
"GSE13067","GSM327307","MSS","GEO/published cohort annotation","True","data/processed/coad_msi_probe_mean/GSE13067_labels.csv"
"GSE13067","GSM327308","MSS","GEO/published cohort annotation","True","data/processed/coad_msi_probe_mean/GSE13067_labels.csv"
"GSE13067","GSM327309","MSI","GEO/published cohort annotation","True","data/processed/coad_msi_probe_mean/GSE13067_labels.csv"
"GSE13067","GSM327310","MSI","GEO/published cohort annotation","True","data/processed/coad_msi_probe_mean/GSE13067_labels.csv"
"GSE13067","GSM327311","MSI","GEO/published cohort annotation","True","data/processed/coad_msi_probe_mean/GSE13067_labels.csv"
"GSE13067","GSM327312","MSS","GEO/published cohort annotation","True","data/processed/coad_msi_probe_mean/GSE13067_labels.csv"
"GSE13067","GSM327313","MSI","GEO/published cohort annotation","True","data/processed/coad_msi_probe_mean/GSE13067_labels.csv"
"GSE13067","GSM327314","MSS","GEO/published cohort annotation","True","data/processed/coad_msi_probe_mean/GSE13067_labels.csv"
"GSE13067","GSM327315","MSS","GEO/published cohort annotation","True","data/processed/coad_msi_probe_mean/GSE13067_labels.csv"
"GSE13067","GSM327316","MSS","GEO/published cohort annotation","True","data/processed/coad_msi_probe_mean/GSE13067_labels.csv"
"GSE13067","GSM327317","MSS","GEO/published cohort annotation","True","data/processed/coad_msi_probe_mean/GSE13067_labels.csv"
"GSE13067","GSM327318","MSS","GEO/published cohort annotation","True","data/processed/coad_msi_probe_mean/GSE13067_labels.csv"
"GSE13067","GSM327319","MSS","GEO/published cohort annotation","True","data/processed/coad_msi_probe_mean/GSE13067_labels.csv"
"GSE13067","GSM327320","MSS","GEO/published cohort annotation","True","data/processed/coad_msi_probe_mean/GSE13067_labels.csv"
"GSE13067","GSM327321","MSS","GEO/published cohort annotation","True","data/processed/coad_msi_probe_mean/GSE13067_labels.csv"
"GSE13067","GSM327322","MSS","GEO/published cohort annotation","True","data/processed/coad_msi_probe_mean/GSE13067_labels.csv"
"GSE13067","GSM327323","MSS","GEO/published cohort annotation","True","data/processed/coad_msi_probe_mean/GSE13067_labels.csv"
"GSE13067","GSM327324","MSI","GEO/published cohort annotation","True","data/processed/coad_msi_probe_mean/GSE13067_labels.csv"
"GSE13067","GSM327325","MSI","GEO/published cohort annotation","True","data/processed/coad_msi_probe_mean/GSE13067_labels.csv"
"GSE13067","GSM327326","MSS","GEO/published cohort annotation","True","data/processed/coad_msi_probe_mean/GSE13067_labels.csv"
"GSE13067","GSM327327","MSS","GEO/published cohort annotation","True","data/processed/coad_msi_probe_mean/GSE13067_labels.csv"
"GSE13067","GSM327328","MSS","GEO/published cohort annotation","True","data/processed/coad_msi_probe_mean/GSE13067_labels.csv"
"GSE13067","GSM327329","MSS","GEO/published cohort annotation","True","data/processed/coad_msi_probe_mean/GSE13067_labels.csv"
"GSE13067","GSM327330","MSS","GEO/published cohort annotation","True","data/processed/coad_msi_probe_mean/GSE13067_labels.csv"
"GSE13067","GSM327331","MSI","GEO/published cohort annotation","True","data/processed/coad_msi_probe_mean/GSE13067_labels.csv"
"GSE13067","GSM327332","MSS","GEO/published cohort annotation","True","data/processed/coad_msi_probe_mean/GSE13067_labels.csv"
"GSE13067","GSM327333","MSS","GEO/published cohort annotation","True","data/processed/coad_msi_probe_mean/GSE13067_labels.csv"
"GSE13067","GSM327334","MSS","GEO/published cohort annotation","True","data/processed/coad_msi_probe_mean/GSE13067_labels.csv"
"GSE13067","GSM327335","MSS","GEO/published cohort annotation","True","data/processed/coad_msi_probe_mean/GSE13067_labels.csv"
"GSE13067","GSM327336","MSS","GEO/published cohort annotation","True","data/processed/coad_msi_probe_mean/GSE13067_labels.csv"
"GSE13067","GSM327337","MSS","GEO/published cohort annotation","True","data/processed/coad_msi_probe_mean/GSE13067_labels.csv"
"GSE13067","GSM327338","MSS","GEO/published cohort annotation","True","data/processed/coad_msi_probe_mean/GSE13067_labels.csv"
"GSE13067","GSM327339","MSS","GEO/published cohort annotation","True","data/processed/coad_msi_probe_mean/GSE13067_labels.csv"
"GSE13067","GSM327340","MSS","GEO/published cohort annotation","True","data/processed/coad_msi_probe_mean/GSE13067_labels.csv"
"GSE13067","GSM327341","MSS","GEO/published cohort annotation","True","data/processed/coad_msi_probe_mean/GSE13067_labels.csv"
"GSE13067","GSM327342","MSS","GEO/published cohort annotation","True","data/processed/coad_msi_probe_mean/GSE13067_labels.csv"
"GSE13067","GSM327343","MSS","GEO/published cohort annotation","True","data/processed/coad_msi_probe_mean/GSE13067_labels.csv"
"GSE13067","GSM327344","MSS","GEO/published cohort annotation","True","data/processed/coad_msi_probe_mean/GSE13067_labels.csv"
"GSE13067","GSM327345","MSS","GEO/published cohort annotation","True","data/processed/coad_msi_probe_mean/GSE13067_labels.csv"
"GSE13067","GSM327346","MSS","GEO/published cohort annotation","True","data/processed/coad_msi_probe_mean/GSE13067_labels.csv"
"GSE13067","GSM327347","MSS","GEO/published cohort annotation","True","data/processed/coad_msi_probe_mean/GSE13067_labels.csv"
"GSE13067","GSM327348","MSS","GEO/published cohort annotation","True","data/processed/coad_msi_probe_mean/GSE13067_labels.csv"
"GSE13067","GSM327349","MSS","GEO/published cohort annotation","True","data/processed/coad_msi_probe_mean/GSE13067_labels.csv"
"GSE13067","GSM327350","MSS","GEO/published cohort annotation","True","data/processed/coad_msi_probe_mean/GSE13067_labels.csv"
"GSE13067","GSM327351","MSS","GEO/published cohort annotation","True","data/processed/coad_msi_probe_mean/GSE13067_labels.csv"
"GSE13067","GSM327352","MSI","GEO/published cohort annotation","True","data/processed/coad_msi_probe_mean/GSE13067_labels.csv"
"GSE13067","GSM327353","MSI","GEO/published cohort annotation","True","data/processed/coad_msi_probe_mean/GSE13067_labels.csv"
"GSE13067","GSM327354","MSS","GEO/published cohort annotation","True","data/processed/coad_msi_probe_mean/GSE13067_labels.csv"
"GSE13067","GSM327355","MSS","GEO/published cohort annotation","True","data/processed/coad_msi_probe_mean/GSE13067_labels.csv"
"GSE18088","GSM452148","MSI","GEO/published cohort annotation","True","data/processed/coad_msi_probe_mean/GSE18088_labels.csv"
"GSE18088","GSM452149","MSS","GEO/published cohort annotation","True","data/processed/coad_msi_probe_mean/GSE18088_labels.csv"
"GSE18088","GSM452150","MSS","GEO/published cohort annotation","True","data/processed/coad_msi_probe_mean/GSE18088_labels.csv"
"GSE18088","GSM452151","MSS","GEO/published cohort annotation","True","data/processed/coad_msi_probe_mean/GSE18088_labels.csv"
"GSE18088","GSM452152","MSS","GEO/published cohort annotation","True","data/processed/coad_msi_probe_mean/GSE18088_labels.csv"
"GSE18088","GSM452153","MSI","GEO/published cohort annotation","True","data/processed/coad_msi_probe_mean/GSE18088_labels.csv"
"GSE18088","GSM452154","MSS","GEO/published cohort annotation","True","data/processed/coad_msi_probe_mean/GSE18088_labels.csv"
"GSE18088","GSM452155","MSS","GEO/published cohort annotation","True","data/processed/coad_msi_probe_mean/GSE18088_labels.csv"
"GSE18088","GSM452156","MSS","GEO/published cohort annotation","True","data/processed/coad_msi_probe_mean/GSE18088_labels.csv"
"GSE18088","GSM452157","MSI","GEO/published cohort annotation","True","data/processed/coad_msi_probe_mean/GSE18088_labels.csv"
"GSE18088","GSM452158","MSS","GEO/published cohort annotation","True","data/processed/coad_msi_probe_mean/GSE18088_labels.csv"
"GSE18088","GSM452159","MSI","GEO/published cohort annotation","True","data/processed/coad_msi_probe_mean/GSE18088_labels.csv"
"GSE18088","GSM452160","MSS","GEO/published cohort annotation","True","data/processed/coad_msi_probe_mean/GSE18088_labels.csv"
"GSE18088","GSM452161","MSS","GEO/published cohort annotation","True","data/processed/coad_msi_probe_mean/GSE18088_labels.csv"
"GSE18088","GSM452162","MSS","GEO/published cohort annotation","True","data/processed/coad_msi_probe_mean/GSE18088_labels.csv"
"GSE18088","GSM452163","MSI","GEO/published cohort annotation","True","data/processed/coad_msi_probe_mean/GSE18088_labels.csv"
"GSE18088","GSM452164","MSS","GEO/published cohort annotation","True","data/processed/coad_msi_probe_mean/GSE18088_labels.csv"
"GSE18088","GSM452165","MSS","GEO/published cohort annotation","True","data/processed/coad_msi_probe_mean/GSE18088_labels.csv"
"GSE18088","GSM452166","MSS","GEO/published cohort annotation","True","data/processed/coad_msi_probe_mean/GSE18088_labels.csv"
"GSE18088","GSM452167","MSS","GEO/published cohort annotation","True","data/processed/coad_msi_probe_mean/GSE18088_labels.csv"
"GSE18088","GSM452168","MSI","GEO/published cohort annotation","True","data/processed/coad_msi_probe_mean/GSE18088_labels.csv"
"GSE18088","GSM452169","MSI","GEO/published cohort annotation","True","data/processed/coad_msi_probe_mean/GSE18088_labels.csv"
"GSE18088","GSM452170","MSS","GEO/published cohort annotation","True","data/processed/coad_msi_probe_mean/GSE18088_labels.csv"
"GSE18088","GSM452171","MSS","GEO/published cohort annotation","True","data/processed/coad_msi_probe_mean/GSE18088_labels.csv"
"GSE18088","GSM452172","MSS","GEO/published cohort annotation","True","data/processed/coad_msi_probe_mean/GSE18088_labels.csv"
"GSE18088","GSM452173","MSI","GEO/published cohort annotation","True","data/processed/coad_msi_probe_mean/GSE18088_labels.csv"
"GSE18088","GSM452174","MSI","GEO/published cohort annotation","True","data/processed/coad_msi_probe_mean/GSE18088_labels.csv"
"GSE18088","GSM452175","MSI","GEO/published cohort annotation","True","data/processed/coad_msi_probe_mean/GSE18088_labels.csv"
"GSE18088","GSM452176","MSS","GEO/published cohort annotation","True","data/processed/coad_msi_probe_mean/GSE18088_labels.csv"
"GSE18088","GSM452177","MSS","GEO/published cohort annotation","True","data/processed/coad_msi_probe_mean/GSE18088_labels.csv"
"GSE18088","GSM452178","MSS","GEO/published cohort annotation","True","data/processed/coad_msi_probe_mean/GSE18088_labels.csv"
"GSE18088","GSM452179","MSI","GEO/published cohort annotation","True","data/processed/coad_msi_probe_mean/GSE18088_labels.csv"
"GSE18088","GSM452180","MSI","GEO/published cohort annotation","True","data/processed/coad_msi_probe_mean/GSE18088_labels.csv"
"GSE18088","GSM452181","MSS","GEO/published cohort annotation","True","data/processed/coad_msi_probe_mean/GSE18088_labels.csv"
"GSE18088","GSM452182","MSI","GEO/published cohort annotation","True","data/processed/coad_msi_probe_mean/GSE18088_labels.csv"
"GSE18088","GSM452183","MSI","GEO/published cohort annotation","True","data/processed/coad_msi_probe_mean/GSE18088_labels.csv"
"GSE18088","GSM452184","MSI","GEO/published cohort annotation","True","data/processed/coad_msi_probe_mean/GSE18088_labels.csv"
"GSE18088","GSM452185","MSS","GEO/published cohort annotation","True","data/processed/coad_msi_probe_mean/GSE18088_labels.csv"
"GSE18088","GSM452186","MSS","GEO/published cohort annotation","True","data/processed/coad_msi_probe_mean/GSE18088_labels.csv"
"GSE18088","GSM452187","MSS","GEO/published cohort annotation","True","data/processed/coad_msi_probe_mean/GSE18088_labels.csv"
"GSE18088","GSM452188","MSI","GEO/published cohort annotation","True","data/processed/coad_msi_probe_mean/GSE18088_labels.csv"
"GSE18088","GSM452189","MSI","GEO/published cohort annotation","True","data/processed/coad_msi_probe_mean/GSE18088_labels.csv"
"GSE18088","GSM452190","MSS","GEO/published cohort annotation","True","data/processed/coad_msi_probe_mean/GSE18088_labels.csv"
"GSE18088","GSM452191","MSS","GEO/published cohort annotation","True","data/processed/coad_msi_probe_mean/GSE18088_labels.csv"
"GSE18088","GSM452192","MSS","GEO/published cohort annotation","True","data/processed/coad_msi_probe_mean/GSE18088_labels.csv"
"GSE18088","GSM452193","MSS","GEO/published cohort annotation","True","data/processed/coad_msi_probe_mean/GSE18088_labels.csv"
"GSE18088","GSM452194","MSS","GEO/published cohort annotation","True","data/processed/coad_msi_probe_mean/GSE18088_labels.csv"
"GSE18088","GSM452195","MSS","GEO/published cohort annotation","True","data/processed/coad_msi_probe_mean/GSE18088_labels.csv"
"GSE18088","GSM452196","MSS","GEO/published cohort annotation","True","data/processed/coad_msi_probe_mean/GSE18088_labels.csv"
"GSE18088","GSM452197","MSI","GEO/published cohort annotation","True","data/processed/coad_msi_probe_mean/GSE18088_labels.csv"
"GSE18088","GSM452198","MSS","GEO/published cohort annotation","True","data/processed/coad_msi_probe_mean/GSE18088_labels.csv"
"GSE18088","GSM452199","MSS","GEO/published cohort annotation","True","data/processed/coad_msi_probe_mean/GSE18088_labels.csv"
"GSE18088","GSM452200","MSI","GEO/published cohort annotation","True","data/processed/coad_msi_probe_mean/GSE18088_labels.csv"
"GSE26682","GSM656542","MSS","GEO/published cohort annotation","True","data/processed/coad_msi_probe_mean/GSE26682_labels.csv"
"GSE26682","GSM656543","MSS","GEO/published cohort annotation","True","data/processed/coad_msi_probe_mean/GSE26682_labels.csv"
"GSE26682","GSM656545","MSI","GEO/published cohort annotation","True","data/processed/coad_msi_probe_mean/GSE26682_labels.csv"
"GSE26682","GSM656546","MSS","GEO/published cohort annotation","True","data/processed/coad_msi_probe_mean/GSE26682_labels.csv"
"GSE26682","GSM656548","MSS","GEO/published cohort annotation","True","data/processed/coad_msi_probe_mean/GSE26682_labels.csv"
"GSE26682","GSM656550","MSS","GEO/published cohort annotation","True","data/processed/coad_msi_probe_mean/GSE26682_labels.csv"
"GSE26682","GSM656552","MSS","GEO/published cohort annotation","True","data/processed/coad_msi_probe_mean/GSE26682_labels.csv"
"GSE26682","GSM656553","MSS","GEO/published cohort annotation","True","data/processed/coad_msi_probe_mean/GSE26682_labels.csv"
"GSE26682","GSM656555","MSS","GEO/published cohort annotation","True","data/processed/coad_msi_probe_mean/GSE26682_labels.csv"
"GSE26682","GSM656556","MSS","GEO/published cohort annotation","True","data/processed/coad_msi_probe_mean/GSE26682_labels.csv"
"GSE26682","GSM656557","MSS","GEO/published cohort annotation","True","data/processed/coad_msi_probe_mean/GSE26682_labels.csv"
"GSE26682","GSM656558","MSS","GEO/published cohort annotation","True","data/processed/coad_msi_probe_mean/GSE26682_labels.csv"
"GSE26682","GSM656559","MSI","GEO/published cohort annotation","True","data/processed/coad_msi_probe_mean/GSE26682_labels.csv"
"GSE26682","GSM656560","MSS","GEO/published cohort annotation","True","data/processed/coad_msi_probe_mean/GSE26682_labels.csv"
"GSE26682","GSM656561","MSS","GEO/published cohort annotation","True","data/processed/coad_msi_probe_mean/GSE26682_labels.csv"
"GSE26682","GSM656567","MSS","GEO/published cohort annotation","True","data/processed/coad_msi_probe_mean/GSE26682_labels.csv"
"GSE26682","GSM656568","MSS","GEO/published cohort annotation","True","data/processed/coad_msi_probe_mean/GSE26682_labels.csv"
"GSE26682","GSM656569","MSS","GEO/published cohort annotation","True","data/processed/coad_msi_probe_mean/GSE26682_labels.csv"
"GSE26682","GSM656570","MSS","GEO/published cohort annotation","True","data/processed/coad_msi_probe_mean/GSE26682_labels.csv"
"GSE26682","GSM656574","MSS","GEO/published cohort annotation","True","data/processed/coad_msi_probe_mean/GSE26682_labels.csv"
"GSE26682","GSM656580","MSS","GEO/published cohort annotation","True","data/processed/coad_msi_probe_mean/GSE26682_labels.csv"
"GSE26682","GSM656582","MSS","GEO/published cohort annotation","True","data/processed/coad_msi_probe_mean/GSE26682_labels.csv"
"GSE26682","GSM656583","MSI","GEO/published cohort annotation","True","data/processed/coad_msi_probe_mean/GSE26682_labels.csv"
"GSE26682","GSM656584","MSS","GEO/published cohort annotation","True","data/processed/coad_msi_probe_mean/GSE26682_labels.csv"
"GSE26682","GSM656585","MSS","GEO/published cohort annotation","True","data/processed/coad_msi_probe_mean/GSE26682_labels.csv"
"GSE26682","GSM656586","MSS","GEO/published cohort annotation","True","data/processed/coad_msi_probe_mean/GSE26682_labels.csv"
"GSE26682","GSM656587","MSS","GEO/published cohort annotation","True","data/processed/coad_msi_probe_mean/GSE26682_labels.csv"
"GSE26682","GSM656590","MSI","GEO/published cohort annotation","True","data/processed/coad_msi_probe_mean/GSE26682_labels.csv"
"GSE26682","GSM656592","MSS","GEO/published cohort annotation","True","data/processed/coad_msi_probe_mean/GSE26682_labels.csv"
"GSE26682","GSM656596","MSS","GEO/published cohort annotation","True","data/processed/coad_msi_probe_mean/GSE26682_labels.csv"
"GSE26682","GSM656598","MSS","GEO/published cohort annotation","True","data/processed/coad_msi_probe_mean/GSE26682_labels.csv"
"GSE26682","GSM656601","MSS","GEO/published cohort annotation","True","data/processed/coad_msi_probe_mean/GSE26682_labels.csv"
"GSE26682","GSM656603","MSI","GEO/published cohort annotation","True","data/processed/coad_msi_probe_mean/GSE26682_labels.csv"
"GSE26682","GSM656612","MSI","GEO/published cohort annotation","True","data/processed/coad_msi_probe_mean/GSE26682_labels.csv"
"GSE26682","GSM656613","MSS","GEO/published cohort annotation","True","data/processed/coad_msi_probe_mean/GSE26682_labels.csv"
"GSE26682","GSM656617","MSS","GEO/published cohort annotation","True","data/processed/coad_msi_probe_mean/GSE26682_labels.csv"
"GSE26682","GSM656618","MSS","GEO/published cohort annotation","True","data/processed/coad_msi_probe_mean/GSE26682_labels.csv"
"GSE26682","GSM656625","MSS","GEO/published cohort annotation","True","data/processed/coad_msi_probe_mean/GSE26682_labels.csv"
"GSE26682","GSM656634","MSS","GEO/published cohort annotation","True","data/processed/coad_msi_probe_mean/GSE26682_labels.csv"
"GSE26682","GSM656635","MSS","GEO/published cohort annotation","True","data/processed/coad_msi_probe_mean/GSE26682_labels.csv"
"GSE26682","GSM656636","MSS","GEO/published cohort annotation","True","data/processed/coad_msi_probe_mean/GSE26682_labels.csv"
"GSE26682","GSM656639","MSS","GEO/published cohort annotation","True","data/processed/coad_msi_probe_mean/GSE26682_labels.csv"
"GSE26682","GSM656640","MSS","GEO/published cohort annotation","True","data/processed/coad_msi_probe_mean/GSE26682_labels.csv"
"GSE26682","GSM656642","MSS","GEO/published cohort annotation","True","data/processed/coad_msi_probe_mean/GSE26682_labels.csv"
"GSE26682","GSM656644","MSS","GEO/published cohort annotation","True","data/processed/coad_msi_probe_mean/GSE26682_labels.csv"
"GSE26682","GSM656657","MSS","GEO/published cohort annotation","True","data/processed/coad_msi_probe_mean/GSE26682_labels.csv"
"GSE26682","GSM656662","MSS","GEO/published cohort annotation","True","data/processed/coad_msi_probe_mean/GSE26682_labels.csv"
"GSE26682","GSM656663","MSS","GEO/published cohort annotation","True","data/processed/coad_msi_probe_mean/GSE26682_labels.csv"
"GSE26682","GSM656669","MSI","GEO/published cohort annotation","True","data/processed/coad_msi_probe_mean/GSE26682_labels.csv"
"GSE26682","GSM656672","MSS","GEO/published cohort annotation","True","data/processed/coad_msi_probe_mean/GSE26682_labels.csv"
"GSE26682","GSM656675","MSS","GEO/published cohort annotation","True","data/processed/coad_msi_probe_mean/GSE26682_labels.csv"
"GSE26682","GSM656676","MSS","GEO/published cohort annotation","True","data/processed/coad_msi_probe_mean/GSE26682_labels.csv"
"GSE26682","GSM656678","MSS","GEO/published cohort annotation","True","data/processed/coad_msi_probe_mean/GSE26682_labels.csv"
"GSE26682","GSM656679","MSI","GEO/published cohort annotation","True","data/processed/coad_msi_probe_mean/GSE26682_labels.csv"
"GSE26682","GSM656683","MSS","GEO/published cohort annotation","True","data/processed/coad_msi_probe_mean/GSE26682_labels.csv"
"GSE26682","GSM656687","MSS","GEO/published cohort annotation","True","data/processed/coad_msi_probe_mean/GSE26682_labels.csv"
"GSE26682","GSM656691","MSS","GEO/published cohort annotation","True","data/processed/coad_msi_probe_mean/GSE26682_labels.csv"
"GSE26682","GSM656692","MSS","GEO/published cohort annotation","True","data/processed/coad_msi_probe_mean/GSE26682_labels.csv"
"GSE26682","GSM656693","MSS","GEO/published cohort annotation","True","data/processed/coad_msi_probe_mean/GSE26682_labels.csv"
"GSE26682","GSM656695","MSS","GEO/published cohort annotation","True","data/processed/coad_msi_probe_mean/GSE26682_labels.csv"
"GSE26682","GSM656698","MSS","GEO/published cohort annotation","True","data/processed/coad_msi_probe_mean/GSE26682_labels.csv"
"GSE26682","GSM656699","MSS","GEO/published cohort annotation","True","data/processed/coad_msi_probe_mean/GSE26682_labels.csv"
"GSE26682","GSM656700","MSS","GEO/published cohort annotation","True","data/processed/coad_msi_probe_mean/GSE26682_labels.csv"
"GSE26682","GSM656701","MSS","GEO/published cohort annotation","True","data/processed/coad_msi_probe_mean/GSE26682_labels.csv"
"GSE26682","GSM656702","MSS","GEO/published cohort annotation","True","data/processed/coad_msi_probe_mean/GSE26682_labels.csv"
"GSE26682","GSM656703","MSS","GEO/published cohort annotation","True","data/processed/coad_msi_probe_mean/GSE26682_labels.csv"
"GSE26682","GSM656704","MSS","GEO/published cohort annotation","True","data/processed/coad_msi_probe_mean/GSE26682_labels.csv"
"GSE26682","GSM656705","MSS","GEO/published cohort annotation","True","data/processed/coad_msi_probe_mean/GSE26682_labels.csv"
"GSE26682","GSM656707","MSS","GEO/published cohort annotation","True","data/processed/coad_msi_probe_mean/GSE26682_labels.csv"
"GSE26682","GSM656710","MSS","GEO/published cohort annotation","True","data/processed/coad_msi_probe_mean/GSE26682_labels.csv"
"GSE26682","GSM656711","MSS","GEO/published cohort annotation","True","data/processed/coad_msi_probe_mean/GSE26682_labels.csv"
"GSE26682","GSM656714","MSS","GEO/published cohort annotation","True","data/processed/coad_msi_probe_mean/GSE26682_labels.csv"
"GSE26682","GSM656715","MSS","GEO/published cohort annotation","True","data/processed/coad_msi_probe_mean/GSE26682_labels.csv"
"GSE26682","GSM656720","MSS","GEO/published cohort annotation","True","data/processed/coad_msi_probe_mean/GSE26682_labels.csv"
"GSE26682","GSM656721","MSS","GEO/published cohort annotation","True","data/processed/coad_msi_probe_mean/GSE26682_labels.csv"
"GSE26682","GSM656726","MSS","GEO/published cohort annotation","True","data/processed/coad_msi_probe_mean/GSE26682_labels.csv"
"GSE26682","GSM656732","MSS","GEO/published cohort annotation","True","data/processed/coad_msi_probe_mean/GSE26682_labels.csv"
"GSE26682","GSM656735","MSS","GEO/published cohort annotation","True","data/processed/coad_msi_probe_mean/GSE26682_labels.csv"
"GSE26682","GSM656736","MSI","GEO/published cohort annotation","True","data/processed/coad_msi_probe_mean/GSE26682_labels.csv"
"GSE26682","GSM656737","MSS","GEO/published cohort annotation","True","data/processed/coad_msi_probe_mean/GSE26682_labels.csv"
"GSE26682","GSM656739","MSS","GEO/published cohort annotation","True","data/processed/coad_msi_probe_mean/GSE26682_labels.csv"
"GSE26682","GSM656742","MSS","GEO/published cohort annotation","True","data/processed/coad_msi_probe_mean/GSE26682_labels.csv"
"GSE26682","GSM656749","MSS","GEO/published cohort annotation","True","data/processed/coad_msi_probe_mean/GSE26682_labels.csv"
"GSE26682","GSM656768","MSS","GEO/published cohort annotation","True","data/processed/coad_msi_probe_mean/GSE26682_labels.csv"
"GSE26682","GSM656769","MSS","GEO/published cohort annotation","True","data/processed/coad_msi_probe_mean/GSE26682_labels.csv"
"GSE26682","GSM656770","MSS","GEO/published cohort annotation","True","data/processed/coad_msi_probe_mean/GSE26682_labels.csv"
"GSE26682","GSM656772","MSS","GEO/published cohort annotation","True","data/processed/coad_msi_probe_mean/GSE26682_labels.csv"
"GSE26682","GSM656775","MSS","GEO/published cohort annotation","True","data/processed/coad_msi_probe_mean/GSE26682_labels.csv"
"GSE26682","GSM656776","MSS","GEO/published cohort annotation","True","data/processed/coad_msi_probe_mean/GSE26682_labels.csv"
"GSE26682","GSM656777","MSS","GEO/published cohort annotation","True","data/processed/coad_msi_probe_mean/GSE26682_labels.csv"
"GSE26682","GSM656783","MSS","GEO/published cohort annotation","True","data/processed/coad_msi_probe_mean/GSE26682_labels.csv"
"GSE26682","GSM656785","MSS","GEO/published cohort annotation","True","data/processed/coad_msi_probe_mean/GSE26682_labels.csv"
"GSE26682","GSM656787","MSS","GEO/published cohort annotation","True","data/processed/coad_msi_probe_mean/GSE26682_labels.csv"
"GSE26682","GSM656794","MSS","GEO/published cohort annotation","True","data/processed/coad_msi_probe_mean/GSE26682_labels.csv"
"GSE26682","GSM656800","MSS","GEO/published cohort annotation","True","data/processed/coad_msi_probe_mean/GSE26682_labels.csv"
"GSE26682","GSM656803","MSS","GEO/published cohort annotation","True","data/processed/coad_msi_probe_mean/GSE26682_labels.csv"
"GSE26682","GSM656804","MSS","GEO/published cohort annotation","True","data/processed/coad_msi_probe_mean/GSE26682_labels.csv"
"GSE26682","GSM656806","MSS","GEO/published cohort annotation","True","data/processed/coad_msi_probe_mean/GSE26682_labels.csv"
"GSE26682","GSM656809","MSS","GEO/published cohort annotation","True","data/processed/coad_msi_probe_mean/GSE26682_labels.csv"
"GSE26682","GSM656811","MSS","GEO/published cohort annotation","True","data/processed/coad_msi_probe_mean/GSE26682_labels.csv"
"GSE26682","GSM656816","MSS","GEO/published cohort annotation","True","data/processed/coad_msi_probe_mean/GSE26682_labels.csv"
"GSE26682","GSM656819","MSS","GEO/published cohort annotation","True","data/processed/coad_msi_probe_mean/GSE26682_labels.csv"
"GSE26682","GSM656820","MSI","GEO/published cohort annotation","True","data/processed/coad_msi_probe_mean/GSE26682_labels.csv"
"GSE26682","GSM656822","MSS","GEO/published cohort annotation","True","data/processed/coad_msi_probe_mean/GSE26682_labels.csv"
"GSE26682","GSM656824","MSS","GEO/published cohort annotation","True","data/processed/coad_msi_probe_mean/GSE26682_labels.csv"
"GSE26682","GSM656825","MSS","GEO/published cohort annotation","True","data/processed/coad_msi_probe_mean/GSE26682_labels.csv"
"GSE26682","GSM656830","MSS","GEO/published cohort annotation","True","data/processed/coad_msi_probe_mean/GSE26682_labels.csv"
"GSE26682","GSM656831","MSS","GEO/published cohort annotation","True","data/processed/coad_msi_probe_mean/GSE26682_labels.csv"
"GSE26682","GSM656832","MSS","GEO/published cohort annotation","True","data/processed/coad_msi_probe_mean/GSE26682_labels.csv"
"GSE26682","GSM656833","MSS","GEO/published cohort annotation","True","data/processed/coad_msi_probe_mean/GSE26682_labels.csv"
"GSE26682","GSM656834","MSS","GEO/published cohort annotation","True","data/processed/coad_msi_probe_mean/GSE26682_labels.csv"
"GSE26682","GSM656836","MSS","GEO/published cohort annotation","True","data/processed/coad_msi_probe_mean/GSE26682_labels.csv"
"GSE26682","GSM656837","MSI","GEO/published cohort annotation","True","data/processed/coad_msi_probe_mean/GSE26682_labels.csv"
"GSE26682","GSM656840","MSS","GEO/published cohort annotation","True","data/processed/coad_msi_probe_mean/GSE26682_labels.csv"
"GSE26682","GSM656841","MSS","GEO/published cohort annotation","True","data/processed/coad_msi_probe_mean/GSE26682_labels.csv"
"GSE26682","GSM656842","MSI","GEO/published cohort annotation","True","data/processed/coad_msi_probe_mean/GSE26682_labels.csv"
"GSE26682","GSM656843","MSS","GEO/published cohort annotation","True","data/processed/coad_msi_probe_mean/GSE26682_labels.csv"
"GSE26682","GSM656845","MSS","GEO/published cohort annotation","True","data/processed/coad_msi_probe_mean/GSE26682_labels.csv"
"GSE26682","GSM656846","MSS","GEO/published cohort annotation","True","data/processed/coad_msi_probe_mean/GSE26682_labels.csv"
"GSE26682","GSM656847","MSS","GEO/published cohort annotation","True","data/processed/coad_msi_probe_mean/GSE26682_labels.csv"
"GSE26682","GSM656849","MSI","GEO/published cohort annotation","True","data/processed/coad_msi_probe_mean/GSE26682_labels.csv"
"GSE26682","GSM656850","MSI","GEO/published cohort annotation","True","data/processed/coad_msi_probe_mean/GSE26682_labels.csv"
"GSE26682","GSM656851","MSI","GEO/published cohort annotation","True","data/processed/coad_msi_probe_mean/GSE26682_labels.csv"
"GSE26682","GSM656853","MSS","GEO/published cohort annotation","True","data/processed/coad_msi_probe_mean/GSE26682_labels.csv"
"GSE26682","GSM656854","MSI","GEO/published cohort annotation","True","data/processed/coad_msi_probe_mean/GSE26682_labels.csv"
"GSE26682","GSM656857","MSS","GEO/published cohort annotation","True","data/processed/coad_msi_probe_mean/GSE26682_labels.csv"
"GSE26682","GSM656858","MSS","GEO/published cohort annotation","True","data/processed/coad_msi_probe_mean/GSE26682_labels.csv"
"GSE26682","GSM656859","MSS","GEO/published cohort annotation","True","data/processed/coad_msi_probe_mean/GSE26682_labels.csv"
"GSE26682","GSM656860","MSS","GEO/published cohort annotation","True","data/processed/coad_msi_probe_mean/GSE26682_labels.csv"
"GSE26682","GSM656861","MSS","GEO/published cohort annotation","True","data/processed/coad_msi_probe_mean/GSE26682_labels.csv"
"GSE26682","GSM656863","MSS","GEO/published cohort annotation","True","data/processed/coad_msi_probe_mean/GSE26682_labels.csv"
"GSE26682","GSM656864","MSI","GEO/published cohort annotation","True","data/processed/coad_msi_probe_mean/GSE26682_labels.csv"
"GSE26682","GSM656865","MSI","GEO/published cohort annotation","True","data/processed/coad_msi_probe_mean/GSE26682_labels.csv"
"GSE26682","GSM656867","MSS","GEO/published cohort annotation","True","data/processed/coad_msi_probe_mean/GSE26682_labels.csv"
"GSE26682","GSM656868","MSS","GEO/published cohort annotation","True","data/processed/coad_msi_probe_mean/GSE26682_labels.csv"
"GSE26682","GSM656869","MSS","GEO/published cohort annotation","True","data/processed/coad_msi_probe_mean/GSE26682_labels.csv"
"GSE26682","GSM656870","MSS","GEO/published cohort annotation","True","data/processed/coad_msi_probe_mean/GSE26682_labels.csv"
"GSE39084","GSM955440","MSS","GEO/published cohort annotation","True","data/processed/coad_msi_probe_mean/GSE39084_labels.csv"
"GSE39084","GSM955441","MSS","GEO/published cohort annotation","True","data/processed/coad_msi_probe_mean/GSE39084_labels.csv"
"GSE39084","GSM955442","MSS","GEO/published cohort annotation","True","data/processed/coad_msi_probe_mean/GSE39084_labels.csv"
"GSE39084","GSM955443","MSS","GEO/published cohort annotation","True","data/processed/coad_msi_probe_mean/GSE39084_labels.csv"
"GSE39084","GSM955444","MSS","GEO/published cohort annotation","True","data/processed/coad_msi_probe_mean/GSE39084_labels.csv"
"GSE39084","GSM955445","MSS","GEO/published cohort annotation","True","data/processed/coad_msi_probe_mean/GSE39084_labels.csv"
"GSE39084","GSM955446","MSS","GEO/published cohort annotation","True","data/processed/coad_msi_probe_mean/GSE39084_labels.csv"
"GSE39084","GSM955447","MSI","GEO/published cohort annotation","True","data/processed/coad_msi_probe_mean/GSE39084_labels.csv"
"GSE39084","GSM955448","MSI","GEO/published cohort annotation","True","data/processed/coad_msi_probe_mean/GSE39084_labels.csv"
"GSE39084","GSM955449","MSS","GEO/published cohort annotation","True","data/processed/coad_msi_probe_mean/GSE39084_labels.csv"
"GSE39084","GSM955450","MSS","GEO/published cohort annotation","True","data/processed/coad_msi_probe_mean/GSE39084_labels.csv"
"GSE39084","GSM955451","MSS","GEO/published cohort annotation","True","data/processed/coad_msi_probe_mean/GSE39084_labels.csv"
"GSE39084","GSM955452","MSS","GEO/published cohort annotation","True","data/processed/coad_msi_probe_mean/GSE39084_labels.csv"
"GSE39084","GSM955453","MSS","GEO/published cohort annotation","True","data/processed/coad_msi_probe_mean/GSE39084_labels.csv"
"GSE39084","GSM955455","MSS","GEO/published cohort annotation","True","data/processed/coad_msi_probe_mean/GSE39084_labels.csv"
"GSE39084","GSM955456","MSS","GEO/published cohort annotation","True","data/processed/coad_msi_probe_mean/GSE39084_labels.csv"
"GSE39084","GSM955457","MSS","GEO/published cohort annotation","True","data/processed/coad_msi_probe_mean/GSE39084_labels.csv"
"GSE39084","GSM955458","MSI","GEO/published cohort annotation","True","data/processed/coad_msi_probe_mean/GSE39084_labels.csv"
"GSE39084","GSM955459","MSI","GEO/published cohort annotation","True","data/processed/coad_msi_probe_mean/GSE39084_labels.csv"
"GSE39084","GSM955460","MSI","GEO/published cohort annotation","True","data/processed/coad_msi_probe_mean/GSE39084_labels.csv"
"GSE39084","GSM955461","MSI","GEO/published cohort annotation","True","data/processed/coad_msi_probe_mean/GSE39084_labels.csv"
"GSE39084","GSM955462","MSS","GEO/published cohort annotation","True","data/processed/coad_msi_probe_mean/GSE39084_labels.csv"
"GSE39084","GSM955463","MSS","GEO/published cohort annotation","True","data/processed/coad_msi_probe_mean/GSE39084_labels.csv"
"GSE39084","GSM955464","MSS","GEO/published cohort annotation","True","data/processed/coad_msi_probe_mean/GSE39084_labels.csv"
"GSE39084","GSM955466","MSI","GEO/published cohort annotation","True","data/processed/coad_msi_probe_mean/GSE39084_labels.csv"
"GSE39084","GSM955467","MSI","GEO/published cohort annotation","True","data/processed/coad_msi_probe_mean/GSE39084_labels.csv"
"GSE39084","GSM955468","MSI","GEO/published cohort annotation","True","data/processed/coad_msi_probe_mean/GSE39084_labels.csv"
"GSE39084","GSM955469","MSI","GEO/published cohort annotation","True","data/processed/coad_msi_probe_mean/GSE39084_labels.csv"
"GSE39084","GSM955470","MSI","GEO/published cohort annotation","True","data/processed/coad_msi_probe_mean/GSE39084_labels.csv"
"GSE39084","GSM955471","MSI","GEO/published cohort annotation","True","data/processed/coad_msi_probe_mean/GSE39084_labels.csv"
"GSE39084","GSM955472","MSI","GEO/published cohort annotation","True","data/processed/coad_msi_probe_mean/GSE39084_labels.csv"
"GSE39084","GSM955473","MSI","GEO/published cohort annotation","True","data/processed/coad_msi_probe_mean/GSE39084_labels.csv"
"GSE39084","GSM955474","MSS","GEO/published cohort annotation","True","data/processed/coad_msi_probe_mean/GSE39084_labels.csv"
"GSE39084","GSM955475","MSS","GEO/published cohort annotation","True","data/processed/coad_msi_probe_mean/GSE39084_labels.csv"
"GSE39084","GSM955476","MSS","GEO/published cohort annotation","True","data/processed/coad_msi_probe_mean/GSE39084_labels.csv"
"GSE39084","GSM955477","MSS","GEO/published cohort annotation","True","data/processed/coad_msi_probe_mean/GSE39084_labels.csv"
"GSE39084","GSM955478","MSS","GEO/published cohort annotation","True","data/processed/coad_msi_probe_mean/GSE39084_labels.csv"
"GSE39084","GSM955479","MSS","GEO/published cohort annotation","True","data/processed/coad_msi_probe_mean/GSE39084_labels.csv"
"GSE39084","GSM955480","MSS","GEO/published cohort annotation","True","data/processed/coad_msi_probe_mean/GSE39084_labels.csv"
"GSE39084","GSM955482","MSS","GEO/published cohort annotation","True","data/processed/coad_msi_probe_mean/GSE39084_labels.csv"
"GSE39084","GSM955483","MSS","GEO/published cohort annotation","True","data/processed/coad_msi_probe_mean/GSE39084_labels.csv"
"GSE39084","GSM955484","MSS","GEO/published cohort annotation","True","data/processed/coad_msi_probe_mean/GSE39084_labels.csv"
"GSE39084","GSM955485","MSS","GEO/published cohort annotation","True","data/processed/coad_msi_probe_mean/GSE39084_labels.csv"
"GSE39084","GSM955486","MSS","GEO/published cohort annotation","True","data/processed/coad_msi_probe_mean/GSE39084_labels.csv"
"GSE39084","GSM955487","MSS","GEO/published cohort annotation","True","data/processed/coad_msi_probe_mean/GSE39084_labels.csv"
"GSE39084","GSM955488","MSS","GEO/published cohort annotation","True","data/processed/coad_msi_probe_mean/GSE39084_labels.csv"
"GSE39084","GSM955489","MSS","GEO/published cohort annotation","True","data/processed/coad_msi_probe_mean/GSE39084_labels.csv"
"GSE39084","GSM955490","MSS","GEO/published cohort annotation","True","data/processed/coad_msi_probe_mean/GSE39084_labels.csv"
"GSE39084","GSM955491","MSS","GEO/published cohort annotation","True","data/processed/coad_msi_probe_mean/GSE39084_labels.csv"
"GSE39084","GSM955492","MSS","GEO/published cohort annotation","True","data/processed/coad_msi_probe_mean/GSE39084_labels.csv"
"GSE39084","GSM955493","MSS","GEO/published cohort annotation","True","data/processed/coad_msi_probe_mean/GSE39084_labels.csv"
"GSE39084","GSM955494","MSS","GEO/published cohort annotation","True","data/processed/coad_msi_probe_mean/GSE39084_labels.csv"
"GSE39084","GSM955495","MSS","GEO/published cohort annotation","True","data/processed/coad_msi_probe_mean/GSE39084_labels.csv"
"GSE39084","GSM955496","MSS","GEO/published cohort annotation","True","data/processed/coad_msi_probe_mean/GSE39084_labels.csv"
"GSE39084","GSM955497","MSS","GEO/published cohort annotation","True","data/processed/coad_msi_probe_mean/GSE39084_labels.csv"
"GSE39084","GSM955498","MSS","GEO/published cohort annotation","True","data/processed/coad_msi_probe_mean/GSE39084_labels.csv"
"GSE39084","GSM955499","MSS","GEO/published cohort annotation","True","data/processed/coad_msi_probe_mean/GSE39084_labels.csv"
"GSE39084","GSM955500","MSS","GEO/published cohort annotation","True","data/processed/coad_msi_probe_mean/GSE39084_labels.csv"
"GSE39084","GSM955501","MSS","GEO/published cohort annotation","True","data/processed/coad_msi_probe_mean/GSE39084_labels.csv"
"GSE39084","GSM955502","MSS","GEO/published cohort annotation","True","data/processed/coad_msi_probe_mean/GSE39084_labels.csv"
"GSE39084","GSM955503","MSS","GEO/published cohort annotation","True","data/processed/coad_msi_probe_mean/GSE39084_labels.csv"
"GSE39084","GSM955504","MSS","GEO/published cohort annotation","True","data/processed/coad_msi_probe_mean/GSE39084_labels.csv"
"GSE39084","GSM955505","MSS","GEO/published cohort annotation","True","data/processed/coad_msi_probe_mean/GSE39084_labels.csv"
"GSE39084","GSM955506","MSS","GEO/published cohort annotation","True","data/processed/coad_msi_probe_mean/GSE39084_labels.csv"
"GSE39084","GSM955507","MSS","GEO/published cohort annotation","True","data/processed/coad_msi_probe_mean/GSE39084_labels.csv"
"GSE39084","GSM955508","MSI","GEO/published cohort annotation","True","data/processed/coad_msi_probe_mean/GSE39084_labels.csv"
"GSE39084","GSM955509","MSI","GEO/published cohort annotation","True","data/processed/coad_msi_probe_mean/GSE39084_labels.csv"
