cohort,representation,calibration_slope,ci_lower,ci_upper,n_bootstrap_finite,n_bootstrap_nonpositive
GSE13294,fixed_log_expression,0.5280981207847795,0.3715807841866815,0.9549098301851219,500,0
GSE13067,fixed_log_expression,1.7765619693359267,1.3681031192632596,9.443021400226927,500,0
GSE18088,fixed_log_expression,1.3366195133974572,0.7580451464057254,75.36073825880072,500,0
GSE26682,fixed_log_expression,0.8735019021895377,0.6218138906790133,2.0775320220552427,500,0
GSE39084,fixed_log_expression,1.1192220639579022,0.736432761929487,21.987266634679568,500,0
GSE13294,single_sample_rank,0.8295750189679764,0.623378726279938,1.2882703339930661,500,0
GSE13067,single_sample_rank,17.757752034378456,3.923866438323462,21.727927909010692,500,0
GSE18088,single_sample_rank,1.4137862190257628,0.9151991317043952,686.3008989423502,500,0
GSE26682,single_sample_rank,0.8966218268547563,0.6675936614777273,11.131695708025912,500,0
GSE39084,single_sample_rank,3.045649906724184,2.017000446427315,373.41883189584235,500,0
