design,cohort,representation,model,n,prevalence,mean_prediction,sd_prediction,min_prediction,max_prediction,calibration_intercept,calibration_slope,brier,brier_skill,ici,prevalence_prediction_gap
TCGA_to_GEO,GSE13067,fixed_log_expression,elastic_net,74,0.14864864864864866,0.6533382732949748,0.35868575567144634,0.0025535272434353,1.0,-11.263581911290933,1.7554548029595722,0.4052006304264068,-2.201845096991348,0.4852457308299462,0.5046896246463262
TCGA_to_GEO,GSE13067,fixed_log_expression,svm_rbf,74,0.14864864864864866,0.396346491370604,0.18708412986512246,0.1264193501018073,0.8739372447092173,-4.056200081164008,7.998045294344017,0.1185570062909246,0.0631772489911925,0.2648873704643859,0.24769784272195536
TCGA_to_GEO,GSE13067,fixed_log_expression,xgboost,74,0.14864864864864866,0.21511737740523104,0.1174661587979667,0.072366751730442,0.664801836013794,2.013157484252743,3.743039129463512,0.0904009118676185,0.2856632130056576,0.1368021557476111,0.06646872875658238
TCGA_to_GEO,GSE13067,single_sample_rank,compact_rank_20,74,0.14864864864864866,0.23229738873450811,0.35784447323987756,7.395826189002152e-06,0.9999995630223462,-13.538833025634972,5.765533976705272,0.0327411728789428,0.7412833150287284,0.0775368504281859,0.08364874008585946
TCGA_to_GEO,GSE13067,single_sample_rank,elastic_net,74,0.14864864864864866,0.17210165448891895,0.33081348474930383,0.000173221094883,0.9994138479232788,-2.4106370434329074,17.757752034378438,0.009393029846251,0.925777443812308,0.0301720376399444,0.023453005840270297
TCGA_to_GEO,GSE13067,single_sample_rank,svm_rbf,74,0.14864864864864866,0.2228640681861564,0.0,0.2228640681861564,0.2228640681861564,-0.6816806388968593,0.8514553175394513,0.1320601564007075,-0.0435229674607136,0.0742154195375077,0.07421541953750774
TCGA_to_GEO,GSE13067,single_sample_rank,xgboost,74,0.14864864864864866,0.26048512646072614,0.17931878521140904,0.0367502756416797,0.7668938040733337,0.3429171520252065,3.5887004047630646,0.0778050422668457,0.3851942114671759,0.1517973260673629,0.11183647781207748
TCGA_to_GEO,GSE13067,target_cohort_adaptive_zscore,elastic_net,74,0.14864864864864866,0.2645064276455102,0.3508551268947435,0.0001312533859163,0.9999988079071044,-3.144681376662439,1.24320601295181,0.0529634207487106,0.5814896219048493,0.1081645492696646,0.11585777899686153
TCGA_to_GEO,GSE13067,target_cohort_adaptive_zscore,svm_rbf,74,0.14864864864864866,0.17137071552662198,0.30930575345838374,0.0007806621194217,0.9913488275175418,-0.4070333680631013,1.7631071423124955,0.0249714409936226,0.8026787721773772,0.0312623401134991,0.022722066877973318
TCGA_to_GEO,GSE13067,target_cohort_adaptive_zscore,xgboost,74,0.14864864864864866,0.18033010979510236,0.2637170079565427,0.0131078176200389,0.9635407328605652,0.2686438315177171,2.4534805953412926,0.0356995537877082,0.7179065562171854,0.0528631996100851,0.031681461146453704
TCGA_to_GEO,GSE13294,fixed_log_expression,elastic_net,155,0.5032258064516129,0.5977810258838168,0.4362948340879358,7.080591603880748e-05,1.0,-1.41885920036377,0.5298813680070648,0.1007319018244743,0.597055620823677,0.1049664661937137,0.09455521943220391
TCGA_to_GEO,GSE13294,fixed_log_expression,svm_rbf,155,0.5032258064516129,0.4680014436827343,0.28069314566310744,0.0577951158096858,0.9045547425727408,0.5009655346557862,2.293898752257861,0.0957572026702109,0.6169552457289679,0.1193432410564269,-0.03522436276887858
TCGA_to_GEO,GSE13294,fixed_log_expression,xgboost,155,0.5032258064516129,0.2953072554642154,0.1794108804248904,0.0440430156886577,0.7875452041625977,2.545554594956871,2.4222658460557795,0.2019406855106353,0.1922036347996978,0.214342208588452,-0.20791855098739748
TCGA_to_GEO,GSE13294,single_sample_rank,compact_rank_20,155,0.5032258064516129,0.5254605240868372,0.4653267081251987,6.172204102587294e-05,0.9999999979573082,-0.515625044957966,0.5385936617703239,0.0745917744006719,0.701620482854455,0.0529571331340685,0.022234717635224333
TCGA_to_GEO,GSE13294,single_sample_rank,elastic_net,155,0.5032258064516129,0.4644383588231229,0.4422551761160589,0.000668987922836,0.9999855756759644,0.5421978274709758,0.8295750189679776,0.0646921843290329,0.7412204914244064,0.0335433256784568,-0.03878744762848996
TCGA_to_GEO,GSE13294,single_sample_rank,svm_rbf,155,0.5032258064516129,0.22286406818615642,0.0,0.2228640681861564,0.2228640681861564,0.0050401204810513,-0.006295378821865,0.328592298455965,-0.3144239044962635,0.2803617382654564,-0.2803617382654564
TCGA_to_GEO,GSE13294,single_sample_rank,xgboost,155,0.5032258064516129,0.2991248620373587,0.21121238442117343,0.0421935021877288,0.8309841752052307,2.983480322972436,2.57677445089532,0.1789808571338653,0.2840467711220253,0.2024113441894379,-0.20410094441425414
TCGA_to_GEO,GSE13294,target_cohort_adaptive_zscore,elastic_net,155,0.5032258064516129,0.3953634364279775,0.44097399551631256,3.07333939417731e-05,0.9999375343322754,1.6593608450971062,0.7288660619507098,0.0876840651035308,0.6492491401744374,0.0971066229357179,-0.10786237002363536
TCGA_to_GEO,GSE13294,target_cohort_adaptive_zscore,svm_rbf,155,0.5032258064516129,0.2550285441503367,0.33901777396023325,0.0006689576168192,0.9746650738833618,3.771790419465125,1.1107381513523975,0.1827466816877597,0.2689828458960327,0.2342279663579025,-0.24819726230127614
TCGA_to_GEO,GSE13294,target_cohort_adaptive_zscore,xgboost,155,0.5032258064516129,0.2572172763426938,0.3101036712623604,0.0096665639430284,0.9654331207275392,3.4622434467281,1.53588376335816,0.1917420476675033,0.2329998842471248,0.2289480056353263,-0.24600853010891904
TCGA_to_GEO,GSE18088,fixed_log_expression,elastic_net,53,0.3584905660377358,0.9950933209005391,0.006793081993674435,0.973805844783783,0.9999995231628418,-10.557935064225278,1.3372714111349857,0.6327247023582458,-1.7512750602543536,0.6203602592427199,0.6366027548628033
TCGA_to_GEO,GSE18088,fixed_log_expression,svm_rbf,53,0.3584905660377358,0.5481228356396503,0.08523085394318872,0.3776087510133344,0.6883829303628124,-2.804916176131356,8.254148080437076,0.2087288948100877,0.0923847282948352,0.3387260471166796,0.18963226960191443
TCGA_to_GEO,GSE18088,fixed_log_expression,xgboost,53,0.3584905660377358,0.2676028508060383,0.11499492747887907,0.1258510798215866,0.455394834280014,3.321068009277919,4.465845050652624,0.1680508852005005,0.2692648041359042,0.2201783492439892,-0.09088771523169753
TCGA_to_GEO,GSE18088,single_sample_rank,compact_rank_20,53,0.3584905660377358,0.3088162886886069,0.4380601147931825,2.679392672341985e-06,0.9999421739602248,1.2926148713219503,0.7941188817284509,0.0479476878878117,0.791509202357797,0.0423598461713273,-0.04967427734912894
TCGA_to_GEO,GSE18088,single_sample_rank,elastic_net,53,0.3584905660377358,0.26935031774749246,0.3926878425399297,0.0002148731873603,0.9989525079727172,3.15272101899439,1.413786219025764,0.0616537071764469,0.7319113568751713,0.0856668804945123,-0.08914024829024336
TCGA_to_GEO,GSE18088,single_sample_rank,svm_rbf,53,0.3584905660377358,0.2228640681861564,0.0,0.2228640681861564,0.2228640681861564,-0.2272009160598909,0.2837860348255307,0.248369627019164,-0.0799849571158386,0.1356264978515794,-0.13562649785157943
TCGA_to_GEO,GSE18088,single_sample_rank,xgboost,53,0.3584905660377358,0.25264431163668627,0.25978949207711394,0.0309853218495845,0.9151151776313782,2.380659047621432,2.1938243137375903,0.1213917732238769,0.4721524907339468,0.1198511275275655,-0.10584625440104956
TCGA_to_GEO,GSE18088,target_cohort_adaptive_zscore,elastic_net,53,0.3584905660377358,0.33586908395200055,0.44387142603643115,0.0001696232939139,0.9999650716781616,0.1829142933815092,0.6766822547303054,0.0361295342445373,0.8428980469150071,0.0182895256759774,-0.02262148208573528
TCGA_to_GEO,GSE18088,target_cohort_adaptive_zscore,svm_rbf,53,0.3584905660377358,0.27358652770958714,0.3935582512316006,0.000739341701191,0.9887252495929812,2.131955321062621,1.1037320232710857,0.0554594072007597,0.7588460141997925,0.0765640090825301,-0.08490403832814869
TCGA_to_GEO,GSE18088,target_cohort_adaptive_zscore,xgboost,53,0.3584905660377358,0.27638961836906534,0.351241734971106,0.0107319625094532,0.9662684202194214,1.7012873265424322,1.4715943909785074,0.0608388856053352,0.7354544432424355,0.0682101659352347,-0.08210094766867049
TCGA_to_GEO,GSE26682,fixed_log_expression,elastic_net,137,0.13138686131386862,0.9992741429022629,0.0015265910322074382,0.9908182621002196,1.0,-14.19666288727269,1.0885093960825831,0.8671672344207764,-6.598441560617905,0.8547733814798797,0.8678872815883942
TCGA_to_GEO,GSE26682,fixed_log_expression,svm_rbf,137,0.13138686131386862,0.4858235584085647,2.9704580061734576e-05,0.4857784784736105,0.4859316167527578,-1.8824824185606104,0.1073805521531718,0.2397414241902671,-1.1007034503394602,0.3522432080709031,0.3544366970946961
TCGA_to_GEO,GSE26682,fixed_log_expression,xgboost,137,0.13138686131386862,0.14030264807443543,0.012073502243849963,0.1388839036226272,0.2606742680072784,4.595606305511532,3.5868432228977047,0.1129433959722518,0.0103479929957068,0.1437964543808985,0.008915786760566813
TCGA_to_GEO,GSE26682,single_sample_rank,compact_rank_20,137,0.13138686131386862,0.5096741685039321,0.39720548164984665,0.0020875280838668,0.9999999677768786,-5.562691708509137,0.689714107437072,0.2872088642456863,-1.5166307997326274,0.3642156718930772,0.3782873071900635
TCGA_to_GEO,GSE26682,single_sample_rank,elastic_net,137,0.13138686131386862,0.36252968786556244,0.35517278644979755,0.0057124495506286,0.9999896287918092,-3.6385355558750136,0.896621826854766,0.1385065615177154,-0.213645963177405,0.2202432980117665,0.23114282655169383
TCGA_to_GEO,GSE26682,single_sample_rank,svm_rbf,137,0.13138686131386862,0.2228640687619565,6.860651480855771e-09,0.2228640670969443,0.2228641484697829,-0.7375834396487423,0.9212809635312836,0.1224924324497408,-0.0733242131882283,0.2269098476164122,0.09147720744808788
TCGA_to_GEO,GSE26682,single_sample_rank,xgboost,137,0.13138686131386862,0.21360195245947278,0.16460173534356182,0.0530541725456714,0.7505127787590027,0.3782723227933691,2.7509049940955355,0.0671161785721778,0.4119031019508838,0.124868093571748,0.08221509114560416
TCGA_to_GEO,GSE26682,target_cohort_adaptive_zscore,elastic_net,137,0.13138686131386862,0.26503559856090936,0.3589890535815249,0.0006823601434007,0.999996781349182,-2.762762475770916,0.6969833327674028,0.0923189297318458,0.1910672305616176,0.1240057311593234,0.13364873724704074
TCGA_to_GEO,GSE26682,target_cohort_adaptive_zscore,svm_rbf,137,0.13138686131386862,0.17712685541585813,0.31517882630606175,0.0009181196951908,0.9941495456859654,-1.100661475859509,0.9841442680995828,0.042285071583467,0.6294824890055588,0.0493147600814155,0.045739994101989506
TCGA_to_GEO,GSE26682,target_cohort_adaptive_zscore,xgboost,137,0.13138686131386862,0.191620727586322,0.27471950092901093,0.0102493809536099,0.9747908115386964,-0.8310836841791432,1.565311053708904,0.0439808890223503,0.6146231064143357,0.0598376348963241,0.06023386627245339
TCGA_to_GEO,GSE39084,fixed_log_expression,elastic_net,67,0.23880597014925373,0.8970417918553993,0.14691391198941456,0.4988260567188263,0.9999979734420776,-7.808343606232863,1.119222063957918,0.5877475738525391,-2.23333193507849,0.6392455866002952,0.6582358217061456
TCGA_to_GEO,GSE39084,fixed_log_expression,svm_rbf,67,0.23880597014925373,0.5065580452116963,0.039737282507489854,0.4407185924679684,0.5974219822073878,-3.102227345881812,18.92646764575373,0.2331914238469706,-0.2828386049620723,0.3247129469513324,0.2677520750624426
TCGA_to_GEO,GSE39084,fixed_log_expression,xgboost,67,0.23880597014925373,0.18519299888788762,0.06487442875672,0.1240155175328254,0.4051976799964905,3.794522821758356,3.343344507951892,0.162221148610115,0.1075848822171489,0.1124786900465088,-0.053612971261366105
TCGA_to_GEO,GSE39084,single_sample_rank,compact_rank_20,67,0.23880597014925373,0.1916751337420492,0.340861827038522,0.0001034731465844,0.9995571376170724,1.5391303548618642,1.2708024185009064,0.0468123696893302,0.7424745986085743,0.0434590420897201,-0.04713083640720453
TCGA_to_GEO,GSE39084,single_sample_rank,elastic_net,67,0.23880597014925373,0.13720231578396908,0.2601026909385322,0.0006145861698314,0.9711743593215942,5.881081633997679,3.045649906724187,0.0818906351923942,0.5495011502712527,0.11039771081582,-0.10160365436528465
TCGA_to_GEO,GSE39084,single_sample_rank,svm_rbf,67,0.23880597014925373,0.2228640681861564,0.0,0.2228640681861564,0.2228640681861564,-0.4529436542173148,0.5657506858227572,0.1820318230085285,-0.001398104761378,0.0159419019630973,-0.015941901963097332
TCGA_to_GEO,GSE39084,single_sample_rank,xgboost,67,0.23880597014925373,0.15336951391020812,0.10182354602111263,0.0394741483032703,0.4301334023475647,11.053407199847143,8.357688707875047,0.1238804683089256,0.3185056100015109,0.1850480058373599,-0.08543645623904561
TCGA_to_GEO,GSE39084,target_cohort_adaptive_zscore,elastic_net,67,0.23880597014925373,0.32473447213362927,0.4096633598003689,0.0002750810235738,0.999970555305481,-1.6700940057828573,0.8445074720133062,0.0717383325099945,0.6053512565718562,0.0839273507948259,0.08592850198437554
TCGA_to_GEO,GSE39084,target_cohort_adaptive_zscore,svm_rbf,67,0.23880597014925373,0.2203947424406492,0.3349610509872182,0.0005813580593891,0.9801574894922376,0.5058923272511605,1.2569941904248845,0.0485241306652436,0.7330578154947567,0.0435082851454031,-0.01841122770860454
TCGA_to_GEO,GSE39084,target_cohort_adaptive_zscore,xgboost,67,0.23880597014925373,0.2180543375243224,0.29671098257609824,0.0099598821252584,0.9671041369438172,0.700398106031179,1.4691364959806594,0.0651350319385528,0.6416775019948973,0.0372141152077072,-0.02075163262493132
