gene,coefficient_scaled,rank_mean,rank_scale,coefficient_rank
MLH1,-0.742727289206592,0.4699518380686641,0.10702442088587528,-6.939792647872339
TGFBR2,-0.760465455684747,0.8026795588433743,0.08067172216335482,-9.426666932247405
MBP,0.45282824823997714,0.42469677813351153,0.07293964186519379,6.208259824978152
QPRT,-0.26127810640262655,0.7910933641716837,0.22716902388436241,-1.1501484750650992
FECH,0.6481035911703624,0.39154405212029814,0.08152062318206338,7.950179548099453
GLYR1,-0.635899677648886,0.8163079384714365,0.08096972259923609,-7.853548922185457
TCF7,-0.5141778869331098,0.5593062365427613,0.12717417690681107,-4.043099782040516
TPO,0.43380427653909925,0.11117251042742282,0.04167295419250569,10.409731801954011
GFI1,0.32160114687342234,0.29613103084266185,0.09811932584793512,3.27765344996192
RAB32,-0.3469795199802247,0.8974737107753754,0.09263814134020579,-3.7455362873265297
KDSR,0.4056428241888061,0.5851510042324662,0.08218830552264145,4.935529715685141
MSH4,0.348344261766299,0.115553751506377,0.07056574867891093,4.936449598959674
HPSE,0.1295323044926589,0.42750916834920644,0.11226865707968349,1.1537708552149368
ZMYND8,-0.4340348737589777,0.7151466943323612,0.11496620015096952,-3.7753259061273536
MAPRE3,-0.5229485846526639,0.5498061379417777,0.1340575978184746,-3.900924626150476
ZCCHC2,0.4284110439886807,0.35156802395358683,0.05826886925787092,7.352314356620387
CXCL14,-0.33959020709281557,0.8988525637425482,0.1576940761152754,-2.1534747243426757
ATP9A,-0.21084964366567946,0.840913862735033,0.0985385981721247,-2.139767031162476
NUBPL,-0.41777304219668576,0.406504893861711,0.08173299055475663,-5.111437124239332
IHH,-0.2057915733178094,0.865778821054846,0.15135705006474845,-1.3596431301335128
