design,outer_fold,representation,model,candidate,cv_auroc
nested_outer_fold,0.0,fixed_log_expression,elastic_net,"C=0.1,l1=0.2",0.9949186991869918
nested_outer_fold,0.0,fixed_log_expression,elastic_net,"C=0.1,l1=0.5",0.9939024390243902
nested_outer_fold,0.0,fixed_log_expression,elastic_net,"C=0.1,l1=0.8",0.9883130081300813
nested_outer_fold,0.0,fixed_log_expression,elastic_net,"C=0.5,l1=0.2",0.9974593495934959
nested_outer_fold,0.0,fixed_log_expression,elastic_net,"C=0.5,l1=0.5",0.9979674796747967
nested_outer_fold,0.0,fixed_log_expression,elastic_net,"C=0.5,l1=0.8",0.9979674796747967
nested_outer_fold,0.0,fixed_log_expression,elastic_net,"C=2.0,l1=0.2",0.9974593495934959
nested_outer_fold,0.0,fixed_log_expression,elastic_net,"C=2.0,l1=0.5",0.9984756097560975
nested_outer_fold,0.0,fixed_log_expression,elastic_net,"C=2.0,l1=0.8",0.9984756097560975
nested_outer_fold,1.0,fixed_log_expression,elastic_net,"C=0.1,l1=0.2",0.9941463414634146
nested_outer_fold,1.0,fixed_log_expression,elastic_net,"C=0.1,l1=0.5",0.9873170731707317
nested_outer_fold,1.0,fixed_log_expression,elastic_net,"C=0.1,l1=0.8",0.9829268292682927
nested_outer_fold,1.0,fixed_log_expression,elastic_net,"C=0.5,l1=0.2",0.9970731707317073
nested_outer_fold,1.0,fixed_log_expression,elastic_net,"C=0.5,l1=0.5",0.9936585365853658
nested_outer_fold,1.0,fixed_log_expression,elastic_net,"C=0.5,l1=0.8",0.9897560975609756
nested_outer_fold,1.0,fixed_log_expression,elastic_net,"C=2.0,l1=0.2",0.9965853658536585
nested_outer_fold,1.0,fixed_log_expression,elastic_net,"C=2.0,l1=0.5",0.9975609756097561
nested_outer_fold,1.0,fixed_log_expression,elastic_net,"C=2.0,l1=0.8",0.9951219512195122
nested_outer_fold,2.0,fixed_log_expression,elastic_net,"C=0.1,l1=0.2",0.9941463414634146
nested_outer_fold,2.0,fixed_log_expression,elastic_net,"C=0.1,l1=0.5",0.9882926829268293
nested_outer_fold,2.0,fixed_log_expression,elastic_net,"C=0.1,l1=0.8",0.9839024390243902
nested_outer_fold,2.0,fixed_log_expression,elastic_net,"C=0.5,l1=0.2",0.9995121951219512
nested_outer_fold,2.0,fixed_log_expression,elastic_net,"C=0.5,l1=0.5",0.9951219512195122
nested_outer_fold,2.0,fixed_log_expression,elastic_net,"C=0.5,l1=0.8",0.988780487804878
nested_outer_fold,2.0,fixed_log_expression,elastic_net,"C=2.0,l1=0.2",0.9990243902439024
nested_outer_fold,2.0,fixed_log_expression,elastic_net,"C=2.0,l1=0.5",0.9995121951219512
nested_outer_fold,2.0,fixed_log_expression,elastic_net,"C=2.0,l1=0.8",0.9985365853658537
TCGA_to_GEO_fixed_feature_panel,,fixed_log_expression,elastic_net,"C=0.1,l1=0.2",0.996484289167216
TCGA_to_GEO_fixed_feature_panel,,fixed_log_expression,elastic_net,"C=0.1,l1=0.5",0.9942869698967259
TCGA_to_GEO_fixed_feature_panel,,fixed_log_expression,elastic_net,"C=0.1,l1=0.8",0.993188310261481
TCGA_to_GEO_fixed_feature_panel,,fixed_log_expression,elastic_net,"C=0.5,l1=0.2",0.996923753021314
TCGA_to_GEO_fixed_feature_panel,,fixed_log_expression,elastic_net,"C=0.5,l1=0.5",0.996923753021314
TCGA_to_GEO_fixed_feature_panel,,fixed_log_expression,elastic_net,"C=0.5,l1=0.8",0.995385629531971
TCGA_to_GEO_fixed_feature_panel,,fixed_log_expression,elastic_net,"C=2.0,l1=0.2",0.996704021094265
TCGA_to_GEO_fixed_feature_panel,,fixed_log_expression,elastic_net,"C=2.0,l1=0.5",0.996923753021314
TCGA_to_GEO_fixed_feature_panel,,fixed_log_expression,elastic_net,"C=2.0,l1=0.8",0.997143484948363
nested_outer_fold,0.0,fixed_log_expression,svm_rbf,"C=0.1,gamma=0.001",0.9923780487804877
nested_outer_fold,0.0,fixed_log_expression,svm_rbf,"C=0.1,gamma=0.01",0.4151422764227642
nested_outer_fold,0.0,fixed_log_expression,svm_rbf,"C=0.1,gamma=0.1",0.336890243902439
nested_outer_fold,0.0,fixed_log_expression,svm_rbf,"C=1.0,gamma=0.001",0.9923780487804877
nested_outer_fold,0.0,fixed_log_expression,svm_rbf,"C=1.0,gamma=0.01",0.9888211382113821
nested_outer_fold,0.0,fixed_log_expression,svm_rbf,"C=1.0,gamma=0.1",0.28353658536585363
nested_outer_fold,0.0,fixed_log_expression,svm_rbf,"C=10.0,gamma=0.001",0.9959349593495935
nested_outer_fold,0.0,fixed_log_expression,svm_rbf,"C=10.0,gamma=0.01",0.9893292682926829
nested_outer_fold,0.0,fixed_log_expression,svm_rbf,"C=10.0,gamma=0.1",0.28353658536585363
nested_outer_fold,1.0,fixed_log_expression,svm_rbf,"C=0.1,gamma=0.001",0.9960975609756098
nested_outer_fold,1.0,fixed_log_expression,svm_rbf,"C=0.1,gamma=0.01",0.7317073170731707
nested_outer_fold,1.0,fixed_log_expression,svm_rbf,"C=0.1,gamma=0.1",0.34780487804878046
nested_outer_fold,1.0,fixed_log_expression,svm_rbf,"C=1.0,gamma=0.001",0.9960975609756098
nested_outer_fold,1.0,fixed_log_expression,svm_rbf,"C=1.0,gamma=0.01",0.995609756097561
nested_outer_fold,1.0,fixed_log_expression,svm_rbf,"C=1.0,gamma=0.1",0.3131707317073171
nested_outer_fold,1.0,fixed_log_expression,svm_rbf,"C=10.0,gamma=0.001",0.9965853658536585
nested_outer_fold,1.0,fixed_log_expression,svm_rbf,"C=10.0,gamma=0.01",0.995609756097561
nested_outer_fold,1.0,fixed_log_expression,svm_rbf,"C=10.0,gamma=0.1",0.3131707317073171
nested_outer_fold,2.0,fixed_log_expression,svm_rbf,"C=0.1,gamma=0.001",0.9975609756097561
nested_outer_fold,2.0,fixed_log_expression,svm_rbf,"C=0.1,gamma=0.01",0.7824390243902439
nested_outer_fold,2.0,fixed_log_expression,svm_rbf,"C=0.1,gamma=0.1",0.3492682926829268
nested_outer_fold,2.0,fixed_log_expression,svm_rbf,"C=1.0,gamma=0.001",0.9970731707317073
nested_outer_fold,2.0,fixed_log_expression,svm_rbf,"C=1.0,gamma=0.01",0.9980487804878049
nested_outer_fold,2.0,fixed_log_expression,svm_rbf,"C=1.0,gamma=0.1",0.3146341463414634
nested_outer_fold,2.0,fixed_log_expression,svm_rbf,"C=10.0,gamma=0.001",0.9951219512195122
nested_outer_fold,2.0,fixed_log_expression,svm_rbf,"C=10.0,gamma=0.01",0.9980487804878049
nested_outer_fold,2.0,fixed_log_expression,svm_rbf,"C=10.0,gamma=0.1",0.3146341463414634
TCGA_to_GEO_fixed_feature_panel,,fixed_log_expression,svm_rbf,"C=0.1,gamma=0.001",0.996044825313118
TCGA_to_GEO_fixed_feature_panel,,fixed_log_expression,svm_rbf,"C=0.1,gamma=0.01",0.996704021094265
TCGA_to_GEO_fixed_feature_panel,,fixed_log_expression,svm_rbf,"C=0.1,gamma=0.1",0.32234673698088334
TCGA_to_GEO_fixed_feature_panel,,fixed_log_expression,svm_rbf,"C=1.0,gamma=0.001",0.996264557240167
TCGA_to_GEO_fixed_feature_panel,,fixed_log_expression,svm_rbf,"C=1.0,gamma=0.01",0.99780268072951
TCGA_to_GEO_fixed_feature_panel,,fixed_log_expression,svm_rbf,"C=1.0,gamma=0.1",0.2540101076686443
TCGA_to_GEO_fixed_feature_panel,,fixed_log_expression,svm_rbf,"C=10.0,gamma=0.001",0.996264557240167
TCGA_to_GEO_fixed_feature_panel,,fixed_log_expression,svm_rbf,"C=10.0,gamma=0.01",0.99780268072951
TCGA_to_GEO_fixed_feature_panel,,fixed_log_expression,svm_rbf,"C=10.0,gamma=0.1",0.2540101076686443
nested_outer_fold,0.0,fixed_log_expression,xgboost,"depth=2,lr=0.02,trees=600",0.991869918699187
nested_outer_fold,0.0,fixed_log_expression,xgboost,"depth=2,lr=0.05,trees=400",0.9852642276422765
nested_outer_fold,0.0,fixed_log_expression,xgboost,"depth=2,lr=0.1,trees=250",0.9847560975609756
nested_outer_fold,0.0,fixed_log_expression,xgboost,"depth=3,lr=0.02,trees=600",0.991869918699187
nested_outer_fold,0.0,fixed_log_expression,xgboost,"depth=3,lr=0.05,trees=400",0.9852642276422765
nested_outer_fold,0.0,fixed_log_expression,xgboost,"depth=3,lr=0.1,trees=250",0.9847560975609756
nested_outer_fold,0.0,fixed_log_expression,xgboost,"depth=5,lr=0.02,trees=600",0.991869918699187
nested_outer_fold,0.0,fixed_log_expression,xgboost,"depth=5,lr=0.05,trees=400",0.9852642276422765
nested_outer_fold,0.0,fixed_log_expression,xgboost,"depth=5,lr=0.1,trees=250",0.9847560975609756
nested_outer_fold,1.0,fixed_log_expression,xgboost,"depth=2,lr=0.02,trees=600",0.9907317073170733
nested_outer_fold,1.0,fixed_log_expression,xgboost,"depth=2,lr=0.05,trees=400",0.9892682926829268
nested_outer_fold,1.0,fixed_log_expression,xgboost,"depth=2,lr=0.1,trees=250",0.9921951219512195
nested_outer_fold,1.0,fixed_log_expression,xgboost,"depth=3,lr=0.02,trees=600",0.9907317073170733
nested_outer_fold,1.0,fixed_log_expression,xgboost,"depth=3,lr=0.05,trees=400",0.9892682926829268
nested_outer_fold,1.0,fixed_log_expression,xgboost,"depth=3,lr=0.1,trees=250",0.9921951219512195
nested_outer_fold,1.0,fixed_log_expression,xgboost,"depth=5,lr=0.02,trees=600",0.9907317073170733
nested_outer_fold,1.0,fixed_log_expression,xgboost,"depth=5,lr=0.05,trees=400",0.9892682926829268
nested_outer_fold,1.0,fixed_log_expression,xgboost,"depth=5,lr=0.1,trees=250",0.9921951219512195
nested_outer_fold,2.0,fixed_log_expression,xgboost,"depth=2,lr=0.02,trees=600",0.9756097560975611
nested_outer_fold,2.0,fixed_log_expression,xgboost,"depth=2,lr=0.05,trees=400",0.9731707317073172
nested_outer_fold,2.0,fixed_log_expression,xgboost,"depth=2,lr=0.1,trees=250",0.9756097560975611
nested_outer_fold,2.0,fixed_log_expression,xgboost,"depth=3,lr=0.02,trees=600",0.9756097560975611
nested_outer_fold,2.0,fixed_log_expression,xgboost,"depth=3,lr=0.05,trees=400",0.9731707317073172
nested_outer_fold,2.0,fixed_log_expression,xgboost,"depth=3,lr=0.1,trees=250",0.9756097560975611
nested_outer_fold,2.0,fixed_log_expression,xgboost,"depth=5,lr=0.02,trees=600",0.9756097560975611
nested_outer_fold,2.0,fixed_log_expression,xgboost,"depth=5,lr=0.05,trees=400",0.9731707317073172
nested_outer_fold,2.0,fixed_log_expression,xgboost,"depth=5,lr=0.1,trees=250",0.9756097560975611
TCGA_to_GEO_fixed_feature_panel,,fixed_log_expression,xgboost,"depth=2,lr=0.02,trees=600",0.992748846407383
TCGA_to_GEO_fixed_feature_panel,,fixed_log_expression,xgboost,"depth=2,lr=0.05,trees=400",0.991430454845089
TCGA_to_GEO_fixed_feature_panel,,fixed_log_expression,xgboost,"depth=2,lr=0.1,trees=250",0.991650186772138
TCGA_to_GEO_fixed_feature_panel,,fixed_log_expression,xgboost,"depth=3,lr=0.02,trees=600",0.992748846407383
TCGA_to_GEO_fixed_feature_panel,,fixed_log_expression,xgboost,"depth=3,lr=0.05,trees=400",0.991430454845089
TCGA_to_GEO_fixed_feature_panel,,fixed_log_expression,xgboost,"depth=3,lr=0.1,trees=250",0.991650186772138
TCGA_to_GEO_fixed_feature_panel,,fixed_log_expression,xgboost,"depth=5,lr=0.02,trees=600",0.992748846407383
TCGA_to_GEO_fixed_feature_panel,,fixed_log_expression,xgboost,"depth=5,lr=0.05,trees=400",0.991430454845089
TCGA_to_GEO_fixed_feature_panel,,fixed_log_expression,xgboost,"depth=5,lr=0.1,trees=250",0.991650186772138
nested_outer_fold,0.0,target_cohort_adaptive_zscore,elastic_net,"C=0.1,l1=0.2",0.9949186991869918
nested_outer_fold,0.0,target_cohort_adaptive_zscore,elastic_net,"C=0.1,l1=0.5",0.9939024390243902
nested_outer_fold,0.0,target_cohort_adaptive_zscore,elastic_net,"C=0.1,l1=0.8",0.9883130081300813
nested_outer_fold,0.0,target_cohort_adaptive_zscore,elastic_net,"C=0.5,l1=0.2",0.9974593495934959
nested_outer_fold,0.0,target_cohort_adaptive_zscore,elastic_net,"C=0.5,l1=0.5",0.9979674796747967
nested_outer_fold,0.0,target_cohort_adaptive_zscore,elastic_net,"C=0.5,l1=0.8",0.9979674796747967
nested_outer_fold,0.0,target_cohort_adaptive_zscore,elastic_net,"C=2.0,l1=0.2",0.9974593495934959
nested_outer_fold,0.0,target_cohort_adaptive_zscore,elastic_net,"C=2.0,l1=0.5",0.9984756097560975
nested_outer_fold,0.0,target_cohort_adaptive_zscore,elastic_net,"C=2.0,l1=0.8",0.9984756097560975
nested_outer_fold,1.0,target_cohort_adaptive_zscore,elastic_net,"C=0.1,l1=0.2",0.9941463414634146
nested_outer_fold,1.0,target_cohort_adaptive_zscore,elastic_net,"C=0.1,l1=0.5",0.9873170731707317
nested_outer_fold,1.0,target_cohort_adaptive_zscore,elastic_net,"C=0.1,l1=0.8",0.9829268292682927
nested_outer_fold,1.0,target_cohort_adaptive_zscore,elastic_net,"C=0.5,l1=0.2",0.9970731707317073
nested_outer_fold,1.0,target_cohort_adaptive_zscore,elastic_net,"C=0.5,l1=0.5",0.9936585365853658
nested_outer_fold,1.0,target_cohort_adaptive_zscore,elastic_net,"C=0.5,l1=0.8",0.9897560975609756
nested_outer_fold,1.0,target_cohort_adaptive_zscore,elastic_net,"C=2.0,l1=0.2",0.9965853658536585
nested_outer_fold,1.0,target_cohort_adaptive_zscore,elastic_net,"C=2.0,l1=0.5",0.9975609756097561
nested_outer_fold,1.0,target_cohort_adaptive_zscore,elastic_net,"C=2.0,l1=0.8",0.9951219512195122
nested_outer_fold,2.0,target_cohort_adaptive_zscore,elastic_net,"C=0.1,l1=0.2",0.9941463414634146
nested_outer_fold,2.0,target_cohort_adaptive_zscore,elastic_net,"C=0.1,l1=0.5",0.9882926829268293
nested_outer_fold,2.0,target_cohort_adaptive_zscore,elastic_net,"C=0.1,l1=0.8",0.9839024390243902
nested_outer_fold,2.0,target_cohort_adaptive_zscore,elastic_net,"C=0.5,l1=0.2",0.9995121951219512
nested_outer_fold,2.0,target_cohort_adaptive_zscore,elastic_net,"C=0.5,l1=0.5",0.9951219512195122
nested_outer_fold,2.0,target_cohort_adaptive_zscore,elastic_net,"C=0.5,l1=0.8",0.988780487804878
nested_outer_fold,2.0,target_cohort_adaptive_zscore,elastic_net,"C=2.0,l1=0.2",0.9990243902439024
nested_outer_fold,2.0,target_cohort_adaptive_zscore,elastic_net,"C=2.0,l1=0.5",0.9995121951219512
nested_outer_fold,2.0,target_cohort_adaptive_zscore,elastic_net,"C=2.0,l1=0.8",0.9985365853658537
TCGA_to_GEO_fixed_feature_panel,,target_cohort_adaptive_zscore,elastic_net,"C=0.1,l1=0.2",0.996484289167216
TCGA_to_GEO_fixed_feature_panel,,target_cohort_adaptive_zscore,elastic_net,"C=0.1,l1=0.5",0.9942869698967259
TCGA_to_GEO_fixed_feature_panel,,target_cohort_adaptive_zscore,elastic_net,"C=0.1,l1=0.8",0.993188310261481
TCGA_to_GEO_fixed_feature_panel,,target_cohort_adaptive_zscore,elastic_net,"C=0.5,l1=0.2",0.996923753021314
TCGA_to_GEO_fixed_feature_panel,,target_cohort_adaptive_zscore,elastic_net,"C=0.5,l1=0.5",0.996923753021314
TCGA_to_GEO_fixed_feature_panel,,target_cohort_adaptive_zscore,elastic_net,"C=0.5,l1=0.8",0.995385629531971
TCGA_to_GEO_fixed_feature_panel,,target_cohort_adaptive_zscore,elastic_net,"C=2.0,l1=0.2",0.996704021094265
TCGA_to_GEO_fixed_feature_panel,,target_cohort_adaptive_zscore,elastic_net,"C=2.0,l1=0.5",0.996923753021314
TCGA_to_GEO_fixed_feature_panel,,target_cohort_adaptive_zscore,elastic_net,"C=2.0,l1=0.8",0.997143484948363
nested_outer_fold,0.0,target_cohort_adaptive_zscore,svm_rbf,"C=0.1,gamma=0.001",0.9923780487804877
nested_outer_fold,0.0,target_cohort_adaptive_zscore,svm_rbf,"C=0.1,gamma=0.01",0.4151422764227642
nested_outer_fold,0.0,target_cohort_adaptive_zscore,svm_rbf,"C=0.1,gamma=0.1",0.336890243902439
nested_outer_fold,0.0,target_cohort_adaptive_zscore,svm_rbf,"C=1.0,gamma=0.001",0.9923780487804877
nested_outer_fold,0.0,target_cohort_adaptive_zscore,svm_rbf,"C=1.0,gamma=0.01",0.9888211382113821
nested_outer_fold,0.0,target_cohort_adaptive_zscore,svm_rbf,"C=1.0,gamma=0.1",0.28353658536585363
nested_outer_fold,0.0,target_cohort_adaptive_zscore,svm_rbf,"C=10.0,gamma=0.001",0.9959349593495935
nested_outer_fold,0.0,target_cohort_adaptive_zscore,svm_rbf,"C=10.0,gamma=0.01",0.9893292682926829
nested_outer_fold,0.0,target_cohort_adaptive_zscore,svm_rbf,"C=10.0,gamma=0.1",0.28353658536585363
nested_outer_fold,1.0,target_cohort_adaptive_zscore,svm_rbf,"C=0.1,gamma=0.001",0.9960975609756098
nested_outer_fold,1.0,target_cohort_adaptive_zscore,svm_rbf,"C=0.1,gamma=0.01",0.7317073170731707
nested_outer_fold,1.0,target_cohort_adaptive_zscore,svm_rbf,"C=0.1,gamma=0.1",0.34780487804878046
nested_outer_fold,1.0,target_cohort_adaptive_zscore,svm_rbf,"C=1.0,gamma=0.001",0.9960975609756098
nested_outer_fold,1.0,target_cohort_adaptive_zscore,svm_rbf,"C=1.0,gamma=0.01",0.995609756097561
nested_outer_fold,1.0,target_cohort_adaptive_zscore,svm_rbf,"C=1.0,gamma=0.1",0.3131707317073171
nested_outer_fold,1.0,target_cohort_adaptive_zscore,svm_rbf,"C=10.0,gamma=0.001",0.9965853658536585
nested_outer_fold,1.0,target_cohort_adaptive_zscore,svm_rbf,"C=10.0,gamma=0.01",0.995609756097561
nested_outer_fold,1.0,target_cohort_adaptive_zscore,svm_rbf,"C=10.0,gamma=0.1",0.3131707317073171
nested_outer_fold,2.0,target_cohort_adaptive_zscore,svm_rbf,"C=0.1,gamma=0.001",0.9975609756097561
nested_outer_fold,2.0,target_cohort_adaptive_zscore,svm_rbf,"C=0.1,gamma=0.01",0.7824390243902439
nested_outer_fold,2.0,target_cohort_adaptive_zscore,svm_rbf,"C=0.1,gamma=0.1",0.3492682926829268
nested_outer_fold,2.0,target_cohort_adaptive_zscore,svm_rbf,"C=1.0,gamma=0.001",0.9970731707317073
nested_outer_fold,2.0,target_cohort_adaptive_zscore,svm_rbf,"C=1.0,gamma=0.01",0.9980487804878049
nested_outer_fold,2.0,target_cohort_adaptive_zscore,svm_rbf,"C=1.0,gamma=0.1",0.3146341463414634
nested_outer_fold,2.0,target_cohort_adaptive_zscore,svm_rbf,"C=10.0,gamma=0.001",0.9951219512195122
nested_outer_fold,2.0,target_cohort_adaptive_zscore,svm_rbf,"C=10.0,gamma=0.01",0.9980487804878049
nested_outer_fold,2.0,target_cohort_adaptive_zscore,svm_rbf,"C=10.0,gamma=0.1",0.3146341463414634
TCGA_to_GEO_fixed_feature_panel,,target_cohort_adaptive_zscore,svm_rbf,"C=0.1,gamma=0.001",0.996044825313118
TCGA_to_GEO_fixed_feature_panel,,target_cohort_adaptive_zscore,svm_rbf,"C=0.1,gamma=0.01",0.996704021094265
TCGA_to_GEO_fixed_feature_panel,,target_cohort_adaptive_zscore,svm_rbf,"C=0.1,gamma=0.1",0.32234673698088334
TCGA_to_GEO_fixed_feature_panel,,target_cohort_adaptive_zscore,svm_rbf,"C=1.0,gamma=0.001",0.996264557240167
TCGA_to_GEO_fixed_feature_panel,,target_cohort_adaptive_zscore,svm_rbf,"C=1.0,gamma=0.01",0.99780268072951
TCGA_to_GEO_fixed_feature_panel,,target_cohort_adaptive_zscore,svm_rbf,"C=1.0,gamma=0.1",0.2540101076686443
TCGA_to_GEO_fixed_feature_panel,,target_cohort_adaptive_zscore,svm_rbf,"C=10.0,gamma=0.001",0.996264557240167
TCGA_to_GEO_fixed_feature_panel,,target_cohort_adaptive_zscore,svm_rbf,"C=10.0,gamma=0.01",0.99780268072951
TCGA_to_GEO_fixed_feature_panel,,target_cohort_adaptive_zscore,svm_rbf,"C=10.0,gamma=0.1",0.2540101076686443
nested_outer_fold,0.0,target_cohort_adaptive_zscore,xgboost,"depth=2,lr=0.02,trees=600",0.991869918699187
nested_outer_fold,0.0,target_cohort_adaptive_zscore,xgboost,"depth=2,lr=0.05,trees=400",0.9852642276422765
nested_outer_fold,0.0,target_cohort_adaptive_zscore,xgboost,"depth=2,lr=0.1,trees=250",0.9847560975609756
nested_outer_fold,0.0,target_cohort_adaptive_zscore,xgboost,"depth=3,lr=0.02,trees=600",0.991869918699187
nested_outer_fold,0.0,target_cohort_adaptive_zscore,xgboost,"depth=3,lr=0.05,trees=400",0.9852642276422765
nested_outer_fold,0.0,target_cohort_adaptive_zscore,xgboost,"depth=3,lr=0.1,trees=250",0.9847560975609756
nested_outer_fold,0.0,target_cohort_adaptive_zscore,xgboost,"depth=5,lr=0.02,trees=600",0.991869918699187
nested_outer_fold,0.0,target_cohort_adaptive_zscore,xgboost,"depth=5,lr=0.05,trees=400",0.9852642276422765
nested_outer_fold,0.0,target_cohort_adaptive_zscore,xgboost,"depth=5,lr=0.1,trees=250",0.9847560975609756
nested_outer_fold,1.0,target_cohort_adaptive_zscore,xgboost,"depth=2,lr=0.02,trees=600",0.9907317073170733
nested_outer_fold,1.0,target_cohort_adaptive_zscore,xgboost,"depth=2,lr=0.05,trees=400",0.9892682926829268
nested_outer_fold,1.0,target_cohort_adaptive_zscore,xgboost,"depth=2,lr=0.1,trees=250",0.9921951219512195
nested_outer_fold,1.0,target_cohort_adaptive_zscore,xgboost,"depth=3,lr=0.02,trees=600",0.9907317073170733
nested_outer_fold,1.0,target_cohort_adaptive_zscore,xgboost,"depth=3,lr=0.05,trees=400",0.9892682926829268
nested_outer_fold,1.0,target_cohort_adaptive_zscore,xgboost,"depth=3,lr=0.1,trees=250",0.9921951219512195
nested_outer_fold,1.0,target_cohort_adaptive_zscore,xgboost,"depth=5,lr=0.02,trees=600",0.9907317073170733
nested_outer_fold,1.0,target_cohort_adaptive_zscore,xgboost,"depth=5,lr=0.05,trees=400",0.9892682926829268
nested_outer_fold,1.0,target_cohort_adaptive_zscore,xgboost,"depth=5,lr=0.1,trees=250",0.9921951219512195
nested_outer_fold,2.0,target_cohort_adaptive_zscore,xgboost,"depth=2,lr=0.02,trees=600",0.9756097560975611
nested_outer_fold,2.0,target_cohort_adaptive_zscore,xgboost,"depth=2,lr=0.05,trees=400",0.9731707317073172
nested_outer_fold,2.0,target_cohort_adaptive_zscore,xgboost,"depth=2,lr=0.1,trees=250",0.9756097560975611
nested_outer_fold,2.0,target_cohort_adaptive_zscore,xgboost,"depth=3,lr=0.02,trees=600",0.9756097560975611
nested_outer_fold,2.0,target_cohort_adaptive_zscore,xgboost,"depth=3,lr=0.05,trees=400",0.9731707317073172
nested_outer_fold,2.0,target_cohort_adaptive_zscore,xgboost,"depth=3,lr=0.1,trees=250",0.9756097560975611
nested_outer_fold,2.0,target_cohort_adaptive_zscore,xgboost,"depth=5,lr=0.02,trees=600",0.9756097560975611
nested_outer_fold,2.0,target_cohort_adaptive_zscore,xgboost,"depth=5,lr=0.05,trees=400",0.9731707317073172
nested_outer_fold,2.0,target_cohort_adaptive_zscore,xgboost,"depth=5,lr=0.1,trees=250",0.9756097560975611
TCGA_to_GEO_fixed_feature_panel,,target_cohort_adaptive_zscore,xgboost,"depth=2,lr=0.02,trees=600",0.992748846407383
TCGA_to_GEO_fixed_feature_panel,,target_cohort_adaptive_zscore,xgboost,"depth=2,lr=0.05,trees=400",0.991430454845089
TCGA_to_GEO_fixed_feature_panel,,target_cohort_adaptive_zscore,xgboost,"depth=2,lr=0.1,trees=250",0.991650186772138
TCGA_to_GEO_fixed_feature_panel,,target_cohort_adaptive_zscore,xgboost,"depth=3,lr=0.02,trees=600",0.992748846407383
TCGA_to_GEO_fixed_feature_panel,,target_cohort_adaptive_zscore,xgboost,"depth=3,lr=0.05,trees=400",0.991430454845089
TCGA_to_GEO_fixed_feature_panel,,target_cohort_adaptive_zscore,xgboost,"depth=3,lr=0.1,trees=250",0.991650186772138
TCGA_to_GEO_fixed_feature_panel,,target_cohort_adaptive_zscore,xgboost,"depth=5,lr=0.02,trees=600",0.992748846407383
TCGA_to_GEO_fixed_feature_panel,,target_cohort_adaptive_zscore,xgboost,"depth=5,lr=0.05,trees=400",0.991430454845089
TCGA_to_GEO_fixed_feature_panel,,target_cohort_adaptive_zscore,xgboost,"depth=5,lr=0.1,trees=250",0.991650186772138
nested_outer_fold,0.0,single_sample_rank,elastic_net,"C=0.1,l1=0.2",0.9959349593495935
nested_outer_fold,0.0,single_sample_rank,elastic_net,"C=0.1,l1=0.5",0.9954268292682927
nested_outer_fold,0.0,single_sample_rank,elastic_net,"C=0.1,l1=0.8",0.994410569105691
nested_outer_fold,0.0,single_sample_rank,elastic_net,"C=0.5,l1=0.2",0.9964430894308943
nested_outer_fold,0.0,single_sample_rank,elastic_net,"C=0.5,l1=0.5",0.9959349593495935
nested_outer_fold,0.0,single_sample_rank,elastic_net,"C=0.5,l1=0.8",0.9959349593495935
nested_outer_fold,0.0,single_sample_rank,elastic_net,"C=2.0,l1=0.2",0.9964430894308943
nested_outer_fold,0.0,single_sample_rank,elastic_net,"C=2.0,l1=0.5",0.9974593495934959
nested_outer_fold,0.0,single_sample_rank,elastic_net,"C=2.0,l1=0.8",0.9969512195121951
nested_outer_fold,1.0,single_sample_rank,elastic_net,"C=0.1,l1=0.2",0.995609756097561
nested_outer_fold,1.0,single_sample_rank,elastic_net,"C=0.1,l1=0.5",0.9936585365853658
nested_outer_fold,1.0,single_sample_rank,elastic_net,"C=0.1,l1=0.8",0.9917073170731707
nested_outer_fold,1.0,single_sample_rank,elastic_net,"C=0.5,l1=0.2",0.9965853658536585
nested_outer_fold,1.0,single_sample_rank,elastic_net,"C=0.5,l1=0.5",0.9951219512195122
nested_outer_fold,1.0,single_sample_rank,elastic_net,"C=0.5,l1=0.8",0.9936585365853658
nested_outer_fold,1.0,single_sample_rank,elastic_net,"C=2.0,l1=0.2",0.9960975609756098
nested_outer_fold,1.0,single_sample_rank,elastic_net,"C=2.0,l1=0.5",0.9965853658536585
nested_outer_fold,1.0,single_sample_rank,elastic_net,"C=2.0,l1=0.8",0.9960975609756098
nested_outer_fold,2.0,single_sample_rank,elastic_net,"C=0.1,l1=0.2",0.9965853658536585
nested_outer_fold,2.0,single_sample_rank,elastic_net,"C=0.1,l1=0.5",0.9965853658536585
nested_outer_fold,2.0,single_sample_rank,elastic_net,"C=0.1,l1=0.8",0.9917073170731707
nested_outer_fold,2.0,single_sample_rank,elastic_net,"C=0.5,l1=0.2",0.9980487804878049
nested_outer_fold,2.0,single_sample_rank,elastic_net,"C=0.5,l1=0.5",0.9960975609756098
nested_outer_fold,2.0,single_sample_rank,elastic_net,"C=0.5,l1=0.8",0.9946341463414634
nested_outer_fold,2.0,single_sample_rank,elastic_net,"C=2.0,l1=0.2",0.9980487804878049
nested_outer_fold,2.0,single_sample_rank,elastic_net,"C=2.0,l1=0.5",0.9975609756097561
nested_outer_fold,2.0,single_sample_rank,elastic_net,"C=2.0,l1=0.8",0.9975609756097561
TCGA_to_GEO_fixed_feature_panel,,single_sample_rank,elastic_net,"C=0.1,l1=0.2",0.995825093386069
TCGA_to_GEO_fixed_feature_panel,,single_sample_rank,elastic_net,"C=0.1,l1=0.5",0.994726433750824
TCGA_to_GEO_fixed_feature_panel,,single_sample_rank,elastic_net,"C=0.1,l1=0.8",0.993188310261481
TCGA_to_GEO_fixed_feature_panel,,single_sample_rank,elastic_net,"C=0.5,l1=0.2",0.996484289167216
TCGA_to_GEO_fixed_feature_panel,,single_sample_rank,elastic_net,"C=0.5,l1=0.5",0.996923753021314
TCGA_to_GEO_fixed_feature_panel,,single_sample_rank,elastic_net,"C=0.5,l1=0.8",0.994286969896726
TCGA_to_GEO_fixed_feature_panel,,single_sample_rank,elastic_net,"C=2.0,l1=0.2",0.9953856295319711
TCGA_to_GEO_fixed_feature_panel,,single_sample_rank,elastic_net,"C=2.0,l1=0.5",0.996484289167216
TCGA_to_GEO_fixed_feature_panel,,single_sample_rank,elastic_net,"C=2.0,l1=0.8",0.996923753021314
nested_outer_fold,0.0,single_sample_rank,svm_rbf,"C=0.1,gamma=0.001",0.9954268292682927
nested_outer_fold,0.0,single_sample_rank,svm_rbf,"C=0.1,gamma=0.01",0.3755081300813008
nested_outer_fold,0.0,single_sample_rank,svm_rbf,"C=0.1,gamma=0.1",0.33536585365853655
nested_outer_fold,0.0,single_sample_rank,svm_rbf,"C=1.0,gamma=0.001",0.994410569105691
nested_outer_fold,0.0,single_sample_rank,svm_rbf,"C=1.0,gamma=0.01",0.991869918699187
nested_outer_fold,0.0,single_sample_rank,svm_rbf,"C=1.0,gamma=0.1",0.290650406504065
nested_outer_fold,0.0,single_sample_rank,svm_rbf,"C=10.0,gamma=0.001",0.9969512195121951
nested_outer_fold,0.0,single_sample_rank,svm_rbf,"C=10.0,gamma=0.01",0.9928861788617885
nested_outer_fold,0.0,single_sample_rank,svm_rbf,"C=10.0,gamma=0.1",0.290650406504065
nested_outer_fold,1.0,single_sample_rank,svm_rbf,"C=0.1,gamma=0.001",0.9960975609756098
nested_outer_fold,1.0,single_sample_rank,svm_rbf,"C=0.1,gamma=0.01",0.6921951219512195
nested_outer_fold,1.0,single_sample_rank,svm_rbf,"C=0.1,gamma=0.1",0.35073170731707315
nested_outer_fold,1.0,single_sample_rank,svm_rbf,"C=1.0,gamma=0.001",0.9975609756097561
nested_outer_fold,1.0,single_sample_rank,svm_rbf,"C=1.0,gamma=0.01",0.9941463414634146
nested_outer_fold,1.0,single_sample_rank,svm_rbf,"C=1.0,gamma=0.1",0.31999999999999995
nested_outer_fold,1.0,single_sample_rank,svm_rbf,"C=10.0,gamma=0.001",0.9951219512195122
nested_outer_fold,1.0,single_sample_rank,svm_rbf,"C=10.0,gamma=0.01",0.9941463414634146
nested_outer_fold,1.0,single_sample_rank,svm_rbf,"C=10.0,gamma=0.1",0.31999999999999995
nested_outer_fold,2.0,single_sample_rank,svm_rbf,"C=0.1,gamma=0.001",0.9995121951219512
nested_outer_fold,2.0,single_sample_rank,svm_rbf,"C=0.1,gamma=0.01",0.697560975609756
nested_outer_fold,2.0,single_sample_rank,svm_rbf,"C=0.1,gamma=0.1",0.3492682926829268
nested_outer_fold,2.0,single_sample_rank,svm_rbf,"C=1.0,gamma=0.001",0.9975609756097561
nested_outer_fold,2.0,single_sample_rank,svm_rbf,"C=1.0,gamma=0.01",0.9990243902439024
nested_outer_fold,2.0,single_sample_rank,svm_rbf,"C=1.0,gamma=0.1",0.3185365853658536
nested_outer_fold,2.0,single_sample_rank,svm_rbf,"C=10.0,gamma=0.001",0.9975609756097561
nested_outer_fold,2.0,single_sample_rank,svm_rbf,"C=10.0,gamma=0.01",0.9990243902439024
nested_outer_fold,2.0,single_sample_rank,svm_rbf,"C=10.0,gamma=0.1",0.3185365853658536
TCGA_to_GEO_fixed_feature_panel,,single_sample_rank,svm_rbf,"C=0.1,gamma=0.001",0.9971434849483629
TCGA_to_GEO_fixed_feature_panel,,single_sample_rank,svm_rbf,"C=0.1,gamma=0.01",0.997582948802461
TCGA_to_GEO_fixed_feature_panel,,single_sample_rank,svm_rbf,"C=0.1,gamma=0.1",0.31883102614809933
TCGA_to_GEO_fixed_feature_panel,,single_sample_rank,svm_rbf,"C=1.0,gamma=0.001",0.996923753021314
TCGA_to_GEO_fixed_feature_panel,,single_sample_rank,svm_rbf,"C=1.0,gamma=0.01",0.9969237530213141
TCGA_to_GEO_fixed_feature_panel,,single_sample_rank,svm_rbf,"C=1.0,gamma=0.1",0.2577455504284773
TCGA_to_GEO_fixed_feature_panel,,single_sample_rank,svm_rbf,"C=10.0,gamma=0.001",0.997363216875412
TCGA_to_GEO_fixed_feature_panel,,single_sample_rank,svm_rbf,"C=10.0,gamma=0.01",0.9969237530213141
TCGA_to_GEO_fixed_feature_panel,,single_sample_rank,svm_rbf,"C=10.0,gamma=0.1",0.2577455504284773
nested_outer_fold,0.0,single_sample_rank,xgboost,"depth=2,lr=0.02,trees=600",0.9832317073170732
nested_outer_fold,0.0,single_sample_rank,xgboost,"depth=2,lr=0.05,trees=400",0.9806910569105691
nested_outer_fold,0.0,single_sample_rank,xgboost,"depth=2,lr=0.1,trees=250",0.9786585365853658
nested_outer_fold,0.0,single_sample_rank,xgboost,"depth=3,lr=0.02,trees=600",0.9832317073170732
nested_outer_fold,0.0,single_sample_rank,xgboost,"depth=3,lr=0.05,trees=400",0.9806910569105691
nested_outer_fold,0.0,single_sample_rank,xgboost,"depth=3,lr=0.1,trees=250",0.9786585365853658
nested_outer_fold,0.0,single_sample_rank,xgboost,"depth=5,lr=0.02,trees=600",0.9832317073170732
nested_outer_fold,0.0,single_sample_rank,xgboost,"depth=5,lr=0.05,trees=400",0.9806910569105691
nested_outer_fold,0.0,single_sample_rank,xgboost,"depth=5,lr=0.1,trees=250",0.9786585365853658
nested_outer_fold,1.0,single_sample_rank,xgboost,"depth=2,lr=0.02,trees=600",0.9892682926829269
nested_outer_fold,1.0,single_sample_rank,xgboost,"depth=2,lr=0.05,trees=400",0.9897560975609757
nested_outer_fold,1.0,single_sample_rank,xgboost,"depth=2,lr=0.1,trees=250",0.9882926829268294
nested_outer_fold,1.0,single_sample_rank,xgboost,"depth=3,lr=0.02,trees=600",0.9892682926829269
nested_outer_fold,1.0,single_sample_rank,xgboost,"depth=3,lr=0.05,trees=400",0.9897560975609757
nested_outer_fold,1.0,single_sample_rank,xgboost,"depth=3,lr=0.1,trees=250",0.9882926829268294
nested_outer_fold,1.0,single_sample_rank,xgboost,"depth=5,lr=0.02,trees=600",0.9892682926829269
nested_outer_fold,1.0,single_sample_rank,xgboost,"depth=5,lr=0.05,trees=400",0.9897560975609757
nested_outer_fold,1.0,single_sample_rank,xgboost,"depth=5,lr=0.1,trees=250",0.9882926829268294
nested_outer_fold,2.0,single_sample_rank,xgboost,"depth=2,lr=0.02,trees=600",0.9829268292682927
nested_outer_fold,2.0,single_sample_rank,xgboost,"depth=2,lr=0.05,trees=400",0.9863414634146341
nested_outer_fold,2.0,single_sample_rank,xgboost,"depth=2,lr=0.1,trees=250",0.9824390243902439
nested_outer_fold,2.0,single_sample_rank,xgboost,"depth=3,lr=0.02,trees=600",0.9829268292682927
nested_outer_fold,2.0,single_sample_rank,xgboost,"depth=3,lr=0.05,trees=400",0.9863414634146341
nested_outer_fold,2.0,single_sample_rank,xgboost,"depth=3,lr=0.1,trees=250",0.9824390243902439
nested_outer_fold,2.0,single_sample_rank,xgboost,"depth=5,lr=0.02,trees=600",0.9829268292682927
nested_outer_fold,2.0,single_sample_rank,xgboost,"depth=5,lr=0.05,trees=400",0.9863414634146341
nested_outer_fold,2.0,single_sample_rank,xgboost,"depth=5,lr=0.1,trees=250",0.9824390243902439
TCGA_to_GEO_fixed_feature_panel,,single_sample_rank,xgboost,"depth=2,lr=0.02,trees=600",0.988793671720501
TCGA_to_GEO_fixed_feature_panel,,single_sample_rank,xgboost,"depth=2,lr=0.05,trees=400",0.9883542078664032
TCGA_to_GEO_fixed_feature_panel,,single_sample_rank,xgboost,"depth=2,lr=0.1,trees=250",0.985937156668864
TCGA_to_GEO_fixed_feature_panel,,single_sample_rank,xgboost,"depth=3,lr=0.02,trees=600",0.988793671720501
TCGA_to_GEO_fixed_feature_panel,,single_sample_rank,xgboost,"depth=3,lr=0.05,trees=400",0.9883542078664032
TCGA_to_GEO_fixed_feature_panel,,single_sample_rank,xgboost,"depth=3,lr=0.1,trees=250",0.985937156668864
TCGA_to_GEO_fixed_feature_panel,,single_sample_rank,xgboost,"depth=5,lr=0.02,trees=600",0.988793671720501
TCGA_to_GEO_fixed_feature_panel,,single_sample_rank,xgboost,"depth=5,lr=0.05,trees=400",0.9883542078664032
TCGA_to_GEO_fixed_feature_panel,,single_sample_rank,xgboost,"depth=5,lr=0.1,trees=250",0.985937156668864
