design_formal,training_formal,cohort,representation,model,setting_formal,threshold_formal,auroc_formal,auprc_formal,brier_formal,brier_skill_formal,balanced_accuracy_formal,sensitivity_formal,specificity_formal,f1_formal,calibration_intercept_formal,calibration_slope_formal,ici_formal,ece_10bin_formal,design_fixed_panel,training_fixed_panel,setting_fixed_panel,threshold_fixed_panel,auroc_fixed_panel,auprc_fixed_panel,brier_fixed_panel,brier_skill_fixed_panel,balanced_accuracy_fixed_panel,sensitivity_fixed_panel,specificity_fixed_panel,f1_fixed_panel,calibration_intercept_fixed_panel,calibration_slope_fixed_panel,ici_fixed_panel,ece_10bin_fixed_panel,feature_panel,threshold_source,delta_auroc,delta_balanced_accuracy,delta_brier_skill,delta_ici
TCGA_to_GEO,TCGA_COAD,GSE13294,fixed_log_expression,elastic_net,"C=2.0,l1=0.5",0.6053650975227356,0.9572094572094572,0.9738035726469229,0.1007319018244743,0.597055620823677,0.8964368964368964,0.9487179487179488,0.8441558441558441,0.902439024390244,-1.41885920036377,0.5298813680070648,0.1049664661937137,0.1286145166163483,TCGA_to_GEO,TCGA_COAD,"C=2.0,l1=0.8",0.6053650975227356,0.955044955044955,0.973251090130901,0.061208195984363556,0.7551570248877232,0.928987678987679,0.9358974358974359,0.922077922077922,0.9299363057324841,-0.5984844264966849,0.5634151443423259,0.0467750919418454,0.0671059899122244,full_discovery_fixed_200,nested_outer_oof,-0.0021645021645021467,0.03255078255078259,0.15810140406404616,-0.05819137425186831
TCGA_to_GEO,TCGA_COAD,GSE13067,fixed_log_expression,elastic_net,"C=2.0,l1=0.5",0.6053650975227356,0.9985569985569986,0.9924242424242424,0.4052006304264068,-2.201845096991348,0.7142857142857143,1.0,0.4285714285714285,0.3793103448275862,-11.263581911290933,1.7554548029595722,0.4852457308299462,0.5046896347524347,TCGA_to_GEO,TCGA_COAD,"C=2.0,l1=0.8",0.6053650975227356,0.9985569985569986,0.9924242424242424,0.22281435132026672,-0.7606513532897266,0.8412698412698413,1.0,0.6825396825396826,0.5238095238095238,-8.519945284166003,1.7137210695213874,0.3157643677950509,0.33783730111915516,full_discovery_fixed_200,nested_outer_oof,0.0,0.12698412698412698,1.4411937437016213,-0.1694813630348953
TCGA_to_GEO,TCGA_COAD,GSE18088,fixed_log_expression,elastic_net,"C=2.0,l1=0.5",0.6053650975227356,0.9504643962848296,0.9669762641898862,0.6327247023582458,-1.7512750602543536,0.5,1.0,0.0,0.5277777777777778,-10.557935064225278,1.3372714111349857,0.6203602592427199,0.6366062996522436,TCGA_to_GEO,TCGA_COAD,"C=2.0,l1=0.8",0.6053650975227356,0.9504643962848297,0.9669762641898862,0.605538010597229,-1.633059244222316,0.5,1.0,0.0,0.5277777777777778,-8.799309588098723,1.4195354027252833,0.605195936804777,0.6212449208745416,full_discovery_fixed_200,nested_outer_oof,1.1102230246251565e-16,0.0,0.11821581603203768,-0.015164322437942857
TCGA_to_GEO,TCGA_COAD,GSE26682,fixed_log_expression,elastic_net,"C=2.0,l1=0.5",0.6053650975227356,0.9570494864612512,0.8807895492880012,0.8671672344207764,-6.598441560617905,0.5,1.0,0.0,0.232258064516129,-14.19666288727269,1.0885093960825831,0.8547733814798797,0.8678872802831831,TCGA_to_GEO,TCGA_COAD,"C=2.0,l1=0.8",0.6053650975227356,0.953781512605042,0.8972422736924168,0.852678656578064,-6.471487257382671,0.5,1.0,0.0,0.23225806451612904,-10.326579482242334,0.9334306617516184,0.8469807268363632,0.8604804281770748,full_discovery_fixed_200,nested_outer_oof,-0.0032679738562092497,0.0,0.12695430323523382,-0.007792654643516528
TCGA_to_GEO,TCGA_COAD,GSE39084,fixed_log_expression,elastic_net,"C=2.0,l1=0.5",0.6053650975227356,0.9693627450980392,0.9286255402421574,0.5877475738525391,-2.23333193507849,0.5392156862745098,1.0,0.0784313725490196,0.4050632911392405,-7.808343606232863,1.119222063957918,0.6392455866002952,0.6582358096962544,TCGA_to_GEO,TCGA_COAD,"C=2.0,l1=0.8",0.6053650975227356,0.9656862745098039,0.9140869192726777,0.37569642066955566,-1.0667907259627887,0.696078431372549,1.0,0.39215686274509803,0.5079365079365079,-5.337532423696845,1.1214864836466363,0.46453564595980035,0.48547317510220545,full_discovery_fixed_200,nested_outer_oof,-0.003676470588235281,0.1568627450980392,1.1665412091157012,-0.17470994064049483
TCGA_to_GEO,TCGA_COAD,GSE13294,fixed_log_expression,svm_rbf,"C=10.0,gamma=0.001",0.5918716699706539,0.9523809523809526,0.9680759526027148,0.0957572026702109,0.6169552457289679,0.8973526473526474,0.8076923076923077,0.987012987012987,0.8873239436619719,0.5009655346557862,2.293898752257861,0.1193432410564269,0.1684041538254925,TCGA_to_GEO,TCGA_COAD,"C=1.0,gamma=0.01",0.464920554483512,0.9254079254079254,0.9335616643949068,0.2501904742060671,-0.0008035535798804894,0.5,1.0,0.0,0.6695278969957081,0.012882454629708006,-0.0003684487939952509,0.3048472963248769,0.36442663179207274,full_discovery_fixed_200,nested_outer_oof,-0.02697302697302717,-0.3973526473526474,-0.6177587993088484,0.18550405526844999
TCGA_to_GEO,TCGA_COAD,GSE13067,fixed_log_expression,svm_rbf,"C=10.0,gamma=0.001",0.5918716699706539,0.994227994227994,0.9708624708624708,0.1185570062909246,0.0631772489911925,0.9386724386724388,0.9090909090909092,0.9682539682539684,0.8695652173913043,-4.056200081164008,7.998045294344017,0.2648873704643859,0.2675292067779418,TCGA_to_GEO,TCGA_COAD,"C=1.0,gamma=0.01",0.464920554483512,0.9422799422799423,0.7132522706052118,0.24210032433000456,-0.9130467186596032,0.5,1.0,0.0,0.25882352941176473,-1.7415425942461142,0.07972241837691309,0.36139989766834435,0.3599214399699624,full_discovery_fixed_200,nested_outer_oof,-0.05194805194805174,-0.43867243867243877,-0.9762239676507957,0.09651252720395848
TCGA_to_GEO,TCGA_COAD,GSE18088,fixed_log_expression,svm_rbf,"C=10.0,gamma=0.001",0.5918716699706539,0.9427244582043344,0.9574463106380552,0.2087288948100877,0.0923847282948352,0.9589783281733746,0.9473684210526316,0.9705882352941176,0.9473684210526316,-2.804916176131356,8.254148080437076,0.3387260471166796,0.359256302414096,TCGA_to_GEO,TCGA_COAD,"C=1.0,gamma=0.01",0.464920554483512,0.8978328173374612,0.8498186344650798,0.2468974260632869,-0.07358338980150592,0.5,1.0,0.0,0.5277777777777778,-0.5807187257109644,0.026540472986561266,0.31011405220279903,0.38442152237256133,full_discovery_fixed_200,nested_outer_oof,-0.04489164086687314,-0.4589783281733746,-0.1659681180963411,-0.028611994913880556
TCGA_to_GEO,TCGA_COAD,GSE26682,fixed_log_expression,svm_rbf,"C=10.0,gamma=0.001",0.5918716699706539,0.8249299719887956,0.4396353074474053,0.2397414241902671,-1.1007034503394602,0.5,0.0,1.0,0.0,-1.8824824185606104,0.1073805521531718,0.3522432080709031,0.3573216277433212,TCGA_to_GEO,TCGA_COAD,"C=1.0,gamma=0.01",0.464920554483512,0.5,0.13138686131386862,0.24170881926864532,-1.1179424971303473,0.5,1.0,0.0,0.23225806451612904,-1.8846278111195678,0.0861308646656893,0.3571896768954646,0.3571896768954645,full_discovery_fixed_200,nested_outer_oof,-0.3249299719887956,0.0,-0.01723904679088717,0.004946468824561512
TCGA_to_GEO,TCGA_COAD,GSE39084,fixed_log_expression,svm_rbf,"C=10.0,gamma=0.001",0.5918716699706539,0.934436274509804,0.8360654744507299,0.2331914238469706,-0.2828386049620723,0.5625,0.125,1.0,0.2222222222222222,-3.102227345881812,18.92646764575373,0.3247129469513324,0.3535139725109328,TCGA_to_GEO,TCGA_COAD,"C=1.0,gamma=0.01",0.464920554483512,0.7034313725490196,0.4062849661507915,0.2441630154393263,-0.3431958042979606,0.5,1.0,0.0,0.3855421686746988,-1.1568124816194167,0.05286840019887632,0.23503322013736147,0.26844692865118347,full_discovery_fixed_200,nested_outer_oof,-0.2310049019607845,-0.0625,-0.06035719933588829,-0.08967972681397093
TCGA_to_GEO,TCGA_COAD,GSE13294,fixed_log_expression,xgboost,"depth=2,lr=0.05,trees=400",0.2580522000789642,0.9095904095904096,0.9132796597443728,0.2019406855106353,0.1922036347996978,0.8644688644688645,0.8717948717948718,0.8571428571428571,0.8662420382165605,2.545554594956871,2.4222658460557795,0.214342208588452,0.2404345165337285,TCGA_to_GEO,TCGA_COAD,"depth=2,lr=0.02,trees=600",0.4726989269256592,0.9104229104229105,0.9179156890201012,0.18728645145893097,0.250823010938925,0.7178654678654679,0.44871794871794873,0.987012987012987,0.6140350877192983,2.28222452594732,2.5336422157778435,0.19498745961634706,0.21245842806754572,full_discovery_fixed_200,nested_outer_oof,0.0008325008325008598,-0.1466033966033966,0.058619376139227214,-0.01935474897210493
TCGA_to_GEO,TCGA_COAD,GSE13067,fixed_log_expression,xgboost,"depth=2,lr=0.05,trees=400",0.2580522000789642,0.9090909090909092,0.7997356586066264,0.0904009118676185,0.2856632130056576,0.7683982683982684,0.7272727272727273,0.8095238095238095,0.5161290322580645,2.013157484252743,3.743039129463512,0.1368021557476111,0.1521371639258152,TCGA_to_GEO,TCGA_COAD,"depth=2,lr=0.02,trees=600",0.4726989269256592,0.8917748917748918,0.7656961602083554,0.09821401536464691,0.22392503876362702,0.7193362193362193,0.45454545454545453,0.9841269841269841,0.5882352941176471,0.9634799333566442,3.3880730466761944,0.1559653576130893,0.17654913341676867,full_discovery_fixed_200,nested_outer_oof,-0.017316017316017396,-0.04906204906204914,-0.0617381742420306,0.019163201865478208
TCGA_to_GEO,TCGA_COAD,GSE18088,fixed_log_expression,xgboost,"depth=2,lr=0.05,trees=400",0.2580522000789642,0.9202786377708976,0.9105985623115712,0.1680508852005005,0.2692648041359042,0.826625386996904,0.9473684210526316,0.7058823529411765,0.7659574468085106,3.321068009277919,4.465845050652624,0.2201783492439892,0.2760186954489294,TCGA_to_GEO,TCGA_COAD,"depth=2,lr=0.02,trees=600",0.4726989269256592,0.9226006191950464,0.915529314936637,0.16284342110157013,0.29190840576732124,0.6842105263157895,0.3684210526315789,1.0,0.5384615384615384,2.22885096170996,4.936639363889907,0.21383547752612325,0.25305730722985176,full_discovery_fixed_200,nested_outer_oof,0.0023219814241488557,-0.14241486068111453,0.022643601631417043,-0.006342871717865961
TCGA_to_GEO,TCGA_COAD,GSE26682,fixed_log_expression,xgboost,"depth=2,lr=0.05,trees=400",0.2580522000789642,0.5238095238095238,0.1796431467964314,0.1129433959722518,0.0103479929957068,0.5277777777777778,0.0555555555555555,1.0,0.1052631578947368,4.595606305511532,3.5868432228977047,0.1437964543808985,0.0089157818660248,TCGA_to_GEO,TCGA_COAD,"depth=2,lr=0.02,trees=600",0.4726989269256592,0.5788982259570494,0.22145093468622878,0.11609843373298645,-0.017297620324193685,0.5,0.0,1.0,0.0,2.960778957402794,3.3354405917876564,0.19257387029970904,0.09465941329942132,full_discovery_fixed_200,nested_outer_oof,0.05508870214752559,-0.02777777777777779,-0.027645613319900487,0.048777415918810546
TCGA_to_GEO,TCGA_COAD,GSE39084,fixed_log_expression,xgboost,"depth=2,lr=0.05,trees=400",0.2580522000789642,0.8112745098039217,0.6174825752950752,0.162221148610115,0.1075848822171489,0.6464460784313726,0.3125,0.9803921568627452,0.4545454545454545,3.794522821758356,3.343344507951892,0.1124786900465088,0.1437175224966077,TCGA_to_GEO,TCGA_COAD,"depth=2,lr=0.02,trees=600",0.4726989269256592,0.7040441176470588,0.5035648326433683,0.16321200132369995,0.10213397801214574,0.5,0.0,1.0,0.0,2.7506052379759636,3.1189264382528794,0.0943730668662524,0.16282015460640636,full_discovery_fixed_200,nested_outer_oof,-0.10723039215686292,-0.14644607843137258,-0.00545090420500316,-0.01810562318025641
TCGA_to_GEO,TCGA_COAD,GSE13294,target_cohort_adaptive_zscore,elastic_net,"C=2.0,l1=0.5",0.6053668856620789,0.9578754578754578,0.9717486563517892,0.0876840651035308,0.6492491401744374,0.8717116217116216,0.7564102564102564,0.987012987012987,0.855072463768116,1.6593608450971062,0.7288660619507098,0.0971066229357179,0.1080372006707494,TCGA_to_GEO,TCGA_COAD,"C=2.0,l1=0.8",0.6053668856620789,0.956876456876457,0.9722139265697537,0.10513540357351303,0.5794408806437479,0.8397435897435898,0.6794871794871795,1.0,0.8091603053435115,2.1662034596401396,0.8077571127318346,0.12825003842386867,0.141847151319962,full_discovery_fixed_200,nested_outer_oof,-0.0009990009990008542,-0.031968031968031885,-0.06980825953068948,0.031143415488150777
TCGA_to_GEO,TCGA_COAD,GSE13067,target_cohort_adaptive_zscore,elastic_net,"C=2.0,l1=0.5",0.6053668856620789,0.9971139971139972,0.986013986013986,0.0529634207487106,0.5814896219048493,0.9841269841269842,1.0,0.9682539682539684,0.9166666666666666,-3.144681376662439,1.24320601295181,0.1081645492696646,0.1158577905923782,TCGA_to_GEO,TCGA_COAD,"C=2.0,l1=0.8",0.6053668856620789,0.9971139971139971,0.986013986013986,0.031319182366132736,0.7525197075945991,0.9466089466089466,0.9090909090909091,0.9841269841269841,0.9090909090909091,-2.3027684919610443,1.2626291778811825,0.0690376258478451,0.07139511870824404,full_discovery_fixed_200,nested_outer_oof,-1.1102230246251565e-16,-0.03751803751803762,0.17103008568974976,-0.03912692342181949
TCGA_to_GEO,TCGA_COAD,GSE18088,target_cohort_adaptive_zscore,elastic_net,"C=2.0,l1=0.5",0.6053668856620789,0.9458204334365324,0.96346626247844,0.0361295342445373,0.8428980469150071,0.9473684210526316,0.8947368421052632,1.0,0.9444444444444444,0.1829142933815092,0.6766822547303054,0.0182895256759774,0.0342492830889071,TCGA_to_GEO,TCGA_COAD,"C=2.0,l1=0.8",0.6053668856620789,0.9473684210526315,0.9638291071809075,0.03821902349591255,0.8338123266253585,0.9210526315789473,0.8421052631578947,1.0,0.9142857142857143,0.6201401615571159,0.7377285295065552,0.030406917214241123,0.04421650333865984,full_discovery_fixed_200,nested_outer_oof,0.001547987616099089,-0.026315789473684292,-0.009085720289648602,0.012117391538263723
TCGA_to_GEO,TCGA_COAD,GSE26682,target_cohort_adaptive_zscore,elastic_net,"C=2.0,l1=0.5",0.6053668856620789,0.9677871148459384,0.9025617283950618,0.0923189297318458,0.1910672305616176,0.8982259570494864,0.8888888888888888,0.907563025210084,0.7111111111111111,-2.762762475770916,0.6969833327674028,0.1240057311593234,0.1336487422656458,TCGA_to_GEO,TCGA_COAD,"C=2.0,l1=0.8",0.6053668856620789,0.964985994397759,0.9129212204007287,0.07212089002132416,0.36804996040605364,0.9066293183940243,0.8888888888888888,0.9243697478991597,0.7441860465116279,-2.2795276757145144,0.7985218546032163,0.09079166534533133,0.10342554950468025,full_discovery_fixed_200,nested_outer_oof,-0.0028011204481793728,0.008403361344537896,0.17698272984443605,-0.03321406581399207
TCGA_to_GEO,TCGA_COAD,GSE39084,target_cohort_adaptive_zscore,elastic_net,"C=2.0,l1=0.5",0.6053668856620789,0.9754901960784312,0.947204836494151,0.0717383325099945,0.6053512565718562,0.9197303921568628,0.9375,0.9019607843137256,0.8333333333333334,-1.6700940057828573,0.8445074720133062,0.0839273507948259,0.085928497971522,TCGA_to_GEO,TCGA_COAD,"C=2.0,l1=0.8",0.6053668856620789,0.9742647058823529,0.9357275947736474,0.06070888042449951,0.6660267595274776,0.8982843137254901,0.875,0.9215686274509803,0.8235294117647058,-0.9615962765891437,0.9183207433755874,0.05320142633554088,0.051964916094247984,full_discovery_fixed_200,nested_outer_oof,-0.001225490196078316,-0.021446078431372695,0.06067550295562141,-0.030725924459285014
TCGA_to_GEO,TCGA_COAD,GSE13294,target_cohort_adaptive_zscore,svm_rbf,"C=10.0,gamma=0.001",0.5918715036651913,0.9577089577089578,0.9695692824875112,0.1827466816877597,0.2689828458960327,0.717948717948718,0.4358974358974359,1.0,0.6071428571428571,3.771790419465125,1.1107381513523975,0.2342279663579025,0.2485357456491054,TCGA_to_GEO,TCGA_COAD,"C=1.0,gamma=0.01",0.4649205559289358,0.9212454212454212,0.9405766695696066,0.17906311798153404,0.28371771403490587,0.7628205128205128,0.5256410256410257,1.0,0.6890756302521008,2.460459239193148,1.0765319525736063,0.20269812992287328,0.21563900758056342,full_discovery_fixed_200,nested_outer_oof,-0.03646353646353662,0.04487179487179482,0.014734868138873147,-0.03152983643502921
TCGA_to_GEO,TCGA_COAD,GSE13067,target_cohort_adaptive_zscore,svm_rbf,"C=10.0,gamma=0.001",0.5918715036651913,0.9942279942279942,0.9757575757575758,0.0249714409936226,0.8026787721773772,0.9466089466089466,0.9090909090909092,0.984126984126984,0.9090909090909092,-0.4070333680631013,1.7631071423124955,0.0312623401134991,0.0348080335777998,TCGA_to_GEO,TCGA_COAD,"C=1.0,gamma=0.01",0.4649205559289358,0.9855699855699855,0.8953791158336613,0.03478097262887434,0.7251650705400925,0.9386724386724387,0.9090909090909091,0.9682539682539683,0.8695652173913043,-0.6895262598185101,1.9363528893250899,0.04705816982606891,0.06508622760509487,full_discovery_fixed_200,nested_outer_oof,-0.008658008658008698,-0.007936507936507908,-0.07751370163728466,0.015795829712569813
TCGA_to_GEO,TCGA_COAD,GSE18088,target_cohort_adaptive_zscore,svm_rbf,"C=10.0,gamma=0.001",0.5918715036651913,0.9690402476780186,0.973009446693657,0.0554594072007597,0.7588460141997925,0.8947368421052632,0.7894736842105263,1.0,0.8823529411764706,2.131955321062621,1.1037320232710857,0.0765640090825301,0.0894759349208187,TCGA_to_GEO,TCGA_COAD,"C=1.0,gamma=0.01",0.4649205559289358,0.9953560371517027,0.9922173855691858,0.04390270106383014,0.809098007293655,0.9210526315789473,0.8421052631578947,1.0,0.9142857142857143,2.7123701917192347,2.252172540436725,0.05404974233404636,0.07366894637377149,full_discovery_fixed_200,nested_outer_oof,0.02631578947368418,0.02631578947368418,0.050251993093862524,-0.02251426674848374
TCGA_to_GEO,TCGA_COAD,GSE26682,target_cohort_adaptive_zscore,svm_rbf,"C=10.0,gamma=0.001",0.5918715036651913,0.9603174603174602,0.909232845828758,0.042285071583467,0.6294824890055588,0.9318394024276376,0.8888888888888888,0.9747899159663864,0.8648648648648649,-1.100661475859509,0.9841442680995828,0.0493147600814155,0.0595701979902362,TCGA_to_GEO,TCGA_COAD,"C=1.0,gamma=0.01",0.4649205559289358,0.9509803921568627,0.8540191989239416,0.05218133917957956,0.5427677147238428,0.9150326797385621,0.8888888888888888,0.9411764705882353,0.7804878048780488,-0.9975240000841318,1.0219349625881584,0.051497372416664,0.06461501151253016,full_discovery_fixed_200,nested_outer_oof,-0.00933706816059754,-0.01680672268907557,-0.08671477428171603,0.002182612335248503
TCGA_to_GEO,TCGA_COAD,GSE39084,target_cohort_adaptive_zscore,svm_rbf,"C=10.0,gamma=0.001",0.5918715036651913,0.9681372549019608,0.9419737990050492,0.0485241306652436,0.7330578154947567,0.8026960784313726,0.625,0.9803921568627452,0.7407407407407407,0.5058923272511605,1.2569941904248845,0.0435082851454031,0.0409573248156861,TCGA_to_GEO,TCGA_COAD,"C=1.0,gamma=0.01",0.4649205559289358,0.946078431372549,0.8904113926532404,0.0668590939902895,0.6321930478892039,0.9080882352941176,0.875,0.9411764705882353,0.8484848484848485,-0.10353463545101832,1.0543973538743951,0.02433435114675439,0.050285885321371404,full_discovery_fixed_200,nested_outer_oof,-0.022058823529411797,0.10539215686274506,-0.10086476760555274,-0.01917393399864871
TCGA_to_GEO,TCGA_COAD,GSE13294,target_cohort_adaptive_zscore,xgboost,"depth=2,lr=0.05,trees=400",0.2580522000789642,0.9405594405594409,0.9560728895714382,0.1917420476675033,0.2329998842471248,0.8268398268398268,0.6666666666666666,0.987012987012987,0.7938931297709924,3.4622434467281,1.53588376335816,0.2289480056353263,0.2490810908016658,TCGA_to_GEO,TCGA_COAD,"depth=2,lr=0.02,trees=600",0.4726989269256592,0.9408924408924408,0.9555349370072737,0.19057510793209076,0.23766783748443543,0.7435897435897436,0.48717948717948717,1.0,0.6551724137931034,3.4073608694697683,1.564677526199947,0.22697083337606927,0.2482327865376588,full_discovery_fixed_200,nested_outer_oof,0.00033300033299998866,-0.0832500832500832,0.004667953237310618,-0.0019771722592570318
TCGA_to_GEO,TCGA_COAD,GSE13067,target_cohort_adaptive_zscore,xgboost,"depth=2,lr=0.05,trees=400",0.2580522000789642,0.9884559884559884,0.9403485403485404,0.0356995537877082,0.7179065562171854,0.9603174603174602,1.0,0.9206349206349206,0.8148148148148148,0.2686438315177171,2.4534805953412926,0.0528631996100851,0.052441813378922,TCGA_to_GEO,TCGA_COAD,"depth=2,lr=0.02,trees=600",0.4726989269256592,0.9913419913419913,0.9530630985176439,0.035646021366119385,0.7183295627693077,0.9011544011544012,0.8181818181818182,0.9841269841269841,0.8571428571428571,0.3550148372823289,2.8634731218320786,0.06147564098678161,0.08702946066655018,full_discovery_fixed_200,nested_outer_oof,0.0028860028860029363,-0.059163059163059084,0.0004230065521223514,0.008612441376696513
TCGA_to_GEO,TCGA_COAD,GSE18088,target_cohort_adaptive_zscore,xgboost,"depth=2,lr=0.05,trees=400",0.2580522000789642,0.9674922600619196,0.970239363591164,0.0608388856053352,0.7354544432424355,0.9589783281733746,0.9473684210526316,0.9705882352941176,0.9473684210526316,1.7012873265424322,1.4715943909785074,0.0682101659352347,0.1042561810815109,TCGA_to_GEO,TCGA_COAD,"depth=2,lr=0.02,trees=600",0.4726989269256592,0.958204334365325,0.9668205601723605,0.06479588150978088,0.7182482489768196,0.9210526315789473,0.8421052631578947,1.0,0.9142857142857143,1.8234035549425738,1.524447050076375,0.0768337112153314,0.11536681107333246,full_discovery_fixed_200,nested_outer_oof,-0.009287925696594534,-0.03792569659442724,-0.01720619426561587,0.008623545280096706
TCGA_to_GEO,TCGA_COAD,GSE26682,target_cohort_adaptive_zscore,xgboost,"depth=2,lr=0.05,trees=400",0.2580522000789642,0.9710550887021476,0.9043740788243768,0.0439808890223503,0.6146231064143357,0.8898225957049486,0.8888888888888888,0.8907563025210085,0.6808510638297872,-0.8310836841791432,1.565311053708904,0.0598376348963241,0.0721866770708647,TCGA_to_GEO,TCGA_COAD,"depth=2,lr=0.02,trees=600",0.4726989269256592,0.9743230625583567,0.9046315989864377,0.046261876821517944,0.5946362436680344,0.9150326797385621,0.8888888888888888,0.9411764705882353,0.7804878048780488,-0.8850920037730284,1.6064636624782704,0.06167184012059337,0.07707911520434992,full_discovery_fixed_200,nested_outer_oof,0.0032679738562090277,0.025210084033613467,-0.019986862746301348,0.0018342052242692683
TCGA_to_GEO,TCGA_COAD,GSE39084,target_cohort_adaptive_zscore,xgboost,"depth=2,lr=0.05,trees=400",0.2580522000789642,0.9595588235294116,0.9178937484084544,0.0651350319385528,0.6416775019948973,0.8982843137254901,0.875,0.9215686274509804,0.8235294117647058,0.700398106031179,1.4691364959806594,0.0372141152077072,0.0672070928084761,TCGA_to_GEO,TCGA_COAD,"depth=2,lr=0.02,trees=600",0.4726989269256592,0.9607843137254901,0.9155549719887954,0.06579118967056274,0.6380678303539753,0.8339460784313726,0.6875,0.9803921568627451,0.7857142857142857,0.9100414122836605,1.6425936097586695,0.04290346317557411,0.07334311348177604,full_discovery_fixed_200,nested_outer_oof,0.001225490196078538,-0.06433823529411753,-0.003609671640921963,0.005689347967866909
TCGA_to_GEO,TCGA_COAD,GSE13294,single_sample_rank,elastic_net,"C=0.5,l1=0.8",0.2828556001186371,0.9595404595404596,0.9722397608577508,0.0646921843290329,0.7412204914244064,0.916083916083916,0.9230769230769232,0.9090909090909092,0.9171974522292994,0.5421978274709758,0.8295750189679776,0.0335433256784568,0.0455521361121246,TCGA_to_GEO,TCGA_COAD,"C=0.5,l1=0.5",0.8354368209838867,0.9600399600399601,0.9736157224528799,0.07054001837968826,0.7178281815564418,0.8333333333333333,0.6666666666666666,1.0,0.8,1.3628149483564895,0.776628659254387,0.07502899574044025,0.08443722400453783,full_discovery_fixed_200,nested_outer_oof,0.0004995004995004271,-0.08275058275058278,-0.02339230986796459,0.04148567006198345
TCGA_to_GEO,TCGA_COAD,GSE13067,single_sample_rank,elastic_net,"C=0.5,l1=0.8",0.2828556001186371,1.0,1.0,0.009393029846251,0.925777443812308,0.9841269841269842,1.0,0.9682539682539684,0.9166666666666666,-2.4106370434329074,17.757752034378438,0.0301720376399444,0.0439170301259445,TCGA_to_GEO,TCGA_COAD,"C=0.5,l1=0.5",0.8354368209838867,0.9985569985569986,0.9924242424242424,0.013049283064901829,0.896886184612695,0.9090909090909092,0.8181818181818182,1.0,0.9,-1.7092733195380836,2.9774437922615795,0.028961107173157755,0.02526696124334342,full_discovery_fixed_200,nested_outer_oof,-0.0014430014430013571,-0.07503607503607501,-0.028891259199612995,-0.001210930466786643
TCGA_to_GEO,TCGA_COAD,GSE18088,single_sample_rank,elastic_net,"C=0.5,l1=0.8",0.2828556001186371,0.9736842105263156,0.9731697665215668,0.0616537071764469,0.7319113568751713,0.9210526315789472,0.8421052631578947,1.0,0.9142857142857144,3.15272101899439,1.413786219025764,0.0856668804945123,0.0973253059969723,TCGA_to_GEO,TCGA_COAD,"C=0.5,l1=0.5",0.8354368209838867,0.9458204334365324,0.9609051305727203,0.046940822154283524,0.7958873538213895,0.8421052631578947,0.6842105263157895,1.0,0.8125,1.0612088209513626,0.965419762350561,0.043443488851479924,0.06489337954389036,full_discovery_fixed_200,nested_outer_oof,-0.02786377708978316,-0.07894736842105254,0.06397599694621825,-0.04222339164303238
TCGA_to_GEO,TCGA_COAD,GSE26682,single_sample_rank,elastic_net,"C=0.5,l1=0.8",0.2828556001186371,0.9794584500466852,0.9257806236972904,0.1385065615177154,-0.213645963177405,0.8277310924369747,1.0,0.6554621848739496,0.4675324675324675,-3.6385355558750136,0.896621826854766,0.2202432980117665,0.231142818343139,TCGA_to_GEO,TCGA_COAD,"C=0.5,l1=0.5",0.8354368209838867,0.9589169000933707,0.8816655401453932,0.08656373620033264,0.24149637500278087,0.919234360410831,0.8888888888888888,0.9495798319327731,0.8,-2.4309021055487317,0.6547771887146344,0.11337699560018345,0.12187618486596828,full_discovery_fixed_200,nested_outer_oof,-0.020541549953314475,0.09150326797385622,0.4551423381801859,-0.10686630241158306
TCGA_to_GEO,TCGA_COAD,GSE39084,single_sample_rank,elastic_net,"C=0.5,l1=0.8",0.2828556001186371,0.9926470588235294,0.9801470588235296,0.0818906351923942,0.5495011502712527,0.8125,0.625,1.0,0.7692307692307693,5.881081633997679,3.045649906724187,0.11039771081582,0.1147932744890785,TCGA_to_GEO,TCGA_COAD,"C=0.5,l1=0.5",0.8354368209838867,0.9718137254901962,0.924896942582701,0.08227195590734482,0.5474034190342268,0.6875,0.375,1.0,0.5454545454545454,1.9990613385347031,1.2935449199697375,0.07972076890768406,0.08808860290837266,full_discovery_fixed_200,nested_outer_oof,-0.02083333333333326,-0.125,-0.002097731237025835,-0.03067694190813594
TCGA_to_GEO,TCGA_COAD,GSE13294,single_sample_rank,svm_rbf,"C=10.0,gamma=0.001",0.525435413993424,0.5,0.5032258064516129,0.328592298455965,-0.3144239044962635,0.5,0.0,1.0,0.0,0.0050401204810513,-0.006295378821865,0.2803617382654564,0.2803617382654565,TCGA_to_GEO,TCGA_COAD,"C=0.1,gamma=0.01",0.6096080653682118,0.9547119547119547,0.9672382681544507,0.2784815824256303,-0.11397269693236245,0.5,1.0,0.0,0.6695278969957081,-239.34546897018777,323.70095245155085,0.33562696333408315,0.41763468592778263,full_discovery_fixed_200,nested_outer_oof,0.4547119547119547,0.0,0.20045120756390106,0.055265225068626744
TCGA_to_GEO,TCGA_COAD,GSE13067,single_sample_rank,svm_rbf,"C=10.0,gamma=0.001",0.525435413993424,0.5,0.1486486486486486,0.1320601564007075,-0.0435229674607136,0.5,0.0,1.0,0.0,-0.6816806388968593,0.8514553175394513,0.0742154195375077,0.0742154195375077,TCGA_to_GEO,TCGA_COAD,"C=0.1,gamma=0.01",0.6096080653682118,0.9942279942279942,0.9708624708624709,0.40415093079907344,-2.1935505008019134,0.5,1.0,0.0,0.25882352941176473,-1338.6229342356492,1803.6733403094136,0.5284995340872836,0.5690987648036512,full_discovery_fixed_200,nested_outer_oof,0.49422799422799424,0.0,-2.1500275333412,0.45428411454977585
TCGA_to_GEO,TCGA_COAD,GSE18088,single_sample_rank,svm_rbf,"C=10.0,gamma=0.001",0.525435413993424,0.5,0.3584905660377358,0.248369627019164,-0.0799849571158386,0.5,0.0,1.0,0.0,-0.2272009160598909,0.2837860348255307,0.1356264978515794,0.1356264978515793,TCGA_to_GEO,TCGA_COAD,"C=0.1,gamma=0.01",0.6096080653682118,0.9752321981424148,0.969828386109753,0.32487671755546615,-0.41266052571718936,0.5,1.0,0.0,0.5277777777777778,-126.99544859957028,171.38829861660457,0.4233855627176932,0.4554105017369666,full_discovery_fixed_200,nested_outer_oof,0.4752321981424148,0.0,-0.3326755686013508,0.2877590648661138
TCGA_to_GEO,TCGA_COAD,GSE26682,single_sample_rank,svm_rbf,"C=10.0,gamma=0.001",0.525435413993424,0.5436507936507936,0.183375104427736,0.1224924324497408,-0.0733242131882283,0.5,0.0,1.0,0.0,-0.7375834396487423,0.9212809635312836,0.2269098476164122,0.1028222563755363,TCGA_to_GEO,TCGA_COAD,"C=0.1,gamma=0.01",0.6096080653682118,0.9318394024276376,0.8255514676327707,0.41122877366847793,-2.6033393337925594,0.5,1.0,0.0,0.23225806451612904,-1138.2197901326963,1533.0756637108216,0.5494540254768407,0.5673610864898189,full_discovery_fixed_200,nested_outer_oof,0.388188608776844,0.0,-2.530015120604331,0.32254417786042855
TCGA_to_GEO,TCGA_COAD,GSE39084,single_sample_rank,svm_rbf,"C=10.0,gamma=0.001",0.525435413993424,0.5,0.2388059701492537,0.1820318230085285,-0.001398104761378,0.5,0.0,1.0,0.0,-0.4529436542173148,0.5657506858227572,0.0159419019630973,0.0159419019630973,TCGA_to_GEO,TCGA_COAD,"C=0.1,gamma=0.01",0.6096080653682118,0.9497549019607844,0.9412024833518313,0.3678714108620913,-1.0237435825489314,0.5,1.0,0.0,0.3855421686746988,-103.11638636897045,137.45121267882553,0.46043010624173053,0.5393981249034583,full_discovery_fixed_200,nested_outer_oof,0.4497549019607844,0.0,-1.0223454777875534,0.4444882042786332
TCGA_to_GEO,TCGA_COAD,GSE13294,single_sample_rank,xgboost,"depth=2,lr=0.05,trees=400",0.235966682434082,0.935980685980686,0.9491195349152812,0.1789808571338653,0.2840467711220253,0.8708791208791209,0.8846153846153846,0.8571428571428571,0.8734177215189873,2.983480322972436,2.57677445089532,0.2024113441894379,0.2192738517638175,TCGA_to_GEO,TCGA_COAD,"depth=2,lr=0.02,trees=600",0.302778035402298,0.9292374292374292,0.9478945249353485,0.18581639230251312,0.2567034923296907,0.8588911088911089,0.7307692307692307,0.987012987012987,0.8382352941176471,3.0282984103489734,2.0695548283438265,0.21368999526258492,0.23991150570011907,full_discovery_fixed_200,nested_outer_oof,-0.006743256743256709,-0.011988011988012026,-0.027343278792334613,0.011278651073147017
TCGA_to_GEO,TCGA_COAD,GSE13067,single_sample_rank,xgboost,"depth=2,lr=0.05,trees=400",0.235966682434082,0.953823953823954,0.8521398192450824,0.0778050422668457,0.3851942114671759,0.8412698412698413,1.0,0.6825396825396826,0.5238095238095238,0.3429171520252065,3.5887004047630646,0.1517973260673629,0.1480858838437377,TCGA_to_GEO,TCGA_COAD,"depth=2,lr=0.02,trees=600",0.302778035402298,0.9494949494949495,0.8540495867768596,0.07570517063140869,0.40178713654026843,0.8888888888888888,1.0,0.7777777777777778,0.6111111111111112,-0.28451997659429784,3.210616426615867,0.14337478407133997,0.13619640922626933,full_discovery_fixed_200,nested_outer_oof,-0.0043290043290045155,0.04761904761904756,0.016592925073092513,-0.008422541996022936
TCGA_to_GEO,TCGA_COAD,GSE18088,single_sample_rank,xgboost,"depth=2,lr=0.05,trees=400",0.235966682434082,0.9380804953560372,0.9143276374480542,0.1213917732238769,0.4721524907339468,0.903250773993808,0.8947368421052632,0.9117647058823528,0.8717948717948718,2.380659047621432,2.1938243137375903,0.1198511275275655,0.1381758611016678,TCGA_to_GEO,TCGA_COAD,"depth=2,lr=0.02,trees=600",0.302778035402298,0.9179566563467491,0.9107662237550618,0.11094019562005997,0.5175990565065813,0.8885448916408669,0.8947368421052632,0.8823529411764706,0.85,1.2752326497013642,1.849903760136422,0.09304307379716233,0.1416785293873751,full_discovery_fixed_200,nested_outer_oof,-0.020123839009288158,-0.014705882352941124,0.04544656577263456,-0.02680805373040318
TCGA_to_GEO,TCGA_COAD,GSE26682,single_sample_rank,xgboost,"depth=2,lr=0.05,trees=400",0.235966682434082,0.9318394024276376,0.8674668673439525,0.0671161785721778,0.4119031019508838,0.8604108309990663,0.8888888888888888,0.8319327731092437,0.5925925925925926,0.3782723227933691,2.7509049940955355,0.124868093571748,0.1364574813603484,TCGA_to_GEO,TCGA_COAD,"depth=2,lr=0.02,trees=600",0.302778035402298,0.9388422035480859,0.8640781081093198,0.0534781850874424,0.531404268951351,0.8940242763772175,0.8888888888888888,0.8991596638655462,0.6956521739130435,0.12920910438226726,2.075880503086669,0.0878491610397774,0.11615783452008763,full_discovery_fixed_200,nested_outer_oof,0.007002801120448265,0.03361344537815114,0.11950116700046715,-0.0370189325319706
TCGA_to_GEO,TCGA_COAD,GSE39084,single_sample_rank,xgboost,"depth=2,lr=0.05,trees=400",0.235966682434082,0.9926470588235294,0.9794270833333334,0.1238804683089256,0.3185056100015109,0.9276960784313726,0.875,0.9803921568627452,0.9032258064516128,11.053407199847143,8.357688707875047,0.1850480058373599,0.2104986663629759,TCGA_to_GEO,TCGA_COAD,"depth=2,lr=0.02,trees=600",0.302778035402298,0.9571078431372549,0.8567708007889643,0.1133287325501442,0.3765530877235327,0.8884803921568627,0.875,0.9019607843137255,0.8,3.0069984368010094,3.966887543540594,0.13898907125828538,0.13551163195229288,full_discovery_fixed_200,nested_outer_oof,-0.035539215686274495,-0.03921568627450989,0.05804747772202179,-0.046058934579074506
