panel_id,representation,gene,f_statistic,raw_pvalue,panel_size
full_discovery,single_sample_rank,QPRT,217.85138418674643,1.534754318017825e-31,200
full_discovery,fixed_log_expression,QPRT,217.85138418674643,1.534754318017825e-31,200
full_discovery,target_cohort_adaptive_zscore,QPRT,217.85138418674643,1.534754318017825e-31,200
full_discovery,target_cohort_adaptive_zscore,MLH1,175.37283618277345,2.0961345788766816e-27,200
full_discovery,fixed_log_expression,MLH1,175.37283618277345,2.0961345788766816e-27,200
full_discovery,single_sample_rank,MLH1,175.37283618277345,2.0961345788766816e-27,200
full_discovery,target_cohort_adaptive_zscore,GFI1,168.13875990801296,1.1978319915733668e-26,200
full_discovery,fixed_log_expression,GFI1,168.13875990801296,1.1978319915733668e-26,200
full_discovery,single_sample_rank,GFI1,168.13875990801296,1.1978319915733668e-26,200
full_discovery,single_sample_rank,FECH,142.83722277831032,7.352452676472752e-24,200
full_discovery,fixed_log_expression,FECH,142.83722277831032,7.352452676472752e-24,200
full_discovery,target_cohort_adaptive_zscore,FECH,142.83722277831032,7.352452676472752e-24,200
full_discovery,target_cohort_adaptive_zscore,GNLY,130.25280490366248,2.202847425445034e-22,200
full_discovery,single_sample_rank,GNLY,130.25280490366248,2.202847425445034e-22,200
full_discovery,fixed_log_expression,GNLY,130.25280490366248,2.202847425445034e-22,200
full_discovery,fixed_log_expression,SLC19A3,128.68541306916242,3.399839240645221e-22,200
full_discovery,target_cohort_adaptive_zscore,SLC19A3,128.68541306916242,3.399839240645221e-22,200
full_discovery,single_sample_rank,SLC19A3,128.68541306916242,3.399839240645221e-22,200
full_discovery,target_cohort_adaptive_zscore,EPM2AIP1,127.39225089952136,4.872449395067535e-22,200
full_discovery,single_sample_rank,EPM2AIP1,127.39225089952136,4.872449395067535e-22,200
full_discovery,fixed_log_expression,EPM2AIP1,127.39225089952136,4.872449395067535e-22,200
full_discovery,fixed_log_expression,HUNK,125.46651614379381,8.352709317190484e-22,200
full_discovery,single_sample_rank,HUNK,125.46651614379381,8.352709317190484e-22,200
full_discovery,target_cohort_adaptive_zscore,HUNK,125.46651614379381,8.352709317190484e-22,200
full_discovery,target_cohort_adaptive_zscore,RNF43,124.37244889310251,1.1364144225500421e-21,200
full_discovery,single_sample_rank,RNF43,124.37244889310251,1.1364144225500421e-21,200
full_discovery,fixed_log_expression,RNF43,124.37244889310251,1.1364144225500421e-21,200
full_discovery,single_sample_rank,TNNC2,122.90972976276588,1.7184066657404536e-21,200
full_discovery,fixed_log_expression,TNNC2,122.90972976276588,1.7184066657404536e-21,200
full_discovery,target_cohort_adaptive_zscore,TNNC2,122.90972976276588,1.7184066657404536e-21,200
full_discovery,fixed_log_expression,HPSE,121.93607984217918,2.265670373511537e-21,200
full_discovery,single_sample_rank,HPSE,121.93607984217918,2.265670373511537e-21,200
full_discovery,target_cohort_adaptive_zscore,HPSE,121.93607984217918,2.265670373511537e-21,200
full_discovery,target_cohort_adaptive_zscore,APOL3,119.85044131182194,4.109938437464432e-21,200
full_discovery,single_sample_rank,APOL3,119.85044131182194,4.109938437464432e-21,200
full_discovery,fixed_log_expression,APOL3,119.85044131182194,4.109938437464432e-21,200
full_discovery,fixed_log_expression,TFAP2A,118.54515996176788,5.9801229751888934e-21,200
full_discovery,single_sample_rank,TFAP2A,118.54515996176788,5.9801229751888934e-21,200
full_discovery,target_cohort_adaptive_zscore,TFAP2A,118.54515996176788,5.9801229751888934e-21,200
full_discovery,target_cohort_adaptive_zscore,SGK2,117.8032564707083,7.406879066439054e-21,200
full_discovery,single_sample_rank,SGK2,117.8032564707083,7.406879066439054e-21,200
full_discovery,fixed_log_expression,SGK2,117.8032564707083,7.406879066439054e-21,200
full_discovery,fixed_log_expression,SEMA5A,116.3303818982955,1.1346798559506254e-20,200
full_discovery,single_sample_rank,SEMA5A,116.3303818982955,1.1346798559506254e-20,200
full_discovery,target_cohort_adaptive_zscore,SEMA5A,116.3303818982955,1.1346798559506254e-20,200
full_discovery,single_sample_rank,ASCL2,115.69093340877582,1.3665018708387626e-20,200
full_discovery,target_cohort_adaptive_zscore,ASCL2,115.69093340877582,1.3665018708387626e-20,200
full_discovery,fixed_log_expression,ASCL2,115.69093340877582,1.3665018708387626e-20,200
full_discovery,fixed_log_expression,KLRD1,115.41622862446873,1.4803130617574506e-20,200
full_discovery,single_sample_rank,KLRD1,115.41622862446873,1.4803130617574506e-20,200
full_discovery,target_cohort_adaptive_zscore,KLRD1,115.41622862446873,1.4803130617574506e-20,200
full_discovery,target_cohort_adaptive_zscore,IHH,111.81065197244841,4.262833875050624e-20,200
full_discovery,fixed_log_expression,IHH,111.81065197244841,4.262833875050624e-20,200
full_discovery,single_sample_rank,IHH,111.81065197244841,4.262833875050624e-20,200
full_discovery,single_sample_rank,POU5F1B,111.35753956106471,4.8737885986244323e-20,200
full_discovery,fixed_log_expression,POU5F1B,111.35753956106471,4.8737885986244323e-20,200
full_discovery,target_cohort_adaptive_zscore,POU5F1B,111.35753956106471,4.8737885986244323e-20,200
full_discovery,single_sample_rank,RNLS,110.76769355463335,5.804140663199396e-20,200
full_discovery,target_cohort_adaptive_zscore,RNLS,110.76769355463335,5.804140663199396e-20,200
full_discovery,fixed_log_expression,RNLS,110.76769355463335,5.804140663199396e-20,200
full_discovery,single_sample_rank,CXCL14,109.9434239490793,7.413922149808315e-20,200
full_discovery,target_cohort_adaptive_zscore,CXCL14,109.9434239490793,7.413922149808315e-20,200
full_discovery,fixed_log_expression,CXCL14,109.9434239490793,7.413922149808315e-20,200
full_discovery,fixed_log_expression,POFUT1,109.63599024037116,8.124277827532368e-20,200
full_discovery,target_cohort_adaptive_zscore,POFUT1,109.63599024037116,8.124277827532368e-20,200
full_discovery,single_sample_rank,POFUT1,109.63599024037116,8.124277827532368e-20,200
full_discovery,fixed_log_expression,ZMYND8,109.13651454967084,9.428508651762219e-20,200
full_discovery,single_sample_rank,ZMYND8,109.13651454967084,9.428508651762219e-20,200
full_discovery,target_cohort_adaptive_zscore,ZMYND8,109.13651454967084,9.428508651762219e-20,200
full_discovery,target_cohort_adaptive_zscore,RAB32,103.1129039226464,5.808822617270797e-19,200
full_discovery,fixed_log_expression,RAB32,103.1129039226464,5.808822617270797e-19,200
full_discovery,single_sample_rank,RAB32,103.1129039226464,5.808822617270797e-19,200
full_discovery,target_cohort_adaptive_zscore,ATP9A,99.80831273736487,1.6041540113789064e-18,200
full_discovery,fixed_log_expression,ATP9A,99.80831273736487,1.6041540113789064e-18,200
full_discovery,single_sample_rank,ATP9A,99.80831273736487,1.6041540113789064e-18,200
full_discovery,single_sample_rank,KIR2DL4,98.86246800494301,2.150707299623244e-18,200
full_discovery,fixed_log_expression,KIR2DL4,98.86246800494301,2.150707299623244e-18,200
full_discovery,target_cohort_adaptive_zscore,KIR2DL4,98.86246800494301,2.150707299623244e-18,200
full_discovery,target_cohort_adaptive_zscore,TYMS,98.26990802879442,2.5858319124524243e-18,200
full_discovery,fixed_log_expression,TYMS,98.26990802879442,2.5858319124524243e-18,200
full_discovery,single_sample_rank,TYMS,98.26990802879442,2.5858319124524243e-18,200
full_discovery,target_cohort_adaptive_zscore,TRIB2,98.19650299784581,2.645611473910219e-18,200
full_discovery,single_sample_rank,TRIB2,98.19650299784581,2.645611473910219e-18,200
full_discovery,fixed_log_expression,TRIB2,98.19650299784581,2.645611473910219e-18,200
full_discovery,target_cohort_adaptive_zscore,TIMM22,98.12825354004082,2.702447854082747e-18,200
full_discovery,single_sample_rank,TIMM22,98.12825354004082,2.702447854082747e-18,200
full_discovery,fixed_log_expression,TIMM22,98.12825354004082,2.702447854082747e-18,200
full_discovery,single_sample_rank,GZMH,97.99884469864463,2.813635117851511e-18,200
full_discovery,target_cohort_adaptive_zscore,GZMH,97.99884469864463,2.813635117851511e-18,200
full_discovery,fixed_log_expression,GZMH,97.99884469864463,2.813635117851511e-18,200
full_discovery,single_sample_rank,CYP2B6,97.4659657402684,3.322522718584852e-18,200
full_discovery,fixed_log_expression,CYP2B6,97.4659657402684,3.322522718584852e-18,200
full_discovery,target_cohort_adaptive_zscore,CYP2B6,97.4659657402684,3.322522718584852e-18,200
full_discovery,fixed_log_expression,TCF7,97.07743549147924,3.751523120439482e-18,200
full_discovery,single_sample_rank,TCF7,97.07743549147924,3.751523120439482e-18,200
full_discovery,target_cohort_adaptive_zscore,TCF7,97.07743549147924,3.751523120439482e-18,200
full_discovery,fixed_log_expression,HOXC6,95.63010630840118,5.907421321809775e-18,200
full_discovery,target_cohort_adaptive_zscore,HOXC6,95.63010630840118,5.907421321809775e-18,200
full_discovery,single_sample_rank,HOXC6,95.63010630840118,5.907421321809775e-18,200
full_discovery,target_cohort_adaptive_zscore,RAB27B,94.93249888920646,7.359625043860858e-18,200
full_discovery,fixed_log_expression,RAB27B,94.93249888920646,7.359625043860858e-18,200
full_discovery,single_sample_rank,RAB27B,94.93249888920646,7.359625043860858e-18,200
full_discovery,single_sample_rank,MBP,93.72659157503129,1.0777207265797434e-17,200
full_discovery,target_cohort_adaptive_zscore,MBP,93.72659157503129,1.0777207265797434e-17,200
full_discovery,fixed_log_expression,MBP,93.72659157503129,1.0777207265797434e-17,200
full_discovery,fixed_log_expression,DDX27,93.66621876167409,1.0985524705905879e-17,200
full_discovery,single_sample_rank,DDX27,93.66621876167409,1.0985524705905879e-17,200
full_discovery,target_cohort_adaptive_zscore,DDX27,93.66621876167409,1.0985524705905879e-17,200
full_discovery,target_cohort_adaptive_zscore,NKG7,93.27125856659417,1.2452756073249718e-17,200
full_discovery,single_sample_rank,NKG7,93.27125856659417,1.2452756073249718e-17,200
full_discovery,fixed_log_expression,NKG7,93.27125856659417,1.2452756073249718e-17,200
full_discovery,single_sample_rank,CELP,92.57453190190944,1.554257144292594e-17,200
full_discovery,fixed_log_expression,CELP,92.57453190190944,1.554257144292594e-17,200
full_discovery,target_cohort_adaptive_zscore,CELP,92.57453190190944,1.554257144292594e-17,200
full_discovery,single_sample_rank,MCUB,91.55344594771586,2.1532311113539443e-17,200
full_discovery,fixed_log_expression,MCUB,91.55344594771586,2.1532311113539443e-17,200
full_discovery,target_cohort_adaptive_zscore,MCUB,91.55344594771586,2.1532311113539443e-17,200
full_discovery,fixed_log_expression,FASLG,91.32219496016802,2.3186487697498296e-17,200
full_discovery,single_sample_rank,FASLG,91.32219496016802,2.3186487697498296e-17,200
full_discovery,target_cohort_adaptive_zscore,FASLG,91.32219496016802,2.3186487697498296e-17,200
full_discovery,single_sample_rank,KHDRBS3,90.76688950722254,2.770440411634574e-17,200
full_discovery,fixed_log_expression,KHDRBS3,90.76688950722254,2.770440411634574e-17,200
full_discovery,target_cohort_adaptive_zscore,KHDRBS3,90.76688950722254,2.770440411634574e-17,200
full_discovery,single_sample_rank,LMO4,89.98077502636585,3.5669880136724015e-17,200
full_discovery,target_cohort_adaptive_zscore,LMO4,89.98077502636585,3.5669880136724015e-17,200
full_discovery,fixed_log_expression,LMO4,89.98077502636585,3.5669880136724015e-17,200
full_discovery,single_sample_rank,GRM8,89.73980601871456,3.854926033073839e-17,200
full_discovery,target_cohort_adaptive_zscore,GRM8,89.73980601871456,3.854926033073839e-17,200
full_discovery,fixed_log_expression,GRM8,89.73980601871456,3.854926033073839e-17,200
full_discovery,fixed_log_expression,VAV3,89.60103064704735,4.0313236853377216e-17,200
full_discovery,single_sample_rank,VAV3,89.60103064704735,4.0313236853377216e-17,200
full_discovery,target_cohort_adaptive_zscore,VAV3,89.60103064704735,4.0313236853377216e-17,200
full_discovery,fixed_log_expression,PTPRO,89.18532015065307,4.6102392919366827e-17,200
full_discovery,single_sample_rank,PTPRO,89.18532015065307,4.6102392919366827e-17,200
full_discovery,target_cohort_adaptive_zscore,PTPRO,89.18532015065307,4.6102392919366827e-17,200
full_discovery,single_sample_rank,ETV5,89.13349115623127,4.688091866124814e-17,200
full_discovery,fixed_log_expression,ETV5,89.13349115623127,4.688091866124814e-17,200
full_discovery,target_cohort_adaptive_zscore,ETV5,89.13349115623127,4.688091866124814e-17,200
full_discovery,single_sample_rank,MSH4,88.36277188558736,6.016294549064683e-17,200
full_discovery,fixed_log_expression,MSH4,88.36277188558736,6.016294549064683e-17,200
full_discovery,target_cohort_adaptive_zscore,MSH4,88.36277188558736,6.016294549064683e-17,200
full_discovery,fixed_log_expression,IFNG,86.76304348235453,1.012293836276076e-16,200
full_discovery,target_cohort_adaptive_zscore,IFNG,86.76304348235453,1.012293836276076e-16,200
full_discovery,single_sample_rank,IFNG,86.76304348235453,1.012293836276076e-16,200
full_discovery,fixed_log_expression,UBE2L6,86.70120275225945,1.0329343665316003e-16,200
full_discovery,target_cohort_adaptive_zscore,UBE2L6,86.70120275225945,1.0329343665316003e-16,200
full_discovery,single_sample_rank,UBE2L6,86.70120275225945,1.0329343665316003e-16,200
full_discovery,target_cohort_adaptive_zscore,KRT23,86.13711900364127,1.242049991285182e-16,200
full_discovery,fixed_log_expression,KRT23,86.13711900364127,1.242049991285182e-16,200
full_discovery,single_sample_rank,KRT23,86.13711900364127,1.242049991285182e-16,200
full_discovery,single_sample_rank,RASGRP1,85.99303563900936,1.3020297854176651e-16,200
full_discovery,fixed_log_expression,RASGRP1,85.99303563900936,1.3020297854176651e-16,200
full_discovery,target_cohort_adaptive_zscore,RASGRP1,85.99303563900936,1.3020297854176651e-16,200
full_discovery,target_cohort_adaptive_zscore,ARHGAP10,85.25507612436384,1.6585163211387078e-16,200
full_discovery,single_sample_rank,ARHGAP10,85.25507612436384,1.6585163211387078e-16,200
full_discovery,fixed_log_expression,ARHGAP10,85.25507612436384,1.6585163211387078e-16,200
full_discovery,fixed_log_expression,NKX3-1,85.04923623443378,1.7745724535934274e-16,200
full_discovery,single_sample_rank,NKX3-1,85.04923623443378,1.7745724535934274e-16,200
full_discovery,target_cohort_adaptive_zscore,NKX3-1,85.04923623443378,1.7745724535934274e-16,200
full_discovery,single_sample_rank,TBX21,84.80743976347912,1.921461238877399e-16,200
full_discovery,fixed_log_expression,TBX21,84.80743976347912,1.921461238877399e-16,200
full_discovery,target_cohort_adaptive_zscore,TBX21,84.80743976347912,1.921461238877399e-16,200
full_discovery,single_sample_rank,FABP1,83.27422629809477,3.187595654783803e-16,200
full_discovery,fixed_log_expression,FABP1,83.27422629809477,3.187595654783803e-16,200
full_discovery,target_cohort_adaptive_zscore,FABP1,83.27422629809477,3.187595654783803e-16,200
full_discovery,fixed_log_expression,DUSP4,83.1238789868028,3.3504069110137445e-16,200
full_discovery,target_cohort_adaptive_zscore,DUSP4,83.1238789868028,3.3504069110137445e-16,200
full_discovery,single_sample_rank,DUSP4,83.1238789868028,3.3504069110137445e-16,200
full_discovery,single_sample_rank,CRTAM,83.04458319955927,3.4396439452159444e-16,200
full_discovery,target_cohort_adaptive_zscore,CRTAM,83.04458319955927,3.4396439452159444e-16,200
full_discovery,fixed_log_expression,CRTAM,83.04458319955927,3.4396439452159444e-16,200
full_discovery,target_cohort_adaptive_zscore,ZC4H2,82.67892642163328,3.8833454246839144e-16,200
full_discovery,fixed_log_expression,ZC4H2,82.67892642163328,3.8833454246839144e-16,200
full_discovery,single_sample_rank,ZC4H2,82.67892642163328,3.8833454246839144e-16,200
full_discovery,fixed_log_expression,CCL5,82.55491776883731,4.0466432531176524e-16,200
full_discovery,target_cohort_adaptive_zscore,CCL5,82.55491776883731,4.0466432531176524e-16,200
full_discovery,single_sample_rank,CCL5,82.55491776883731,4.0466432531176524e-16,200
full_discovery,fixed_log_expression,CTSW,81.93557920205272,4.972566359162269e-16,200
full_discovery,target_cohort_adaptive_zscore,CTSW,81.93557920205272,4.972566359162269e-16,200
full_discovery,single_sample_rank,CTSW,81.93557920205272,4.972566359162269e-16,200
full_discovery,target_cohort_adaptive_zscore,ZNF232,81.60930243528023,5.54394620048974e-16,200
full_discovery,single_sample_rank,ZNF232,81.60930243528023,5.54394620048974e-16,200
full_discovery,fixed_log_expression,ZNF232,81.60930243528023,5.54394620048974e-16,200
full_discovery,fixed_log_expression,GZMA,81.11091857893614,6.547923911634723e-16,200
full_discovery,target_cohort_adaptive_zscore,GZMA,81.11091857893614,6.547923911634723e-16,200
full_discovery,single_sample_rank,GZMA,81.11091857893614,6.547923911634723e-16,200
full_discovery,fixed_log_expression,APOBEC3G,80.9901845583994,6.817703137599833e-16,200
full_discovery,target_cohort_adaptive_zscore,APOBEC3G,80.9901845583994,6.817703137599833e-16,200
full_discovery,single_sample_rank,APOBEC3G,80.9901845583994,6.817703137599833e-16,200
full_discovery,fixed_log_expression,PLAGL2,80.80991704433063,7.241620843913351e-16,200
full_discovery,target_cohort_adaptive_zscore,PLAGL2,80.80991704433063,7.241620843913351e-16,200
full_discovery,single_sample_rank,PLAGL2,80.80991704433063,7.241620843913351e-16,200
full_discovery,single_sample_rank,ZCCHC2,80.49611802527896,8.044295245898571e-16,200
full_discovery,target_cohort_adaptive_zscore,ZCCHC2,80.49611802527896,8.044295245898571e-16,200
full_discovery,fixed_log_expression,ZCCHC2,80.49611802527896,8.044295245898571e-16,200
full_discovery,target_cohort_adaptive_zscore,NFATC1,80.40447403203643,8.295304019299962e-16,200
full_discovery,fixed_log_expression,NFATC1,80.40447403203643,8.295304019299962e-16,200
full_discovery,single_sample_rank,NFATC1,80.40447403203643,8.295304019299962e-16,200
full_discovery,single_sample_rank,DPEP1,79.9657871012099,9.611323785535384e-16,200
full_discovery,fixed_log_expression,DPEP1,79.9657871012099,9.611323785535384e-16,200
full_discovery,target_cohort_adaptive_zscore,DPEP1,79.9657871012099,9.611323785535384e-16,200
full_discovery,fixed_log_expression,LRRC36,79.912101840701,9.786281702844666e-16,200
full_discovery,single_sample_rank,LRRC36,79.912101840701,9.786281702844666e-16,200
full_discovery,target_cohort_adaptive_zscore,LRRC36,79.912101840701,9.786281702844666e-16,200
full_discovery,target_cohort_adaptive_zscore,LAG3,79.85023999240293,9.99189194683965e-16,200
full_discovery,fixed_log_expression,LAG3,79.85023999240293,9.99189194683965e-16,200
full_discovery,single_sample_rank,LAG3,79.85023999240293,9.99189194683965e-16,200
full_discovery,fixed_log_expression,CCL4,79.813278362281,1.0116824191696072e-15,200
full_discovery,single_sample_rank,CCL4,79.813278362281,1.0116824191696072e-15,200
full_discovery,target_cohort_adaptive_zscore,CCL4,79.813278362281,1.0116824191696072e-15,200
full_discovery,target_cohort_adaptive_zscore,CAB39L,79.77387581439186,1.0251750118922508e-15,200
full_discovery,fixed_log_expression,CAB39L,79.77387581439186,1.0251750118922508e-15,200
full_discovery,single_sample_rank,CAB39L,79.77387581439186,1.0251750118922508e-15,200
full_discovery,single_sample_rank,USP18,77.6246557208865,2.119070173047666e-15,200
full_discovery,target_cohort_adaptive_zscore,USP18,77.6246557208865,2.119070173047666e-15,200
full_discovery,fixed_log_expression,USP18,77.6246557208865,2.119070173047666e-15,200
full_discovery,fixed_log_expression,GSPT2,77.55873278564275,2.1670304411201824e-15,200
full_discovery,target_cohort_adaptive_zscore,GSPT2,77.55873278564275,2.1670304411201824e-15,200
full_discovery,single_sample_rank,GSPT2,77.55873278564275,2.1670304411201824e-15,200
full_discovery,single_sample_rank,GAD1,77.25760771322595,2.400483673488881e-15,200
full_discovery,target_cohort_adaptive_zscore,GAD1,77.25760771322595,2.400483673488881e-15,200
full_discovery,fixed_log_expression,GAD1,77.25760771322595,2.400483673488881e-15,200
full_discovery,single_sample_rank,TNNT1,76.92981774853415,2.683701576833727e-15,200
full_discovery,target_cohort_adaptive_zscore,TNNT1,76.92981774853415,2.683701576833727e-15,200
full_discovery,fixed_log_expression,TNNT1,76.92981774853415,2.683701576833727e-15,200
full_discovery,target_cohort_adaptive_zscore,MOCS3,76.7401544471478,2.862803830279897e-15,200
full_discovery,single_sample_rank,MOCS3,76.7401544471478,2.862803830279897e-15,200
full_discovery,fixed_log_expression,MOCS3,76.7401544471478,2.862803830279897e-15,200
full_discovery,fixed_log_expression,SECTM1,76.68777777559984,2.914365014151533e-15,200
full_discovery,single_sample_rank,SECTM1,76.68777777559984,2.914365014151533e-15,200
full_discovery,target_cohort_adaptive_zscore,SECTM1,76.68777777559984,2.914365014151533e-15,200
full_discovery,single_sample_rank,LAP3,76.15851138674142,3.491261281403432e-15,200
full_discovery,target_cohort_adaptive_zscore,LAP3,76.15851138674142,3.491261281403432e-15,200
full_discovery,fixed_log_expression,LAP3,76.15851138674142,3.491261281403432e-15,200
full_discovery,target_cohort_adaptive_zscore,RPS6KA6,75.31857777030135,4.654153660539883e-15,200
full_discovery,single_sample_rank,RPS6KA6,75.31857777030135,4.654153660539883e-15,200
full_discovery,fixed_log_expression,RPS6KA6,75.31857777030135,4.654153660539883e-15,200
full_discovery,fixed_log_expression,MAPRE3,75.31318910373905,4.662762153513694e-15,200
full_discovery,single_sample_rank,MAPRE3,75.31318910373905,4.662762153513694e-15,200
full_discovery,target_cohort_adaptive_zscore,MAPRE3,75.31318910373905,4.662762153513694e-15,200
full_discovery,target_cohort_adaptive_zscore,KDSR,75.21680097912403,4.819497867713238e-15,200
full_discovery,fixed_log_expression,KDSR,75.21680097912403,4.819497867713238e-15,200
full_discovery,single_sample_rank,KDSR,75.21680097912403,4.819497867713238e-15,200
full_discovery,target_cohort_adaptive_zscore,GNG4,75.03771023501942,5.125031605278406e-15,200
full_discovery,single_sample_rank,GNG4,75.03771023501942,5.125031605278406e-15,200
full_discovery,fixed_log_expression,GNG4,75.03771023501942,5.125031605278406e-15,200
full_discovery,target_cohort_adaptive_zscore,IRF1,74.72808290873498,5.700317026516331e-15,200
full_discovery,fixed_log_expression,IRF1,74.72808290873498,5.700317026516331e-15,200
full_discovery,single_sample_rank,IRF1,74.72808290873498,5.700317026516331e-15,200
full_discovery,single_sample_rank,LRRC2,74.58724685692508,5.983229154792428e-15,200
full_discovery,fixed_log_expression,LRRC2,74.58724685692508,5.983229154792428e-15,200
full_discovery,target_cohort_adaptive_zscore,LRRC2,74.58724685692508,5.983229154792428e-15,200
full_discovery,fixed_log_expression,FARP1,74.57641477047382,6.005569108715518e-15,200
full_discovery,target_cohort_adaptive_zscore,FARP1,74.57641477047382,6.005569108715518e-15,200
full_discovery,single_sample_rank,FARP1,74.57641477047382,6.005569108715518e-15,200
full_discovery,fixed_log_expression,CIITA,74.50593135434944,6.153011518044588e-15,200
full_discovery,single_sample_rank,CIITA,74.50593135434944,6.153011518044588e-15,200
full_discovery,target_cohort_adaptive_zscore,CIITA,74.50593135434944,6.153011518044588e-15,200
full_discovery,fixed_log_expression,NOX1,74.48491648316983,6.1976776850139366e-15,200
full_discovery,target_cohort_adaptive_zscore,NOX1,74.48491648316983,6.1976776850139366e-15,200
full_discovery,single_sample_rank,NOX1,74.48491648316983,6.1976776850139366e-15,200
full_discovery,fixed_log_expression,SLC2A5,74.04053114541239,7.223105207193071e-15,200
full_discovery,target_cohort_adaptive_zscore,SLC2A5,74.04053114541239,7.223105207193071e-15,200
full_discovery,single_sample_rank,SLC2A5,74.04053114541239,7.223105207193071e-15,200
full_discovery,target_cohort_adaptive_zscore,ULBP2,73.57698310625408,8.47671261299764e-15,200
full_discovery,fixed_log_expression,ULBP2,73.57698310625408,8.47671261299764e-15,200
full_discovery,single_sample_rank,ULBP2,73.57698310625408,8.47671261299764e-15,200
full_discovery,single_sample_rank,MAPK12,73.56039862116374,8.525439659634483e-15,200
full_discovery,fixed_log_expression,MAPK12,73.56039862116374,8.525439659634483e-15,200
full_discovery,target_cohort_adaptive_zscore,MAPK12,73.56039862116374,8.525439659634483e-15,200
full_discovery,target_cohort_adaptive_zscore,BTN3A1,73.35824429000573,9.142710963105755e-15,200
full_discovery,fixed_log_expression,BTN3A1,73.35824429000573,9.142710963105755e-15,200
full_discovery,single_sample_rank,BTN3A1,73.35824429000573,9.142710963105755e-15,200
full_discovery,single_sample_rank,NUBPL,72.50280474979643,1.2298308365733014e-14,200
full_discovery,fixed_log_expression,NUBPL,72.50280474979643,1.2298308365733014e-14,200
full_discovery,target_cohort_adaptive_zscore,NUBPL,72.50280474979643,1.2298308365733014e-14,200
full_discovery,target_cohort_adaptive_zscore,PRF1,72.27313597195011,1.3319943524478984e-14,200
full_discovery,single_sample_rank,PRF1,72.27313597195011,1.3319943524478984e-14,200
full_discovery,fixed_log_expression,PRF1,72.27313597195011,1.3319943524478984e-14,200
full_discovery,single_sample_rank,B3GNT4,72.23048422989005,1.351893530387385e-14,200
full_discovery,fixed_log_expression,B3GNT4,72.23048422989005,1.351893530387385e-14,200
full_discovery,target_cohort_adaptive_zscore,B3GNT4,72.23048422989005,1.351893530387385e-14,200
full_discovery,fixed_log_expression,HOXC4,72.16539541077474,1.3828428457952718e-14,200
full_discovery,single_sample_rank,HOXC4,72.16539541077474,1.3828428457952718e-14,200
full_discovery,target_cohort_adaptive_zscore,HOXC4,72.16539541077474,1.3828428457952718e-14,200
full_discovery,single_sample_rank,ENGASE,71.91151068208701,1.510583066136168e-14,200
full_discovery,fixed_log_expression,ENGASE,71.91151068208701,1.510583066136168e-14,200
full_discovery,target_cohort_adaptive_zscore,ENGASE,71.91151068208701,1.510583066136168e-14,200
full_discovery,fixed_log_expression,ICAM1,71.88601071649936,1.524056540070075e-14,200
full_discovery,target_cohort_adaptive_zscore,ICAM1,71.88601071649936,1.524056540070075e-14,200
full_discovery,single_sample_rank,ICAM1,71.88601071649936,1.524056540070075e-14,200
full_discovery,single_sample_rank,CD244,71.05116913792877,2.039409048178395e-14,200
full_discovery,target_cohort_adaptive_zscore,CD244,71.05116913792877,2.039409048178395e-14,200
full_discovery,fixed_log_expression,CD244,71.05116913792877,2.039409048178395e-14,200
full_discovery,target_cohort_adaptive_zscore,PTPRD,70.50312368845188,2.4706484733988424e-14,200
full_discovery,fixed_log_expression,PTPRD,70.50312368845188,2.4706484733988424e-14,200
full_discovery,single_sample_rank,PTPRD,70.50312368845188,2.4706484733988424e-14,200
full_discovery,single_sample_rank,IL18BP,70.35194915569969,2.6051165752173646e-14,200
full_discovery,target_cohort_adaptive_zscore,IL18BP,70.35194915569969,2.6051165752173646e-14,200
full_discovery,fixed_log_expression,IL18BP,70.35194915569969,2.6051165752173646e-14,200
full_discovery,single_sample_rank,NR1I2,69.91498584664245,3.036993970844859e-14,200
full_discovery,target_cohort_adaptive_zscore,NR1I2,69.91498584664245,3.036993970844859e-14,200
full_discovery,fixed_log_expression,NR1I2,69.91498584664245,3.036993970844859e-14,200
full_discovery,single_sample_rank,PPP4R1,69.8837041495344,3.0705633040425404e-14,200
full_discovery,target_cohort_adaptive_zscore,PPP4R1,69.8837041495344,3.0705633040425404e-14,200
full_discovery,fixed_log_expression,PPP4R1,69.8837041495344,3.0705633040425404e-14,200
full_discovery,fixed_log_expression,ADGRG6,69.87445512248652,3.080560533427725e-14,200
full_discovery,single_sample_rank,ADGRG6,69.87445512248652,3.080560533427725e-14,200
full_discovery,target_cohort_adaptive_zscore,ADGRG6,69.87445512248652,3.080560533427725e-14,200
full_discovery,target_cohort_adaptive_zscore,OXCT1,69.83472527538017,3.123880760724122e-14,200
full_discovery,fixed_log_expression,OXCT1,69.83472527538017,3.123880760724122e-14,200
full_discovery,single_sample_rank,OXCT1,69.83472527538017,3.123880760724122e-14,200
full_discovery,target_cohort_adaptive_zscore,CD8A,69.7963940569177,3.1662608925663243e-14,200
full_discovery,fixed_log_expression,CD8A,69.7963940569177,3.1662608925663243e-14,200
full_discovery,single_sample_rank,CD8A,69.7963940569177,3.1662608925663243e-14,200
full_discovery,target_cohort_adaptive_zscore,ADGRG1,69.01949735858676,4.1627659021080244e-14,200
full_discovery,single_sample_rank,ADGRG1,69.01949735858676,4.1627659021080244e-14,200
full_discovery,fixed_log_expression,ADGRG1,69.01949735858676,4.1627659021080244e-14,200
full_discovery,single_sample_rank,GBP2,68.96756995162059,4.239747683409471e-14,200
full_discovery,fixed_log_expression,GBP2,68.96756995162059,4.239747683409471e-14,200
full_discovery,target_cohort_adaptive_zscore,GBP2,68.96756995162059,4.239747683409471e-14,200
full_discovery,fixed_log_expression,SEMG1,68.51141797060059,4.9811362086517486e-14,200
full_discovery,single_sample_rank,SEMG1,68.51141797060059,4.9811362086517486e-14,200
full_discovery,target_cohort_adaptive_zscore,SEMG1,68.51141797060059,4.9811362086517486e-14,200
full_discovery,target_cohort_adaptive_zscore,FOXD1,68.02146713243809,5.924706530518701e-14,200
full_discovery,fixed_log_expression,FOXD1,68.02146713243809,5.924706530518701e-14,200
full_discovery,single_sample_rank,FOXD1,68.02146713243809,5.924706530518701e-14,200
full_discovery,target_cohort_adaptive_zscore,ARNTL2,68.00738163968322,5.954362274802185e-14,200
full_discovery,single_sample_rank,ARNTL2,68.00738163968322,5.954362274802185e-14,200
full_discovery,fixed_log_expression,ARNTL2,68.00738163968322,5.954362274802185e-14,200
full_discovery,target_cohort_adaptive_zscore,CDHR1,67.57853024634426,6.933030351406122e-14,200
full_discovery,single_sample_rank,CDHR1,67.57853024634426,6.933030351406122e-14,200
full_discovery,fixed_log_expression,CDHR1,67.57853024634426,6.933030351406122e-14,200
full_discovery,target_cohort_adaptive_zscore,TSPAN6,67.56609849394042,6.963712720776675e-14,200
full_discovery,single_sample_rank,TSPAN6,67.56609849394042,6.963712720776675e-14,200
full_discovery,fixed_log_expression,TSPAN6,67.56609849394042,6.963712720776675e-14,200
full_discovery,target_cohort_adaptive_zscore,A1CF,67.4572682918915,7.238255593038432e-14,200
full_discovery,fixed_log_expression,A1CF,67.4572682918915,7.238255593038432e-14,200
full_discovery,single_sample_rank,A1CF,67.4572682918915,7.238255593038432e-14,200
full_discovery,single_sample_rank,GPR143,67.30305478269005,7.64617768158518e-14,200
full_discovery,fixed_log_expression,GPR143,67.30305478269005,7.64617768158518e-14,200
full_discovery,target_cohort_adaptive_zscore,GPR143,67.30305478269005,7.64617768158518e-14,200
full_discovery,fixed_log_expression,RNF19B,66.1147037629879,1.1681511419065287e-13,200
full_discovery,single_sample_rank,RNF19B,66.1147037629879,1.1681511419065287e-13,200
full_discovery,target_cohort_adaptive_zscore,RNF19B,66.1147037629879,1.1681511419065287e-13,200
full_discovery,fixed_log_expression,ABAT,65.63425561688325,1.3874017630782053e-13,200
full_discovery,target_cohort_adaptive_zscore,ABAT,65.63425561688325,1.3874017630782053e-13,200
full_discovery,single_sample_rank,ABAT,65.63425561688325,1.3874017630782053e-13,200
full_discovery,single_sample_rank,TPGS2,65.5616414451406,1.423991479975389e-13,200
full_discovery,target_cohort_adaptive_zscore,TPGS2,65.5616414451406,1.423991479975389e-13,200
full_discovery,fixed_log_expression,TPGS2,65.5616414451406,1.423991479975389e-13,200
full_discovery,target_cohort_adaptive_zscore,PLCB4,65.38820902531195,1.5153895939409405e-13,200
full_discovery,single_sample_rank,PLCB4,65.38820902531195,1.5153895939409405e-13,200
full_discovery,fixed_log_expression,PLCB4,65.38820902531195,1.5153895939409405e-13,200
full_discovery,target_cohort_adaptive_zscore,ID1,65.34453668932531,1.5393271990234714e-13,200
full_discovery,fixed_log_expression,ID1,65.34453668932531,1.5393271990234714e-13,200
full_discovery,single_sample_rank,ID1,65.34453668932531,1.5393271990234714e-13,200
full_discovery,target_cohort_adaptive_zscore,PPP1R14D,65.21384774545122,1.6132737851160062e-13,200
full_discovery,fixed_log_expression,PPP1R14D,65.21384774545122,1.6132737851160062e-13,200
full_discovery,single_sample_rank,PPP1R14D,65.21384774545122,1.6132737851160062e-13,200
full_discovery,fixed_log_expression,PLCL2,65.05344451635497,1.7089737448822068e-13,200
full_discovery,single_sample_rank,PLCL2,65.05344451635497,1.7089737448822068e-13,200
full_discovery,target_cohort_adaptive_zscore,PLCL2,65.05344451635497,1.7089737448822068e-13,200
full_discovery,single_sample_rank,SP140,64.91755825422328,1.794535908709656e-13,200
full_discovery,target_cohort_adaptive_zscore,SP140,64.91755825422328,1.794535908709656e-13,200
full_discovery,fixed_log_expression,SP140,64.91755825422328,1.794535908709656e-13,200
full_discovery,target_cohort_adaptive_zscore,APOL2,64.826732982154,1.85413276260066e-13,200
full_discovery,single_sample_rank,APOL2,64.826732982154,1.85413276260066e-13,200
full_discovery,fixed_log_expression,APOL2,64.826732982154,1.85413276260066e-13,200
full_discovery,fixed_log_expression,TFCP2L1,64.79072476666782,1.8783118182623221e-13,200
full_discovery,target_cohort_adaptive_zscore,TFCP2L1,64.79072476666782,1.8783118182623221e-13,200
full_discovery,single_sample_rank,TFCP2L1,64.79072476666782,1.8783118182623221e-13,200
full_discovery,target_cohort_adaptive_zscore,AMACR,64.78786367685315,1.880246648826137e-13,200
full_discovery,fixed_log_expression,AMACR,64.78786367685315,1.880246648826137e-13,200
full_discovery,single_sample_rank,AMACR,64.78786367685315,1.880246648826137e-13,200
full_discovery,target_cohort_adaptive_zscore,VIL1,64.7444677313581,1.9098422518638418e-13,200
full_discovery,single_sample_rank,VIL1,64.7444677313581,1.9098422518638418e-13,200
full_discovery,fixed_log_expression,VIL1,64.7444677313581,1.9098422518638418e-13,200
full_discovery,fixed_log_expression,CEL,64.57938159217859,2.0268084451441678e-13,200
full_discovery,target_cohort_adaptive_zscore,CEL,64.57938159217859,2.0268084451441678e-13,200
full_discovery,single_sample_rank,CEL,64.57938159217859,2.0268084451441678e-13,200
full_discovery,fixed_log_expression,SLC7A6,64.23074979787769,2.2982421428260404e-13,200
full_discovery,target_cohort_adaptive_zscore,SLC7A6,64.23074979787769,2.2982421428260404e-13,200
full_discovery,single_sample_rank,SLC7A6,64.23074979787769,2.2982421428260404e-13,200
full_discovery,target_cohort_adaptive_zscore,EPB41L1,64.22658175004865,2.3017009259166974e-13,200
full_discovery,single_sample_rank,EPB41L1,64.22658175004865,2.3017009259166974e-13,200
full_discovery,fixed_log_expression,EPB41L1,64.22658175004865,2.3017009259166974e-13,200
full_discovery,fixed_log_expression,GBP1,63.786292507870385,2.6984360355377905e-13,200
full_discovery,target_cohort_adaptive_zscore,GBP1,63.786292507870385,2.6984360355377905e-13,200
full_discovery,single_sample_rank,GBP1,63.786292507870385,2.6984360355377905e-13,200
full_discovery,single_sample_rank,LFNG,63.00312982932858,3.5835600722440853e-13,200
full_discovery,target_cohort_adaptive_zscore,LFNG,63.00312982932858,3.5835600722440853e-13,200
full_discovery,fixed_log_expression,LFNG,63.00312982932858,3.5835600722440853e-13,200
full_discovery,target_cohort_adaptive_zscore,GTF2IRD1,62.89678688147426,3.724597166939095e-13,200
full_discovery,fixed_log_expression,GTF2IRD1,62.89678688147426,3.724597166939095e-13,200
full_discovery,single_sample_rank,GTF2IRD1,62.89678688147426,3.724597166939095e-13,200
full_discovery,target_cohort_adaptive_zscore,TPO,62.75079207974674,3.927432587527911e-13,200
full_discovery,single_sample_rank,TPO,62.75079207974674,3.927432587527911e-13,200
full_discovery,fixed_log_expression,TPO,62.75079207974674,3.927432587527911e-13,200
full_discovery,target_cohort_adaptive_zscore,RNF125,62.69750552167597,4.004222737195879e-13,200
full_discovery,fixed_log_expression,RNF125,62.69750552167597,4.004222737195879e-13,200
full_discovery,single_sample_rank,RNF125,62.69750552167597,4.004222737195879e-13,200
full_discovery,target_cohort_adaptive_zscore,ENO2,62.0867989110632,5.000926513430988e-13,200
full_discovery,fixed_log_expression,ENO2,62.0867989110632,5.000926513430988e-13,200
full_discovery,single_sample_rank,ENO2,62.0867989110632,5.000926513430988e-13,200
full_discovery,single_sample_rank,JAK2,62.06799568606966,5.0353203165146e-13,200
full_discovery,target_cohort_adaptive_zscore,JAK2,62.06799568606966,5.0353203165146e-13,200
full_discovery,fixed_log_expression,JAK2,62.06799568606966,5.0353203165146e-13,200
full_discovery,single_sample_rank,PODXL,61.714846126433784,5.727722338984138e-13,200
full_discovery,target_cohort_adaptive_zscore,PODXL,61.714846126433784,5.727722338984138e-13,200
full_discovery,fixed_log_expression,PODXL,61.714846126433784,5.727722338984138e-13,200
full_discovery,single_sample_rank,GM2A,61.63715580809278,5.892564174831195e-13,200
full_discovery,target_cohort_adaptive_zscore,GM2A,61.63715580809278,5.892564174831195e-13,200
full_discovery,fixed_log_expression,GM2A,61.63715580809278,5.892564174831195e-13,200
full_discovery,single_sample_rank,STAT2,61.52262462184313,6.144383904784389e-13,200
full_discovery,fixed_log_expression,STAT2,61.52262462184313,6.144383904784389e-13,200
full_discovery,target_cohort_adaptive_zscore,STAT2,61.52262462184313,6.144383904784389e-13,200
full_discovery,single_sample_rank,NXPH4,61.488377696605646,6.221779966022716e-13,200
full_discovery,target_cohort_adaptive_zscore,NXPH4,61.488377696605646,6.221779966022716e-13,200
full_discovery,fixed_log_expression,NXPH4,61.488377696605646,6.221779966022716e-13,200
full_discovery,fixed_log_expression,CCDC170,61.48316161748416,6.233654374409329e-13,200
full_discovery,target_cohort_adaptive_zscore,CCDC170,61.48316161748416,6.233654374409329e-13,200
full_discovery,single_sample_rank,CCDC170,61.48316161748416,6.233654374409329e-13,200
full_discovery,fixed_log_expression,IDO1,61.45656469264818,6.294560280475726e-13,200
full_discovery,single_sample_rank,IDO1,61.45656469264818,6.294560280475726e-13,200
full_discovery,target_cohort_adaptive_zscore,IDO1,61.45656469264818,6.294560280475726e-13,200
full_discovery,fixed_log_expression,OSR2,60.95211522794499,7.571063468357432e-13,200
full_discovery,single_sample_rank,OSR2,60.95211522794499,7.571063468357432e-13,200
full_discovery,target_cohort_adaptive_zscore,OSR2,60.95211522794499,7.571063468357432e-13,200
full_discovery,single_sample_rank,PSME1,60.56445217645565,8.728014734087149e-13,200
full_discovery,fixed_log_expression,PSME1,60.56445217645565,8.728014734087149e-13,200
full_discovery,target_cohort_adaptive_zscore,PSME1,60.56445217645565,8.728014734087149e-13,200
full_discovery,target_cohort_adaptive_zscore,MMP24,60.365001893275156,9.391498749053759e-13,200
full_discovery,single_sample_rank,MMP24,60.365001893275156,9.391498749053759e-13,200
full_discovery,fixed_log_expression,MMP24,60.365001893275156,9.391498749053759e-13,200
full_discovery,target_cohort_adaptive_zscore,DHRS12,60.315983575778674,9.56224282703419e-13,200
full_discovery,fixed_log_expression,DHRS12,60.315983575778674,9.56224282703419e-13,200
full_discovery,single_sample_rank,DHRS12,60.315983575778674,9.56224282703419e-13,200
full_discovery,fixed_log_expression,XPNPEP1,60.20341381770103,9.966357361976175e-13,200
full_discovery,single_sample_rank,XPNPEP1,60.20341381770103,9.966357361976175e-13,200
full_discovery,target_cohort_adaptive_zscore,XPNPEP1,60.20341381770103,9.966357361976175e-13,200
full_discovery,fixed_log_expression,CD7,60.04526235385519,1.0563523312410391e-12,200
full_discovery,target_cohort_adaptive_zscore,CD7,60.04526235385519,1.0563523312410391e-12,200
full_discovery,single_sample_rank,CD7,60.04526235385519,1.0563523312410391e-12,200
full_discovery,single_sample_rank,RHOF,60.0289765047756,1.062704072870237e-12,200
full_discovery,fixed_log_expression,RHOF,60.0289765047756,1.062704072870237e-12,200
full_discovery,target_cohort_adaptive_zscore,RHOF,60.0289765047756,1.062704072870237e-12,200
full_discovery,single_sample_rank,CLEC5A,59.989596492779256,1.0782232928229154e-12,200
full_discovery,fixed_log_expression,CLEC5A,59.989596492779256,1.0782232928229154e-12,200
full_discovery,target_cohort_adaptive_zscore,CLEC5A,59.989596492779256,1.0782232928229154e-12,200
full_discovery,single_sample_rank,ADNP2,59.87841126586381,1.1232910531998643e-12,200
full_discovery,fixed_log_expression,ADNP2,59.87841126586381,1.1232910531998643e-12,200
full_discovery,target_cohort_adaptive_zscore,ADNP2,59.87841126586381,1.1232910531998643e-12,200
full_discovery,target_cohort_adaptive_zscore,UQCC1,59.793197916952245,1.159119701754872e-12,200
full_discovery,single_sample_rank,UQCC1,59.793197916952245,1.159119701754872e-12,200
full_discovery,fixed_log_expression,UQCC1,59.793197916952245,1.159119701754872e-12,200
full_discovery,target_cohort_adaptive_zscore,ACE2,59.57545659984981,1.2560219635335968e-12,200
full_discovery,fixed_log_expression,ACE2,59.57545659984981,1.2560219635335968e-12,200
full_discovery,single_sample_rank,ACE2,59.57545659984981,1.2560219635335968e-12,200
full_discovery,fixed_log_expression,HLA-F-AS1,59.20898418730085,1.4380274494922594e-12,200
full_discovery,target_cohort_adaptive_zscore,HLA-F-AS1,59.20898418730085,1.4380274494922594e-12,200
full_discovery,single_sample_rank,HLA-F-AS1,59.20898418730085,1.4380274494922594e-12,200
full_discovery,fixed_log_expression,TXNL4A,58.58951880835503,1.8086203834513526e-12,200
full_discovery,single_sample_rank,TXNL4A,58.58951880835503,1.8086203834513526e-12,200
full_discovery,target_cohort_adaptive_zscore,TXNL4A,58.58951880835503,1.8086203834513526e-12,200
full_discovery,fixed_log_expression,TYMP,58.57422705014605,1.8189024487933277e-12,200
full_discovery,target_cohort_adaptive_zscore,TYMP,58.57422705014605,1.8189024487933277e-12,200
full_discovery,single_sample_rank,TYMP,58.57422705014605,1.8189024487933277e-12,200
full_discovery,target_cohort_adaptive_zscore,CRIP1,58.233036430590474,2.0643782520663694e-12,200
full_discovery,single_sample_rank,CRIP1,58.233036430590474,2.0643782520663694e-12,200
full_discovery,fixed_log_expression,CRIP1,58.233036430590474,2.0643782520663694e-12,200
full_discovery,target_cohort_adaptive_zscore,PPP1R3D,58.20538919579107,2.0856834914827616e-12,200
full_discovery,fixed_log_expression,PPP1R3D,58.20538919579107,2.0856834914827616e-12,200
full_discovery,single_sample_rank,PPP1R3D,58.20538919579107,2.0856834914827616e-12,200
full_discovery,single_sample_rank,SRPX2,57.930225317177765,2.310263799846326e-12,200
full_discovery,target_cohort_adaptive_zscore,SRPX2,57.930225317177765,2.310263799846326e-12,200
full_discovery,fixed_log_expression,SRPX2,57.930225317177765,2.310263799846326e-12,200
full_discovery,fixed_log_expression,CXCL9,57.89207832800042,2.3432761056010547e-12,200
full_discovery,target_cohort_adaptive_zscore,CXCL9,57.89207832800042,2.3432761056010547e-12,200
full_discovery,single_sample_rank,CXCL9,57.89207832800042,2.3432761056010547e-12,200
full_discovery,target_cohort_adaptive_zscore,RPARP-AS1,57.69836000679533,2.518445911099674e-12,200
full_discovery,fixed_log_expression,RPARP-AS1,57.69836000679533,2.518445911099674e-12,200
full_discovery,single_sample_rank,RPARP-AS1,57.69836000679533,2.518445911099674e-12,200
full_discovery,target_cohort_adaptive_zscore,ARID3A,57.58533083730412,2.6267237528981154e-12,200
full_discovery,fixed_log_expression,ARID3A,57.58533083730412,2.6267237528981154e-12,200
full_discovery,single_sample_rank,ARID3A,57.58533083730412,2.6267237528981154e-12,200
full_discovery,fixed_log_expression,ROBO3,57.56651378790006,2.6452025290805796e-12,200
full_discovery,single_sample_rank,ROBO3,57.56651378790006,2.6452025290805796e-12,200
full_discovery,target_cohort_adaptive_zscore,ROBO3,57.56651378790006,2.6452025290805796e-12,200
full_discovery,target_cohort_adaptive_zscore,FUT8,57.5265534822568,2.684882539402089e-12,200
full_discovery,single_sample_rank,FUT8,57.5265534822568,2.684882539402089e-12,200
full_discovery,fixed_log_expression,FUT8,57.5265534822568,2.684882539402089e-12,200
full_discovery,fixed_log_expression,DDAH2,57.52642388387381,2.6850122050703285e-12,200
full_discovery,target_cohort_adaptive_zscore,DDAH2,57.52642388387381,2.6850122050703285e-12,200
full_discovery,single_sample_rank,DDAH2,57.52642388387381,2.6850122050703285e-12,200
full_discovery,fixed_log_expression,KCNK1,57.213577447084084,3.0172752778406444e-12,200
full_discovery,single_sample_rank,KCNK1,57.213577447084084,3.0172752778406444e-12,200
full_discovery,target_cohort_adaptive_zscore,KCNK1,57.213577447084084,3.0172752778406444e-12,200
full_discovery,fixed_log_expression,IL2RB,56.89609465768753,3.3971473943601045e-12,200
full_discovery,single_sample_rank,IL2RB,56.89609465768753,3.3971473943601045e-12,200
full_discovery,target_cohort_adaptive_zscore,IL2RB,56.89609465768753,3.3971473943601045e-12,200
full_discovery,single_sample_rank,CADPS,56.74859788632353,3.5897777686410664e-12,200
full_discovery,target_cohort_adaptive_zscore,CADPS,56.74859788632353,3.5897777686410664e-12,200
full_discovery,fixed_log_expression,CADPS,56.74859788632353,3.5897777686410664e-12,200
full_discovery,single_sample_rank,FMO1,56.678710036466796,3.684879593771729e-12,200
full_discovery,target_cohort_adaptive_zscore,FMO1,56.678710036466796,3.684879593771729e-12,200
full_discovery,fixed_log_expression,FMO1,56.678710036466796,3.684879593771729e-12,200
full_discovery,single_sample_rank,STAT1,56.634248052680924,3.746707202264031e-12,200
full_discovery,target_cohort_adaptive_zscore,STAT1,56.634248052680924,3.746707202264031e-12,200
full_discovery,fixed_log_expression,STAT1,56.634248052680924,3.746707202264031e-12,200
full_discovery,target_cohort_adaptive_zscore,CXCL13,56.29519198303647,4.254114764751509e-12,200
full_discovery,single_sample_rank,CXCL13,56.29519198303647,4.254114764751509e-12,200
full_discovery,fixed_log_expression,CXCL13,56.29519198303647,4.254114764751509e-12,200
full_discovery,single_sample_rank,MAP3K6,56.24962298190306,4.327426205095232e-12,200
full_discovery,target_cohort_adaptive_zscore,MAP3K6,56.24962298190306,4.327426205095232e-12,200
full_discovery,fixed_log_expression,MAP3K6,56.24962298190306,4.327426205095232e-12,200
full_discovery,single_sample_rank,PRSS23,56.176154978219124,4.448327461842204e-12,200
full_discovery,target_cohort_adaptive_zscore,PRSS23,56.176154978219124,4.448327461842204e-12,200
full_discovery,fixed_log_expression,PRSS23,56.176154978219124,4.448327461842204e-12,200
full_discovery,single_sample_rank,COL9A1,56.13476997714789,4.517933172867946e-12,200
full_discovery,target_cohort_adaptive_zscore,COL9A1,56.13476997714789,4.517933172867946e-12,200
full_discovery,fixed_log_expression,COL9A1,56.13476997714789,4.517933172867946e-12,200
full_discovery,fixed_log_expression,CXCL10,55.9941966909401,4.762712951123197e-12,200
full_discovery,single_sample_rank,CXCL10,55.9941966909401,4.762712951123197e-12,200
full_discovery,target_cohort_adaptive_zscore,CXCL10,55.9941966909401,4.762712951123197e-12,200
full_discovery,target_cohort_adaptive_zscore,CD55,55.89112718702915,4.9506901695492625e-12,200
full_discovery,single_sample_rank,CD55,55.89112718702915,4.9506901695492625e-12,200
full_discovery,fixed_log_expression,CD55,55.89112718702915,4.9506901695492625e-12,200
full_discovery,single_sample_rank,CEBPA,55.82434814591718,5.076477438714163e-12,200
full_discovery,target_cohort_adaptive_zscore,CEBPA,55.82434814591718,5.076477438714163e-12,200
full_discovery,fixed_log_expression,CEBPA,55.82434814591718,5.076477438714163e-12,200
full_discovery,fixed_log_expression,PXMP4,55.59826001480297,5.526897375773553e-12,200
full_discovery,single_sample_rank,PXMP4,55.59826001480297,5.526897375773553e-12,200
full_discovery,target_cohort_adaptive_zscore,PXMP4,55.59826001480297,5.526897375773553e-12,200
full_discovery,target_cohort_adaptive_zscore,WRAP53,55.356530057934194,6.053416269623918e-12,200
full_discovery,fixed_log_expression,WRAP53,55.356530057934194,6.053416269623918e-12,200
full_discovery,single_sample_rank,WRAP53,55.356530057934194,6.053416269623918e-12,200
full_discovery,single_sample_rank,BLVRA,55.32355621291605,6.129075159035113e-12,200
full_discovery,fixed_log_expression,BLVRA,55.32355621291605,6.129075159035113e-12,200
full_discovery,target_cohort_adaptive_zscore,BLVRA,55.32355621291605,6.129075159035113e-12,200
full_discovery,target_cohort_adaptive_zscore,GMEB1,55.2562289995712,6.2865474985253824e-12,200
full_discovery,single_sample_rank,GMEB1,55.2562289995712,6.2865474985253824e-12,200
full_discovery,fixed_log_expression,GMEB1,55.2562289995712,6.2865474985253824e-12,200
full_discovery,target_cohort_adaptive_zscore,ACOT8,55.2508028300125,6.299415967476486e-12,200
full_discovery,single_sample_rank,ACOT8,55.2508028300125,6.299415967476486e-12,200
full_discovery,fixed_log_expression,ACOT8,55.2508028300125,6.299415967476486e-12,200
full_discovery,single_sample_rank,LZTS3,55.05385364561847,6.7850129001024065e-12,200
full_discovery,target_cohort_adaptive_zscore,LZTS3,55.05385364561847,6.7850129001024065e-12,200
full_discovery,fixed_log_expression,LZTS3,55.05385364561847,6.7850129001024065e-12,200
full_discovery,target_cohort_adaptive_zscore,MTERF1,54.91042854178593,7.1623654550592245e-12,200
full_discovery,fixed_log_expression,MTERF1,54.91042854178593,7.1623654550592245e-12,200
full_discovery,single_sample_rank,MTERF1,54.91042854178593,7.1623654550592245e-12,200
full_discovery,single_sample_rank,KLF7,54.86497220368737,7.286345962308138e-12,200
full_discovery,target_cohort_adaptive_zscore,KLF7,54.86497220368737,7.286345962308138e-12,200
full_discovery,fixed_log_expression,KLF7,54.86497220368737,7.286345962308138e-12,200
full_discovery,fixed_log_expression,CREB3L1,54.80230625826179,7.460839103334232e-12,200
full_discovery,target_cohort_adaptive_zscore,CREB3L1,54.80230625826179,7.460839103334232e-12,200
full_discovery,single_sample_rank,CREB3L1,54.80230625826179,7.460839103334232e-12,200
full_discovery,target_cohort_adaptive_zscore,DPYD,54.67275909281472,7.835108507979399e-12,200
full_discovery,single_sample_rank,DPYD,54.67275909281472,7.835108507979399e-12,200
full_discovery,fixed_log_expression,DPYD,54.67275909281472,7.835108507979399e-12,200
full_discovery,single_sample_rank,HMGCS2,54.66162344985091,7.868154909993817e-12,200
full_discovery,fixed_log_expression,HMGCS2,54.66162344985091,7.868154909993817e-12,200
full_discovery,target_cohort_adaptive_zscore,HMGCS2,54.66162344985091,7.868154909993817e-12,200
full_discovery,fixed_log_expression,LAPTM4B,54.6551537472262,7.887419381075198e-12,200
full_discovery,target_cohort_adaptive_zscore,LAPTM4B,54.6551537472262,7.887419381075198e-12,200
full_discovery,single_sample_rank,LAPTM4B,54.6551537472262,7.887419381075198e-12,200
full_discovery,fixed_log_expression,ITGAE,54.60393509301016,8.041627006403489e-12,200
full_discovery,target_cohort_adaptive_zscore,ITGAE,54.60393509301016,8.041627006403489e-12,200
full_discovery,single_sample_rank,ITGAE,54.60393509301016,8.041627006403489e-12,200
full_discovery,target_cohort_adaptive_zscore,BAG3,54.567125068718006,8.154337178888448e-12,200
full_discovery,fixed_log_expression,BAG3,54.567125068718006,8.154337178888448e-12,200
full_discovery,single_sample_rank,BAG3,54.567125068718006,8.154337178888448e-12,200
full_discovery,single_sample_rank,APOBEC3F,54.53736303221471,8.246636247541596e-12,200
full_discovery,target_cohort_adaptive_zscore,APOBEC3F,54.53736303221471,8.246636247541596e-12,200
full_discovery,fixed_log_expression,APOBEC3F,54.53736303221471,8.246636247541596e-12,200
full_discovery,single_sample_rank,PLLP,54.36831575547665,8.791344953018591e-12,200
full_discovery,fixed_log_expression,PLLP,54.36831575547665,8.791344953018591e-12,200
full_discovery,target_cohort_adaptive_zscore,PLLP,54.36831575547665,8.791344953018591e-12,200
full_discovery,target_cohort_adaptive_zscore,RNF113A,54.19959497627053,9.371382197900592e-12,200
full_discovery,fixed_log_expression,RNF113A,54.19959497627053,9.371382197900592e-12,200
full_discovery,single_sample_rank,RNF113A,54.19959497627053,9.371382197900592e-12,200
full_discovery,target_cohort_adaptive_zscore,SLC5A6,54.116140206617196,9.672473879154849e-12,200
full_discovery,single_sample_rank,SLC5A6,54.116140206617196,9.672473879154849e-12,200
full_discovery,fixed_log_expression,SLC5A6,54.116140206617196,9.672473879154849e-12,200
full_discovery,single_sample_rank,FGFR4,54.10247079668078,9.722717126878036e-12,200
full_discovery,target_cohort_adaptive_zscore,FGFR4,54.10247079668078,9.722717126878036e-12,200
full_discovery,fixed_log_expression,FGFR4,54.10247079668078,9.722717126878036e-12,200
full_discovery,target_cohort_adaptive_zscore,ABCB1,53.986119039014476,1.0161229527687376e-11,200
full_discovery,single_sample_rank,ABCB1,53.986119039014476,1.0161229527687376e-11,200
full_discovery,fixed_log_expression,ABCB1,53.986119039014476,1.0161229527687376e-11,200
full_discovery,single_sample_rank,CLEC2B,53.90165910339136,1.0492054865601996e-11,200
full_discovery,target_cohort_adaptive_zscore,CLEC2B,53.90165910339136,1.0492054865601996e-11,200
full_discovery,fixed_log_expression,CLEC2B,53.90165910339136,1.0492054865601996e-11,200
full_discovery,fixed_log_expression,GLYR1,53.84651454173776,1.0713922371462075e-11,200
full_discovery,target_cohort_adaptive_zscore,GLYR1,53.84651454173776,1.0713922371462075e-11,200
full_discovery,single_sample_rank,GLYR1,53.84651454173776,1.0713922371462075e-11,200
full_discovery,fixed_log_expression,AGR2,53.74723631412789,1.1125412482510858e-11,200
full_discovery,single_sample_rank,AGR2,53.74723631412789,1.1125412482510858e-11,200
full_discovery,target_cohort_adaptive_zscore,AGR2,53.74723631412789,1.1125412482510858e-11,200
