representation,model,auroc_formal,auroc_fixed_panel,balanced_accuracy_formal,balanced_accuracy_fixed_panel,brier_skill_formal,brier_skill_fixed_panel,ici_formal,ici_fixed_panel
fixed_log_expression,elastic_net,0.9665286167221151,0.9647068274003259,0.629987659399424,0.6932671903260139,-2.437567606423684,-1.835366311193956,0.5409182848693109,0.4558503538675674
fixed_log_expression,svm_rbf,0.9297399302623761,0.7937904115148697,0.7715006828396922,0.5,-0.12220496645730736,-0.4897143926938595,0.27998256273194555,0.3137168286457693
fixed_log_expression,xgboost,0.8148087980131324,0.8015481529993913,0.7267432752146374,0.6242824427034954,0.17301290543082307,0.17029856263156506,0.16551957160149192,0.1703470463843042
single_sample_rank,elastic_net,0.9810660357873979,0.9670296035234116,0.8922989248453644,0.8382527731985936,0.5469528958411466,0.6399003028055068,0.0960046505281,0.0681062712545891
single_sample_rank,svm_rbf,0.5087301587301587,0.9611532902941571,0.5,0.5,-0.1025308294044844,-1.2694533279585911,0.1466110810468106,0.4594792383715262
single_sample_rank,xgboost,0.9504743192823689,0.9385278163528937,0.8807013291146418,0.883765911590989,0.3743604370551085,0.4168094084102848,0.15679517943869486,0.13538921708583002
target_cohort_adaptive_zscore,elastic_net,0.9688174398700713,0.9681219150646395,0.9242326752195174,0.9024637600101997,0.5740110592255535,0.6399699269594473,0.08629875596710183,0.07433753463336543
target_cohort_adaptive_zscore,svm_rbf,0.9698863829668782,0.9598460534993043,0.8587659975043875,0.8891332996209156,0.6386095873547035,0.59858831089634,0.08697547215615006,0.07592755312928139
target_cohort_adaptive_zscore,xgboost,0.9654243202617817,0.9651092285767208,0.90684850495222,0.8629551068986053,0.5885322984231957,0.5813899446505145,0.08941462425693548,0.09397109777486995
