design,training,cohort,representation,model,setting,threshold,auroc,auprc,brier,brier_skill,balanced_accuracy,sensitivity,specificity,f1,calibration_intercept,calibration_slope,ici,ece_10bin,feature_panel,threshold_source
discovery_nested_oof,TCGA_COAD,TCGA_COAD,fixed_log_expression,elastic_net,outer-fold-specific,0.6053650975227356,0.993847506042628,0.983598789374406,0.032643708456755044,0.8163746568901497,0.9702263238848605,0.972972972972973,0.967479674796748,0.935064935064935,-1.919986911429841,0.9635937484257168,0.05077700564593528,0.05294732120601111,outer_fold_nested_fixed_200,nested_outer_oof
TCGA_to_GEO,TCGA_COAD,GSE13294,fixed_log_expression,elastic_net,"C=2.0,l1=0.8",0.6053650975227356,0.955044955044955,0.973251090130901,0.061208195984363556,0.7551570248877232,0.928987678987679,0.9358974358974359,0.922077922077922,0.9299363057324841,-0.5984844264966849,0.5634151443423259,0.0467750919418454,0.0671059899122244,full_discovery_fixed_200,nested_outer_oof
TCGA_to_GEO,TCGA_COAD,GSE13067,fixed_log_expression,elastic_net,"C=2.0,l1=0.8",0.6053650975227356,0.9985569985569986,0.9924242424242424,0.22281435132026672,-0.7606513532897266,0.8412698412698413,1.0,0.6825396825396826,0.5238095238095238,-8.519945284166003,1.7137210695213874,0.3157643677950509,0.33783730111915516,full_discovery_fixed_200,nested_outer_oof
TCGA_to_GEO,TCGA_COAD,GSE18088,fixed_log_expression,elastic_net,"C=2.0,l1=0.8",0.6053650975227356,0.9504643962848297,0.9669762641898862,0.605538010597229,-1.633059244222316,0.5,1.0,0.0,0.5277777777777778,-8.799309588098723,1.4195354027252833,0.605195936804777,0.6212449208745416,full_discovery_fixed_200,nested_outer_oof
TCGA_to_GEO,TCGA_COAD,GSE26682,fixed_log_expression,elastic_net,"C=2.0,l1=0.8",0.6053650975227356,0.953781512605042,0.8972422736924168,0.852678656578064,-6.471487257382671,0.5,1.0,0.0,0.23225806451612904,-10.326579482242334,0.9334306617516184,0.8469807268363632,0.8604804281770748,full_discovery_fixed_200,nested_outer_oof
TCGA_to_GEO,TCGA_COAD,GSE39084,fixed_log_expression,elastic_net,"C=2.0,l1=0.8",0.6053650975227356,0.9656862745098039,0.9140869192726777,0.37569642066955566,-1.0667907259627887,0.696078431372549,1.0,0.39215686274509803,0.5079365079365079,-5.337532423696845,1.1214864836466363,0.46453564595980035,0.48547317510220545,full_discovery_fixed_200,nested_outer_oof
discovery_nested_oof,TCGA_COAD,TCGA_COAD,fixed_log_expression,svm_rbf,outer-fold-specific,0.464920554483512,0.991869918699187,0.979461645183942,0.0289459592019188,0.8371750042695845,0.9607778510217535,0.9459459459459459,0.975609756097561,0.9333333333333333,-0.029809866597417894,1.449241043256644,0.018977539266626688,0.045902939615919514,outer_fold_nested_fixed_200,nested_outer_oof
TCGA_to_GEO,TCGA_COAD,GSE13294,fixed_log_expression,svm_rbf,"C=1.0,gamma=0.01",0.464920554483512,0.9254079254079254,0.9335616643949068,0.2501904742060671,-0.0008035535798804894,0.5,1.0,0.0,0.6695278969957081,0.012882454629708006,-0.0003684487939952509,0.3048472963248769,0.36442663179207274,full_discovery_fixed_200,nested_outer_oof
TCGA_to_GEO,TCGA_COAD,GSE13067,fixed_log_expression,svm_rbf,"C=1.0,gamma=0.01",0.464920554483512,0.9422799422799423,0.7132522706052118,0.24210032433000456,-0.9130467186596032,0.5,1.0,0.0,0.25882352941176473,-1.7415425942461142,0.07972241837691309,0.36139989766834435,0.3599214399699624,full_discovery_fixed_200,nested_outer_oof
TCGA_to_GEO,TCGA_COAD,GSE18088,fixed_log_expression,svm_rbf,"C=1.0,gamma=0.01",0.464920554483512,0.8978328173374612,0.8498186344650798,0.2468974260632869,-0.07358338980150592,0.5,1.0,0.0,0.5277777777777778,-0.5807187257109644,0.026540472986561266,0.31011405220279903,0.38442152237256133,full_discovery_fixed_200,nested_outer_oof
TCGA_to_GEO,TCGA_COAD,GSE26682,fixed_log_expression,svm_rbf,"C=1.0,gamma=0.01",0.464920554483512,0.5,0.13138686131386862,0.24170881926864532,-1.1179424971303473,0.5,1.0,0.0,0.23225806451612904,-1.8846278111195678,0.0861308646656893,0.3571896768954646,0.3571896768954645,full_discovery_fixed_200,nested_outer_oof
TCGA_to_GEO,TCGA_COAD,GSE39084,fixed_log_expression,svm_rbf,"C=1.0,gamma=0.01",0.464920554483512,0.7034313725490196,0.4062849661507915,0.2441630154393263,-0.3431958042979606,0.5,1.0,0.0,0.3855421686746988,-1.1568124816194167,0.05286840019887632,0.23503322013736147,0.26844692865118347,full_discovery_fixed_200,nested_outer_oof
discovery_nested_oof,TCGA_COAD,TCGA_COAD,fixed_log_expression,xgboost,outer-fold-specific,0.4726989269256592,0.990331795209844,0.9734255642220369,0.03599761525170517,0.7975084705683032,0.9431992968578335,0.918918918918919,0.967479674796748,0.9066666666666666,-0.19432995734631664,1.910225410406091,0.0468361933182734,0.06427079392597079,outer_fold_nested_fixed_200,nested_outer_oof
TCGA_to_GEO,TCGA_COAD,GSE13294,fixed_log_expression,xgboost,"depth=2,lr=0.02,trees=600",0.4726989269256592,0.9104229104229105,0.9179156890201012,0.18728645145893097,0.250823010938925,0.7178654678654679,0.44871794871794873,0.987012987012987,0.6140350877192983,2.28222452594732,2.5336422157778435,0.19498745961634706,0.21245842806754572,full_discovery_fixed_200,nested_outer_oof
TCGA_to_GEO,TCGA_COAD,GSE13067,fixed_log_expression,xgboost,"depth=2,lr=0.02,trees=600",0.4726989269256592,0.8917748917748918,0.7656961602083554,0.09821401536464691,0.22392503876362702,0.7193362193362193,0.45454545454545453,0.9841269841269841,0.5882352941176471,0.9634799333566442,3.3880730466761944,0.1559653576130893,0.17654913341676867,full_discovery_fixed_200,nested_outer_oof
TCGA_to_GEO,TCGA_COAD,GSE18088,fixed_log_expression,xgboost,"depth=2,lr=0.02,trees=600",0.4726989269256592,0.9226006191950464,0.915529314936637,0.16284342110157013,0.29190840576732124,0.6842105263157895,0.3684210526315789,1.0,0.5384615384615384,2.22885096170996,4.936639363889907,0.21383547752612325,0.25305730722985176,full_discovery_fixed_200,nested_outer_oof
TCGA_to_GEO,TCGA_COAD,GSE26682,fixed_log_expression,xgboost,"depth=2,lr=0.02,trees=600",0.4726989269256592,0.5788982259570494,0.22145093468622878,0.11609843373298645,-0.017297620324193685,0.5,0.0,1.0,0.0,2.960778957402794,3.3354405917876564,0.19257387029970904,0.09465941329942132,full_discovery_fixed_200,nested_outer_oof
TCGA_to_GEO,TCGA_COAD,GSE39084,fixed_log_expression,xgboost,"depth=2,lr=0.02,trees=600",0.4726989269256592,0.7040441176470588,0.5035648326433683,0.16321200132369995,0.10213397801214574,0.5,0.0,1.0,0.0,2.7506052379759636,3.1189264382528794,0.0943730668662524,0.16282015460640636,full_discovery_fixed_200,nested_outer_oof
discovery_nested_oof,TCGA_COAD,TCGA_COAD,target_cohort_adaptive_zscore,elastic_net,outer-fold-specific,0.6053668856620789,0.993847506042628,0.983598789374406,0.032643740264369156,0.816374477967952,0.9702263238848605,0.972972972972973,0.967479674796748,0.935064935064935,-1.919990892180512,0.9635943197800794,0.05077711723284639,0.05294742999103619,outer_fold_nested_fixed_200,nested_outer_oof
TCGA_to_GEO,TCGA_COAD,GSE13294,target_cohort_adaptive_zscore,elastic_net,"C=2.0,l1=0.8",0.6053668856620789,0.956876456876457,0.9722139265697537,0.10513540357351303,0.5794408806437479,0.8397435897435898,0.6794871794871795,1.0,0.8091603053435115,2.1662034596401396,0.8077571127318346,0.12825003842386867,0.141847151319962,full_discovery_fixed_200,nested_outer_oof
TCGA_to_GEO,TCGA_COAD,GSE13067,target_cohort_adaptive_zscore,elastic_net,"C=2.0,l1=0.8",0.6053668856620789,0.9971139971139971,0.986013986013986,0.031319182366132736,0.7525197075945991,0.9466089466089466,0.9090909090909091,0.9841269841269841,0.9090909090909091,-2.3027684919610443,1.2626291778811825,0.0690376258478451,0.07139511870824404,full_discovery_fixed_200,nested_outer_oof
TCGA_to_GEO,TCGA_COAD,GSE18088,target_cohort_adaptive_zscore,elastic_net,"C=2.0,l1=0.8",0.6053668856620789,0.9473684210526315,0.9638291071809075,0.03821902349591255,0.8338123266253585,0.9210526315789473,0.8421052631578947,1.0,0.9142857142857143,0.6201401615571159,0.7377285295065552,0.030406917214241123,0.04421650333865984,full_discovery_fixed_200,nested_outer_oof
TCGA_to_GEO,TCGA_COAD,GSE26682,target_cohort_adaptive_zscore,elastic_net,"C=2.0,l1=0.8",0.6053668856620789,0.964985994397759,0.9129212204007287,0.07212089002132416,0.36804996040605364,0.9066293183940243,0.8888888888888888,0.9243697478991597,0.7441860465116279,-2.2795276757145144,0.7985218546032163,0.09079166534533133,0.10342554950468025,full_discovery_fixed_200,nested_outer_oof
TCGA_to_GEO,TCGA_COAD,GSE39084,target_cohort_adaptive_zscore,elastic_net,"C=2.0,l1=0.8",0.6053668856620789,0.9742647058823529,0.9357275947736474,0.06070888042449951,0.6660267595274776,0.8982843137254901,0.875,0.9215686274509803,0.8235294117647058,-0.9615962765891437,0.9183207433755874,0.05320142633554088,0.051964916094247984,full_discovery_fixed_200,nested_outer_oof
discovery_nested_oof,TCGA_COAD,TCGA_COAD,target_cohort_adaptive_zscore,svm_rbf,outer-fold-specific,0.4649205559289358,0.991869918699187,0.979461645183942,0.028945880219111632,0.8371754485587217,0.9607778510217535,0.9459459459459459,0.975609756097561,0.9333333333333333,-0.029778004276769365,1.4492447599076037,0.018977520699740815,0.045902825127982064,outer_fold_nested_fixed_200,nested_outer_oof
TCGA_to_GEO,TCGA_COAD,GSE13294,target_cohort_adaptive_zscore,svm_rbf,"C=1.0,gamma=0.01",0.4649205559289358,0.9212454212454212,0.9405766695696066,0.17906311798153404,0.28371771403490587,0.7628205128205128,0.5256410256410257,1.0,0.6890756302521008,2.460459239193148,1.0765319525736063,0.20269812992287328,0.21563900758056342,full_discovery_fixed_200,nested_outer_oof
TCGA_to_GEO,TCGA_COAD,GSE13067,target_cohort_adaptive_zscore,svm_rbf,"C=1.0,gamma=0.01",0.4649205559289358,0.9855699855699855,0.8953791158336613,0.03478097262887434,0.7251650705400925,0.9386724386724387,0.9090909090909091,0.9682539682539683,0.8695652173913043,-0.6895262598185101,1.9363528893250899,0.04705816982606891,0.06508622760509487,full_discovery_fixed_200,nested_outer_oof
TCGA_to_GEO,TCGA_COAD,GSE18088,target_cohort_adaptive_zscore,svm_rbf,"C=1.0,gamma=0.01",0.4649205559289358,0.9953560371517027,0.9922173855691858,0.04390270106383014,0.809098007293655,0.9210526315789473,0.8421052631578947,1.0,0.9142857142857143,2.7123701917192347,2.252172540436725,0.05404974233404636,0.07366894637377149,full_discovery_fixed_200,nested_outer_oof
TCGA_to_GEO,TCGA_COAD,GSE26682,target_cohort_adaptive_zscore,svm_rbf,"C=1.0,gamma=0.01",0.4649205559289358,0.9509803921568627,0.8540191989239416,0.05218133917957956,0.5427677147238428,0.9150326797385621,0.8888888888888888,0.9411764705882353,0.7804878048780488,-0.9975240000841318,1.0219349625881584,0.051497372416664,0.06461501151253016,full_discovery_fixed_200,nested_outer_oof
TCGA_to_GEO,TCGA_COAD,GSE39084,target_cohort_adaptive_zscore,svm_rbf,"C=1.0,gamma=0.01",0.4649205559289358,0.946078431372549,0.8904113926532404,0.0668590939902895,0.6321930478892039,0.9080882352941176,0.875,0.9411764705882353,0.8484848484848485,-0.10353463545101832,1.0543973538743951,0.02433435114675439,0.050285885321371404,full_discovery_fixed_200,nested_outer_oof
discovery_nested_oof,TCGA_COAD,TCGA_COAD,target_cohort_adaptive_zscore,xgboost,outer-fold-specific,0.4726989269256592,0.990331795209844,0.9734255642220369,0.03599761525170517,0.7975084705683032,0.9431992968578335,0.918918918918919,0.967479674796748,0.9066666666666666,-0.19432995734631664,1.910225410406091,0.0468361933182734,0.06427079392597079,outer_fold_nested_fixed_200,nested_outer_oof
TCGA_to_GEO,TCGA_COAD,GSE13294,target_cohort_adaptive_zscore,xgboost,"depth=2,lr=0.02,trees=600",0.4726989269256592,0.9408924408924408,0.9555349370072737,0.19057510793209076,0.23766783748443543,0.7435897435897436,0.48717948717948717,1.0,0.6551724137931034,3.4073608694697683,1.564677526199947,0.22697083337606927,0.2482327865376588,full_discovery_fixed_200,nested_outer_oof
TCGA_to_GEO,TCGA_COAD,GSE13067,target_cohort_adaptive_zscore,xgboost,"depth=2,lr=0.02,trees=600",0.4726989269256592,0.9913419913419913,0.9530630985176439,0.035646021366119385,0.7183295627693077,0.9011544011544012,0.8181818181818182,0.9841269841269841,0.8571428571428571,0.3550148372823289,2.8634731218320786,0.06147564098678161,0.08702946066655018,full_discovery_fixed_200,nested_outer_oof
TCGA_to_GEO,TCGA_COAD,GSE18088,target_cohort_adaptive_zscore,xgboost,"depth=2,lr=0.02,trees=600",0.4726989269256592,0.958204334365325,0.9668205601723605,0.06479588150978088,0.7182482489768196,0.9210526315789473,0.8421052631578947,1.0,0.9142857142857143,1.8234035549425738,1.524447050076375,0.0768337112153314,0.11536681107333246,full_discovery_fixed_200,nested_outer_oof
TCGA_to_GEO,TCGA_COAD,GSE26682,target_cohort_adaptive_zscore,xgboost,"depth=2,lr=0.02,trees=600",0.4726989269256592,0.9743230625583567,0.9046315989864377,0.046261876821517944,0.5946362436680344,0.9150326797385621,0.8888888888888888,0.9411764705882353,0.7804878048780488,-0.8850920037730284,1.6064636624782704,0.06167184012059337,0.07707911520434992,full_discovery_fixed_200,nested_outer_oof
TCGA_to_GEO,TCGA_COAD,GSE39084,target_cohort_adaptive_zscore,xgboost,"depth=2,lr=0.02,trees=600",0.4726989269256592,0.9607843137254901,0.9155549719887954,0.06579118967056274,0.6380678303539753,0.8339460784313726,0.6875,0.9803921568627451,0.7857142857142857,0.9100414122836605,1.6425936097586695,0.04290346317557411,0.07334311348177604,full_discovery_fixed_200,nested_outer_oof
discovery_nested_oof,TCGA_COAD,TCGA_COAD,single_sample_rank,elastic_net,outer-fold-specific,0.8354368209838867,0.990112063282795,0.9477704866127311,0.031997769423596126,0.8200081526600613,0.9783564051856735,0.972972972972973,0.983739837398374,0.96,-1.68811374236613,0.8366427845123697,0.05131030292717416,0.05641549331194255,outer_fold_nested_fixed_200,nested_outer_oof
TCGA_to_GEO,TCGA_COAD,GSE13294,single_sample_rank,elastic_net,"C=0.5,l1=0.5",0.8354368209838867,0.9600399600399601,0.9736157224528799,0.07054001837968826,0.7178281815564418,0.8333333333333333,0.6666666666666666,1.0,0.8,1.3628149483564895,0.776628659254387,0.07502899574044025,0.08443722400453783,full_discovery_fixed_200,nested_outer_oof
TCGA_to_GEO,TCGA_COAD,GSE13067,single_sample_rank,elastic_net,"C=0.5,l1=0.5",0.8354368209838867,0.9985569985569986,0.9924242424242424,0.013049283064901829,0.896886184612695,0.9090909090909092,0.8181818181818182,1.0,0.9,-1.7092733195380836,2.9774437922615795,0.028961107173157755,0.02526696124334342,full_discovery_fixed_200,nested_outer_oof
TCGA_to_GEO,TCGA_COAD,GSE18088,single_sample_rank,elastic_net,"C=0.5,l1=0.5",0.8354368209838867,0.9458204334365324,0.9609051305727203,0.046940822154283524,0.7958873538213895,0.8421052631578947,0.6842105263157895,1.0,0.8125,1.0612088209513626,0.965419762350561,0.043443488851479924,0.06489337954389036,full_discovery_fixed_200,nested_outer_oof
TCGA_to_GEO,TCGA_COAD,GSE26682,single_sample_rank,elastic_net,"C=0.5,l1=0.5",0.8354368209838867,0.9589169000933707,0.8816655401453932,0.08656373620033264,0.24149637500278087,0.919234360410831,0.8888888888888888,0.9495798319327731,0.8,-2.4309021055487317,0.6547771887146344,0.11337699560018345,0.12187618486596828,full_discovery_fixed_200,nested_outer_oof
TCGA_to_GEO,TCGA_COAD,GSE39084,single_sample_rank,elastic_net,"C=0.5,l1=0.5",0.8354368209838867,0.9718137254901962,0.924896942582701,0.08227195590734482,0.5474034190342268,0.6875,0.375,1.0,0.5454545454545454,1.9990613385347031,1.2935449199697375,0.07972076890768406,0.08808860290837266,full_discovery_fixed_200,nested_outer_oof
discovery_nested_oof,TCGA_COAD,TCGA_COAD,single_sample_rank,svm_rbf,outer-fold-specific,0.6096080653682118,0.993188310261481,0.9838906412132957,0.023060116790753697,0.8702836761495727,0.9689079323225664,0.9459459459459459,0.991869918699187,0.958904109589041,-0.022720538882914858,1.505602407532113,0.02055577216205236,0.02820387306335085,outer_fold_nested_fixed_200,nested_outer_oof
TCGA_to_GEO,TCGA_COAD,GSE13294,single_sample_rank,svm_rbf,"C=0.1,gamma=0.01",0.6096080653682118,0.9547119547119547,0.9672382681544507,0.2784815824256303,-0.11397269693236245,0.5,1.0,0.0,0.6695278969957081,-239.34546897018777,323.70095245155085,0.33562696333408315,0.41763468592778263,full_discovery_fixed_200,nested_outer_oof
TCGA_to_GEO,TCGA_COAD,GSE13067,single_sample_rank,svm_rbf,"C=0.1,gamma=0.01",0.6096080653682118,0.9942279942279942,0.9708624708624709,0.40415093079907344,-2.1935505008019134,0.5,1.0,0.0,0.25882352941176473,-1338.6229342356492,1803.6733403094136,0.5284995340872836,0.5690987648036512,full_discovery_fixed_200,nested_outer_oof
TCGA_to_GEO,TCGA_COAD,GSE18088,single_sample_rank,svm_rbf,"C=0.1,gamma=0.01",0.6096080653682118,0.9752321981424148,0.969828386109753,0.32487671755546615,-0.41266052571718936,0.5,1.0,0.0,0.5277777777777778,-126.99544859957028,171.38829861660457,0.4233855627176932,0.4554105017369666,full_discovery_fixed_200,nested_outer_oof
TCGA_to_GEO,TCGA_COAD,GSE26682,single_sample_rank,svm_rbf,"C=0.1,gamma=0.01",0.6096080653682118,0.9318394024276376,0.8255514676327707,0.41122877366847793,-2.6033393337925594,0.5,1.0,0.0,0.23225806451612904,-1138.2197901326963,1533.0756637108216,0.5494540254768407,0.5673610864898189,full_discovery_fixed_200,nested_outer_oof
TCGA_to_GEO,TCGA_COAD,GSE39084,single_sample_rank,svm_rbf,"C=0.1,gamma=0.01",0.6096080653682118,0.9497549019607844,0.9412024833518313,0.3678714108620913,-1.0237435825489314,0.5,1.0,0.0,0.3855421686746988,-103.11638636897045,137.45121267882553,0.46043010624173053,0.5393981249034583,full_discovery_fixed_200,nested_outer_oof
discovery_nested_oof,TCGA_COAD,TCGA_COAD,single_sample_rank,xgboost,outer-fold-specific,0.302778035402298,0.985717424741815,0.9611847276671097,0.042572699365103876,0.7605227194579962,0.9431992968578335,0.918918918918919,0.967479674796748,0.9066666666666666,0.44914673784681886,1.722533822957096,0.03870162227666958,0.042545911611523476,outer_fold_nested_fixed_200,nested_outer_oof
TCGA_to_GEO,TCGA_COAD,GSE13294,single_sample_rank,xgboost,"depth=2,lr=0.02,trees=600",0.302778035402298,0.9292374292374292,0.9478945249353485,0.18581639230251312,0.2567034923296907,0.8588911088911089,0.7307692307692307,0.987012987012987,0.8382352941176471,3.0282984103489734,2.0695548283438265,0.21368999526258492,0.23991150570011907,full_discovery_fixed_200,nested_outer_oof
TCGA_to_GEO,TCGA_COAD,GSE13067,single_sample_rank,xgboost,"depth=2,lr=0.02,trees=600",0.302778035402298,0.9494949494949495,0.8540495867768596,0.07570517063140869,0.40178713654026843,0.8888888888888888,1.0,0.7777777777777778,0.6111111111111112,-0.28451997659429784,3.210616426615867,0.14337478407133997,0.13619640922626933,full_discovery_fixed_200,nested_outer_oof
TCGA_to_GEO,TCGA_COAD,GSE18088,single_sample_rank,xgboost,"depth=2,lr=0.02,trees=600",0.302778035402298,0.9179566563467491,0.9107662237550618,0.11094019562005997,0.5175990565065813,0.8885448916408669,0.8947368421052632,0.8823529411764706,0.85,1.2752326497013642,1.849903760136422,0.09304307379716233,0.1416785293873751,full_discovery_fixed_200,nested_outer_oof
TCGA_to_GEO,TCGA_COAD,GSE26682,single_sample_rank,xgboost,"depth=2,lr=0.02,trees=600",0.302778035402298,0.9388422035480859,0.8640781081093198,0.0534781850874424,0.531404268951351,0.8940242763772175,0.8888888888888888,0.8991596638655462,0.6956521739130435,0.12920910438226726,2.075880503086669,0.0878491610397774,0.11615783452008763,full_discovery_fixed_200,nested_outer_oof
TCGA_to_GEO,TCGA_COAD,GSE39084,single_sample_rank,xgboost,"depth=2,lr=0.02,trees=600",0.302778035402298,0.9571078431372549,0.8567708007889643,0.1133287325501442,0.3765530877235327,0.8884803921568627,0.875,0.9019607843137255,0.8,3.0069984368010094,3.966887543540594,0.13898907125828538,0.13551163195229288,full_discovery_fixed_200,nested_outer_oof
