design,training,cohort,representation,model,setting,threshold,auroc,auprc,brier,brier_skill,balanced_accuracy,sensitivity,specificity,f1,calibration_intercept,calibration_slope,ici,ece_10bin
discovery_oof,TCGA_COAD,TCGA_COAD,fixed_log_expression,elastic_net,"C=2.0,l1=0.5",0.6053650975227356,0.993847506042628,0.9841459536312476,0.03406054813980093,0.8084047390949454,0.9702263238848605,0.972972972972973,0.967479674796748,0.935064935064935,-1.9542978123224521,0.8930451732884415,0.05091224070644059,0.052297581901984816
TCGA_to_GEO,TCGA_COAD,GSE13294,fixed_log_expression,elastic_net,"C=2.0,l1=0.5",0.6053650975227356,0.9572094572094572,0.9738035726469229,0.10073190182447433,0.597055620823677,0.8964368964368964,0.9487179487179487,0.8441558441558441,0.9024390243902439,-1.4188592003637701,0.5298813680070648,0.10496646619371373,0.1286145166163483
TCGA_to_GEO,TCGA_COAD,GSE13067,fixed_log_expression,elastic_net,"C=2.0,l1=0.5",0.6053650975227356,0.9985569985569986,0.9924242424242424,0.40520063042640686,-2.201845096991348,0.7142857142857143,1.0,0.42857142857142855,0.3793103448275862,-11.263581911290933,1.7554548029595722,0.48524573082994626,0.5046896347524347
TCGA_to_GEO,TCGA_COAD,GSE18088,fixed_log_expression,elastic_net,"C=2.0,l1=0.5",0.6053650975227356,0.9504643962848297,0.9669762641898862,0.6327247023582458,-1.7512750602543536,0.5,1.0,0.0,0.5277777777777778,-10.557935064225278,1.3372714111349855,0.6203602592427199,0.6366062996522436
TCGA_to_GEO,TCGA_COAD,GSE26682,fixed_log_expression,elastic_net,"C=2.0,l1=0.5",0.6053650975227356,0.9570494864612511,0.8807895492880012,0.8671672344207764,-6.598441560617905,0.5,1.0,0.0,0.23225806451612904,-14.19666288727269,1.0885093960825833,0.8547733814798797,0.8678872802831831
TCGA_to_GEO,TCGA_COAD,GSE39084,fixed_log_expression,elastic_net,"C=2.0,l1=0.5",0.6053650975227356,0.9693627450980391,0.9286255402421574,0.5877475738525391,-2.23333193507849,0.5392156862745098,1.0,0.0784313725490196,0.4050632911392405,-7.808343606232863,1.119222063957918,0.6392455866002952,0.6582358096962544
discovery_oof,TCGA_COAD,TCGA_COAD,fixed_log_expression,svm_rbf,"C=10.0,gamma=0.001",0.5918716699706539,0.994067237969677,0.9843912583294823,0.024981857635319616,0.8594736199815025,0.96484289167216,0.9459459459459459,0.983739837398374,0.9459459459459459,-0.028332128202307627,1.3938557832193836,0.013787193522048876,0.030282395421909792
TCGA_to_GEO,TCGA_COAD,GSE13294,fixed_log_expression,svm_rbf,"C=10.0,gamma=0.001",0.5918716699706539,0.9523809523809526,0.9680759526027147,0.09575720267021098,0.6169552457289679,0.8973526473526474,0.8076923076923077,0.987012987012987,0.8873239436619719,0.5009655346557862,2.293898752257861,0.11934324105642691,0.1684041538254925
TCGA_to_GEO,TCGA_COAD,GSE13067,fixed_log_expression,svm_rbf,"C=10.0,gamma=0.001",0.5918716699706539,0.9942279942279941,0.9708624708624708,0.11855700629092468,0.06317724899119259,0.9386724386724387,0.9090909090909091,0.9682539682539683,0.8695652173913043,-4.056200081164008,7.998045294344017,0.2648873704643859,0.2675292067779418
TCGA_to_GEO,TCGA_COAD,GSE18088,fixed_log_expression,svm_rbf,"C=10.0,gamma=0.001",0.5918716699706539,0.9427244582043344,0.9574463106380551,0.20872889481008775,0.09238472829483524,0.9589783281733746,0.9473684210526315,0.9705882352941176,0.9473684210526315,-2.8049161761313557,8.254148080437076,0.33872604711667964,0.35925630241409606
TCGA_to_GEO,TCGA_COAD,GSE26682,fixed_log_expression,svm_rbf,"C=10.0,gamma=0.001",0.5918716699706539,0.8249299719887956,0.43963530744740537,0.23974142419026712,-1.1007034503394602,0.5,0.0,1.0,0.0,-1.8824824185606102,0.10738055215317185,0.3522432080709031,0.3573216277433212
TCGA_to_GEO,TCGA_COAD,GSE39084,fixed_log_expression,svm_rbf,"C=10.0,gamma=0.001",0.5918716699706539,0.9344362745098039,0.8360654744507299,0.2331914238469706,-0.28283860496207236,0.5625,0.125,1.0,0.2222222222222222,-3.1022273458818117,18.926467645753732,0.3247129469513324,0.35351397251093286
discovery_oof,TCGA_COAD,TCGA_COAD,fixed_log_expression,xgboost,"depth=2,lr=0.05,trees=400",0.25805220007896423,0.994067237969677,0.9823359174181632,0.03313223624130601,0.8136266210113308,0.9715447154471545,1.0,0.943089430894309,0.9135802469135802,-0.025866246526693004,1.9843054386159236,0.04582581748002699,0.07082649236544966
TCGA_to_GEO,TCGA_COAD,GSE13294,fixed_log_expression,xgboost,"depth=2,lr=0.05,trees=400",0.25805220007896423,0.9095904095904096,0.9132796597443728,0.20194068551063538,0.19220363479969782,0.8644688644688645,0.8717948717948718,0.8571428571428571,0.8662420382165605,2.545554594956871,2.4222658460557795,0.21434220858845204,0.24043451653372858
TCGA_to_GEO,TCGA_COAD,GSE13067,fixed_log_expression,xgboost,"depth=2,lr=0.05,trees=400",0.25805220007896423,0.9090909090909091,0.7997356586066264,0.09040091186761856,0.28566321300565767,0.7683982683982684,0.7272727272727273,0.8095238095238095,0.5161290322580645,2.013157484252743,3.7430391294635124,0.13680215574761112,0.15213716392581528
TCGA_to_GEO,TCGA_COAD,GSE18088,fixed_log_expression,xgboost,"depth=2,lr=0.05,trees=400",0.25805220007896423,0.9202786377708977,0.9105985623115711,0.1680508852005005,0.26926480413590426,0.826625386996904,0.9473684210526315,0.7058823529411765,0.7659574468085106,3.321068009277919,4.465845050652624,0.22017834924398927,0.27601869544892943
TCGA_to_GEO,TCGA_COAD,GSE26682,fixed_log_expression,xgboost,"depth=2,lr=0.05,trees=400",0.25805220007896423,0.5238095238095238,0.17964314679643145,0.11294339597225189,0.010347992995706878,0.5277777777777778,0.05555555555555555,1.0,0.10526315789473684,4.595606305511532,3.5868432228977047,0.14379645438089858,0.008915781866024874
TCGA_to_GEO,TCGA_COAD,GSE39084,fixed_log_expression,xgboost,"depth=2,lr=0.05,trees=400",0.25805220007896423,0.8112745098039217,0.6174825752950752,0.16222114861011505,0.1075848822171489,0.6464460784313726,0.3125,0.9803921568627451,0.45454545454545453,3.7945228217583558,3.3433445079518918,0.11247869004650889,0.14371752249660777
discovery_oof,TCGA_COAD,TCGA_COAD,target_cohort_adaptive_zscore,elastic_net,"C=2.0,l1=0.5",0.6053668856620789,0.993847506042628,0.9841459536312476,0.03406057521608395,0.8084045867871349,0.9702263238848605,0.972972972972973,0.967479674796748,0.935064935064935,-1.954300339571494,0.8930449820133461,0.05091228503135281,0.05229761565115041
TCGA_to_GEO,TCGA_COAD,GSE13294,target_cohort_adaptive_zscore,elastic_net,"C=2.0,l1=0.5",0.6053668856620789,0.9578754578754578,0.9717486563517893,0.08768406510353088,0.6492491401744374,0.8717116217116216,0.7564102564102564,0.987012987012987,0.855072463768116,1.6593608450971062,0.7288660619507098,0.09710662293571799,0.10803720067074943
TCGA_to_GEO,TCGA_COAD,GSE13067,target_cohort_adaptive_zscore,elastic_net,"C=2.0,l1=0.5",0.6053668856620789,0.9971139971139971,0.986013986013986,0.05296342074871063,0.5814896219048493,0.9841269841269842,1.0,0.9682539682539683,0.9166666666666666,-3.144681376662439,1.24320601295181,0.10816454926966469,0.11585779059237826
TCGA_to_GEO,TCGA_COAD,GSE18088,target_cohort_adaptive_zscore,elastic_net,"C=2.0,l1=0.5",0.6053668856620789,0.9458204334365324,0.96346626247844,0.036129534244537354,0.8428980469150071,0.9473684210526316,0.8947368421052632,1.0,0.9444444444444444,0.1829142933815092,0.6766822547303054,0.01828952567597748,0.0342492830889071
TCGA_to_GEO,TCGA_COAD,GSE26682,target_cohort_adaptive_zscore,elastic_net,"C=2.0,l1=0.5",0.6053668856620789,0.9677871148459385,0.9025617283950618,0.09231892973184586,0.19106723056161767,0.8982259570494864,0.8888888888888888,0.907563025210084,0.7111111111111111,-2.762762475770916,0.6969833327674028,0.1240057311593234,0.13364874226564583
TCGA_to_GEO,TCGA_COAD,GSE39084,target_cohort_adaptive_zscore,elastic_net,"C=2.0,l1=0.5",0.6053668856620789,0.9754901960784313,0.947204836494151,0.0717383325099945,0.6053512565718562,0.9197303921568627,0.9375,0.9019607843137255,0.8333333333333334,-1.6700940057828573,0.8445074720133062,0.08392735079482591,0.08592849797152205
discovery_oof,TCGA_COAD,TCGA_COAD,target_cohort_adaptive_zscore,svm_rbf,"C=10.0,gamma=0.001",0.5918715036651913,0.994067237969677,0.9843912583294823,0.02498177852245757,0.8594740650022163,0.96484289167216,0.9459459459459459,0.983739837398374,0.9459459459459459,-0.028294274307354858,1.3938578487875708,0.013786780707238091,0.030282306406096037
TCGA_to_GEO,TCGA_COAD,GSE13294,target_cohort_adaptive_zscore,svm_rbf,"C=10.0,gamma=0.001",0.5918715036651913,0.9577089577089578,0.9695692824875111,0.18274668168775973,0.2689828458960327,0.717948717948718,0.4358974358974359,1.0,0.6071428571428571,3.771790419465125,1.1107381513523975,0.23422796635790258,0.24853574564910547
TCGA_to_GEO,TCGA_COAD,GSE13067,target_cohort_adaptive_zscore,svm_rbf,"C=10.0,gamma=0.001",0.5918715036651913,0.9942279942279942,0.9757575757575758,0.02497144099362265,0.8026787721773772,0.9466089466089466,0.9090909090909091,0.9841269841269841,0.9090909090909091,-0.40703336806310136,1.7631071423124955,0.03126234011349915,0.03480803357779986
TCGA_to_GEO,TCGA_COAD,GSE18088,target_cohort_adaptive_zscore,svm_rbf,"C=10.0,gamma=0.001",0.5918715036651913,0.9690402476780186,0.973009446693657,0.05545940720075973,0.7588460141997925,0.8947368421052632,0.7894736842105263,1.0,0.8823529411764706,2.1319553210626214,1.1037320232710857,0.07656400908253018,0.08947593492081878
TCGA_to_GEO,TCGA_COAD,GSE26682,target_cohort_adaptive_zscore,svm_rbf,"C=10.0,gamma=0.001",0.5918715036651913,0.9603174603174602,0.9092328458287579,0.04228507158346705,0.6294824890055588,0.9318394024276377,0.8888888888888888,0.9747899159663865,0.8648648648648649,-1.100661475859509,0.9841442680995829,0.04931476008141552,0.059570197990236204
TCGA_to_GEO,TCGA_COAD,GSE39084,target_cohort_adaptive_zscore,svm_rbf,"C=10.0,gamma=0.001",0.5918715036651913,0.9681372549019608,0.9419737990050491,0.0485241306652436,0.7330578154947567,0.8026960784313726,0.625,0.9803921568627451,0.7407407407407407,0.5058923272511605,1.2569941904248843,0.04350828514540317,0.040957324815686195
discovery_oof,TCGA_COAD,TCGA_COAD,target_cohort_adaptive_zscore,xgboost,"depth=2,lr=0.05,trees=400",0.25805220007896423,0.994067237969677,0.9823359174181632,0.03313223624130601,0.8136266210113308,0.9715447154471545,1.0,0.943089430894309,0.9135802469135802,-0.025866246526693004,1.9843054386159236,0.04582581748002699,0.07082649236544966
TCGA_to_GEO,TCGA_COAD,GSE13294,target_cohort_adaptive_zscore,xgboost,"depth=2,lr=0.05,trees=400",0.25805220007896423,0.9405594405594407,0.9560728895714382,0.19174204766750336,0.2329998842471248,0.8268398268398268,0.6666666666666666,0.987012987012987,0.7938931297709924,3.4622434467280994,1.5358837633581601,0.2289480056353263,0.24908109080166585
TCGA_to_GEO,TCGA_COAD,GSE13067,target_cohort_adaptive_zscore,xgboost,"depth=2,lr=0.05,trees=400",0.25805220007896423,0.9884559884559884,0.9403485403485404,0.03569955378770828,0.7179065562171854,0.9603174603174602,1.0,0.9206349206349206,0.8148148148148148,0.2686438315177171,2.4534805953412926,0.052863199610085156,0.05244181337892204
TCGA_to_GEO,TCGA_COAD,GSE18088,target_cohort_adaptive_zscore,xgboost,"depth=2,lr=0.05,trees=400",0.25805220007896423,0.9674922600619195,0.9702393635911639,0.060838885605335236,0.7354544432424355,0.9589783281733746,0.9473684210526315,0.9705882352941176,0.9473684210526315,1.7012873265424322,1.4715943909785074,0.06821016593523474,0.10425618108151094
TCGA_to_GEO,TCGA_COAD,GSE26682,target_cohort_adaptive_zscore,xgboost,"depth=2,lr=0.05,trees=400",0.25805220007896423,0.9710550887021476,0.9043740788243768,0.04398088902235031,0.6146231064143357,0.8898225957049486,0.8888888888888888,0.8907563025210085,0.6808510638297872,-0.8310836841791432,1.565311053708904,0.05983763489632419,0.07218667707086479
TCGA_to_GEO,TCGA_COAD,GSE39084,target_cohort_adaptive_zscore,xgboost,"depth=2,lr=0.05,trees=400",0.25805220007896423,0.9595588235294117,0.9178937484084543,0.06513503193855286,0.6416775019948973,0.8982843137254901,0.875,0.9215686274509803,0.8235294117647058,0.700398106031179,1.4691364959806594,0.03721411520770722,0.06720709280847613
discovery_oof,TCGA_COAD,TCGA_COAD,single_sample_rank,elastic_net,"C=0.5,l1=0.8",0.2828556001186371,0.99780268072951,0.9933990340967085,0.018967934154768152,0.8933027654664767,0.975609756097561,1.0,0.9512195121951219,0.925,-0.016643663088035353,2.2151074258281813,0.03665957887603667,0.039606911905138986
TCGA_to_GEO,TCGA_COAD,GSE13294,single_sample_rank,elastic_net,"C=0.5,l1=0.8",0.2828556001186371,0.9595404595404595,0.9722397608577509,0.0646921843290329,0.7412204914244064,0.916083916083916,0.9230769230769231,0.9090909090909091,0.9171974522292994,0.5421978274709758,0.8295750189679776,0.03354332567845682,0.045552136112124685
TCGA_to_GEO,TCGA_COAD,GSE13067,single_sample_rank,elastic_net,"C=0.5,l1=0.8",0.2828556001186371,1.0,1.0,0.009393029846251011,0.9257774438123081,0.9841269841269842,1.0,0.9682539682539683,0.9166666666666666,-2.4106370434329074,17.757752034378438,0.03017203763994442,0.0439170301259445
TCGA_to_GEO,TCGA_COAD,GSE18088,single_sample_rank,elastic_net,"C=0.5,l1=0.8",0.2828556001186371,0.9736842105263157,0.9731697665215668,0.061653707176446915,0.7319113568751713,0.9210526315789473,0.8421052631578947,1.0,0.9142857142857143,3.15272101899439,1.413786219025764,0.08566688049451235,0.0973253059969723
TCGA_to_GEO,TCGA_COAD,GSE26682,single_sample_rank,elastic_net,"C=0.5,l1=0.8",0.2828556001186371,0.9794584500466853,0.9257806236972904,0.13850656151771545,-0.21364596317740503,0.8277310924369747,1.0,0.6554621848739496,0.4675324675324675,-3.6385355558750136,0.896621826854766,0.22024329801176654,0.23114281834313904
TCGA_to_GEO,TCGA_COAD,GSE39084,single_sample_rank,elastic_net,"C=0.5,l1=0.8",0.2828556001186371,0.9926470588235294,0.9801470588235295,0.08189063519239426,0.5495011502712527,0.8125,0.625,1.0,0.7692307692307693,5.881081633997679,3.045649906724187,0.11039771081582003,0.1147932744890785
discovery_oof,TCGA_COAD,TCGA_COAD,single_sample_rank,svm_rbf,"C=10.0,gamma=0.001",0.525435413993424,0.996264557240167,0.9896378141058992,0.01994597620109368,0.8878011446389809,0.9689079323225664,0.9459459459459459,0.991869918699187,0.958904109589041,-0.03325644755198159,1.5892002566589039,0.01517115723610662,0.025624197459495974
TCGA_to_GEO,TCGA_COAD,GSE13294,single_sample_rank,svm_rbf,"C=10.0,gamma=0.001",0.525435413993424,0.5,0.5032258064516129,0.328592298455965,-0.31442390449626356,0.5,0.0,1.0,0.0,0.005040120481051336,-0.006295378821865097,0.28036173826545646,0.2803617382654565
TCGA_to_GEO,TCGA_COAD,GSE13067,single_sample_rank,svm_rbf,"C=10.0,gamma=0.001",0.525435413993424,0.5,0.14864864864864866,0.13206015640070753,-0.0435229674607136,0.5,0.0,1.0,0.0,-0.6816806388968593,0.8514553175394513,0.07421541953750775,0.07421541953750774
TCGA_to_GEO,TCGA_COAD,GSE18088,single_sample_rank,svm_rbf,"C=10.0,gamma=0.001",0.525435413993424,0.5,0.3584905660377358,0.24836962701916404,-0.07998495711583864,0.5,0.0,1.0,0.0,-0.2272009160598909,0.2837860348255307,0.13562649785157946,0.13562649785157938
TCGA_to_GEO,TCGA_COAD,GSE26682,single_sample_rank,svm_rbf,"C=10.0,gamma=0.001",0.525435413993424,0.5436507936507936,0.183375104427736,0.1224924324497408,-0.07332421318822835,0.5,0.0,1.0,0.0,-0.7375834396487423,0.9212809635312835,0.22690984761641225,0.10282225637553631
TCGA_to_GEO,TCGA_COAD,GSE39084,single_sample_rank,svm_rbf,"C=10.0,gamma=0.001",0.525435413993424,0.5,0.23880597014925373,0.1820318230085285,-0.0013981047613780273,0.5,0.0,1.0,0.0,-0.4529436542173148,0.5657506858227572,0.015941901963097332,0.015941901963097305
discovery_oof,TCGA_COAD,TCGA_COAD,single_sample_rank,xgboost,"depth=2,lr=0.05,trees=400",0.23596668243408203,0.9918699186991871,0.9766129621312547,0.03621574997937602,0.7962814327681771,0.9620962425840475,0.972972972972973,0.9512195121951219,0.9113924050632911,0.6908529353606068,1.9882420802083804,0.04813316075083786,0.05386824137531221
TCGA_to_GEO,TCGA_COAD,GSE13294,single_sample_rank,xgboost,"depth=2,lr=0.05,trees=400",0.23596668243408203,0.935980685980686,0.9491195349152812,0.17898085713386536,0.28404677112202537,0.8708791208791209,0.8846153846153846,0.8571428571428571,0.8734177215189873,2.983480322972436,2.57677445089532,0.20241134418943793,0.21927385176381758
TCGA_to_GEO,TCGA_COAD,GSE13067,single_sample_rank,xgboost,"depth=2,lr=0.05,trees=400",0.23596668243408203,0.9538239538239539,0.8521398192450824,0.0778050422668457,0.3851942114671759,0.8412698412698413,1.0,0.6825396825396826,0.5238095238095238,0.3429171520252065,3.5887004047630646,0.15179732606736293,0.1480858838437377
TCGA_to_GEO,TCGA_COAD,GSE18088,single_sample_rank,xgboost,"depth=2,lr=0.05,trees=400",0.23596668243408203,0.9380804953560371,0.9143276374480542,0.12139177322387695,0.47215249073394683,0.903250773993808,0.8947368421052632,0.9117647058823529,0.8717948717948718,2.380659047621432,2.1938243137375903,0.11985112752756558,0.13817586110166782
TCGA_to_GEO,TCGA_COAD,GSE26682,single_sample_rank,xgboost,"depth=2,lr=0.05,trees=400",0.23596668243408203,0.9318394024276377,0.8674668673439525,0.06711617857217789,0.41190310195088387,0.8604108309990663,0.8888888888888888,0.8319327731092437,0.5925925925925926,0.37827232279336914,2.7509049940955355,0.12486809357174809,0.13645748136034846
TCGA_to_GEO,TCGA_COAD,GSE39084,single_sample_rank,xgboost,"depth=2,lr=0.05,trees=400",0.23596668243408203,0.9926470588235294,0.9794270833333334,0.12388046830892563,0.3185056100015109,0.9276960784313726,0.875,0.9803921568627451,0.9032258064516129,11.053407199847145,8.357688707875047,0.18504800583735997,0.21049866636297596
GEO_LOCO,GSE13067+GSE18088+GSE26682+GSE39084,GSE13294,fixed_log_expression,elastic_net,"C=2.0,l1=0.2",0.038658469915390015,0.9408924408924408,0.9375453958821363,0.08187617361545563,0.6724816731416381,0.8185980685980686,0.9358974358974359,0.7012987012987013,0.8390804597701149,0.1995697410958296,0.4683763122114877,0.0419866192075835,0.051321244320546786
GEO_LOCO,GSE13067+GSE18088+GSE26682+GSE39084,GSE13294,fixed_log_expression,svm_rbf,"C=10.0,gamma=0.001",0.3822679959377831,0.9437229437229436,0.9439078457423388,0.07852079356425908,0.6859037520177615,0.9162504162504163,0.8974358974358975,0.935064935064935,0.9150326797385621,0.7664177641293151,0.6023089799422803,0.05862362002619832,0.06957657270551271
GEO_LOCO,GSE13067+GSE18088+GSE26682+GSE39084,GSE13294,fixed_log_expression,xgboost,"depth=3,lr=0.05,trees=400",0.7493147850036621,0.933899433899434,0.9436795922942063,0.09840762615203857,0.6063531105057065,0.8904428904428905,0.8717948717948718,0.9090909090909091,0.8888888888888888,-0.6867780657578485,0.8829900449007543,0.06727387747202998,0.10933493445477178
GEO_LOCO,GSE13067+GSE18088+GSE26682+GSE39084,GSE13294,target_cohort_adaptive_zscore,elastic_net,"C=0.1,l1=0.2",0.7233717441558838,0.9517149517149516,0.9680500200621781,0.1176106333732605,0.5295378843169192,0.7948717948717949,0.5897435897435898,1.0,0.7419354838709677,2.484081514400324,0.9511613115053067,0.1481803987178809,0.16215100130516916
GEO_LOCO,GSE13067+GSE18088+GSE26682+GSE39084,GSE13294,target_cohort_adaptive_zscore,svm_rbf,"C=0.1,gamma=0.01",0.2472720328061648,0.9637029637029636,0.9695142384242129,0.164129386249478,0.34345512743194984,0.8461538461538461,0.6923076923076923,1.0,0.8181818181818182,3.6799892711849047,1.2146686445726609,0.19466462749580507,0.2120618713359815
GEO_LOCO,GSE13067+GSE18088+GSE26682+GSE39084,GSE13294,target_cohort_adaptive_zscore,xgboost,"depth=2,lr=0.1,trees=250",0.5745823383331299,0.9597069597069597,0.9728899935451523,0.1641649454832077,0.34331288457641274,0.782051282051282,0.5641025641025641,1.0,0.7213114754098361,5.048878284186695,1.399577533783438,0.20728375477336997,0.22082693561340772
GEO_LOCO,GSE13067+GSE18088+GSE26682+GSE39084,GSE13294,single_sample_rank,elastic_net,"C=0.5,l1=0.8",0.9156080484390259,0.9558774558774559,0.9706030273820916,0.0685826912522316,0.7256578159615611,0.9036796536796536,0.8333333333333334,0.974025974025974,0.896551724137931,-0.5642626719488522,0.6853658705588688,0.03683257167961171,0.05493296983261262
GEO_LOCO,GSE13067+GSE18088+GSE26682+GSE39084,GSE13294,single_sample_rank,svm_rbf,"C=10.0,gamma=0.01",0.36904165665789623,0.975024975024975,0.9828602032992809,0.07823297087847848,0.687055090683409,0.9421411921411922,0.9102564102564102,0.974025974025974,0.9403973509933775,2.0345828220673394,1.7500787888850362,0.09883765687789593,0.13420223305077125
GEO_LOCO,GSE13067+GSE18088+GSE26682+GSE39084,GSE13294,single_sample_rank,xgboost,"depth=2,lr=0.1,trees=250",0.5969234108924866,0.9578754578754578,0.9720336351313822,0.06531526148319244,0.7387280790653183,0.9291541791541791,0.9102564102564102,0.948051948051948,0.9281045751633987,-0.22162775488456052,0.810853847586393,0.03136147726445155,0.05848003652307295
GEO_LOCO,GSE13294+GSE18088+GSE26682+GSE39084,GSE13067,fixed_log_expression,elastic_net,"C=0.5,l1=0.8",0.7246192097663879,0.9567099567099568,0.8667748917748919,0.13687652349472046,-0.08158130253548235,0.8614718614718615,0.8181818181818182,0.9047619047619048,0.6923076923076923,-2.8051401155228595,1.1928731336852223,0.21603242111658813,0.22778033880466544
GEO_LOCO,GSE13294+GSE18088+GSE26682+GSE39084,GSE13067,fixed_log_expression,svm_rbf,"C=10.0,gamma=0.001",0.9316726000419615,0.9826839826839827,0.9087041746132656,0.07047954018297849,0.44307941985282806,0.8102453102453102,0.6363636363636364,0.9841269841269841,0.7368421052631579,-2.2304751257080757,1.2264472675991038,0.12247248741826665,0.12880137107320733
GEO_LOCO,GSE13294+GSE18088+GSE26682+GSE39084,GSE13067,fixed_log_expression,xgboost,"depth=2,lr=0.1,trees=250",0.8953706622123718,0.9855699855699855,0.9267121767121766,0.07741544395685196,0.38827276896432705,0.8102453102453102,0.6363636363636364,0.9841269841269841,0.7368421052631579,-2.741036409315595,1.66491581704162,0.1381161395169939,0.14605279120843154
GEO_LOCO,GSE13294+GSE18088+GSE26682+GSE39084,GSE13067,target_cohort_adaptive_zscore,elastic_net,"C=2.0,l1=0.2",0.6299481391906738,0.9956709956709957,0.9777495232040686,0.09494549036026001,0.2497525177304707,0.9365079365079365,1.0,0.873015873015873,0.7333333333333333,-4.467024820930472,0.8065309887730264,0.1245802302447192,0.13382142648584408
GEO_LOCO,GSE13294+GSE18088+GSE26682+GSE39084,GSE13067,target_cohort_adaptive_zscore,svm_rbf,"C=10.0,gamma=0.01",0.1685015984160994,0.9927849927849928,0.9674931129476584,0.034765270252223986,0.7252891487717481,0.9285714285714286,1.0,0.8571428571428571,0.7096774193548387,-1.6550610665135883,1.5125912894292517,0.06001341723841302,0.06142954493212488
GEO_LOCO,GSE13294+GSE18088+GSE26682+GSE39084,GSE13067,target_cohort_adaptive_zscore,xgboost,"depth=2,lr=0.05,trees=400",0.5609442591667175,1.0,1.0,0.039711423218250275,0.686205261842513,0.9761904761904762,1.0,0.9523809523809523,0.88,-22.06145900830549,6.414944292565116,0.09917776196126118,0.10658514176218493
GEO_LOCO,GSE13294+GSE18088+GSE26682+GSE39084,GSE13067,single_sample_rank,elastic_net,"C=2.0,l1=0.2",0.9721018671989441,0.98989898989899,0.956439393939394,0.056023817509412766,0.5573067464912781,0.9011544011544012,0.8181818181818182,0.9841269841269841,0.8571428571428571,-2.4224230235860373,0.6699297718345453,0.07403672389929325,0.07600840657805502
GEO_LOCO,GSE13294+GSE18088+GSE26682+GSE39084,GSE13067,single_sample_rank,svm_rbf,"C=10.0,gamma=0.001",0.38262801115360634,0.9971139971139972,0.9841597796143251,0.026773280225120807,0.7884408621749472,0.9841269841269842,1.0,0.9682539682539683,0.9166666666666666,-2.2615231044608284,1.2898799742413734,0.060348947172494255,0.06160757021495551
GEO_LOCO,GSE13294+GSE18088+GSE26682+GSE39084,GSE13067,single_sample_rank,xgboost,"depth=3,lr=0.05,trees=400",0.8202770948410034,0.9985569985569986,0.9924242424242424,0.03796153515577316,0.7000326601543811,0.9466089466089466,0.9090909090909091,0.9841269841269841,0.9090909090909091,-2.833376235167021,2.2990184414184216,0.11230538709101306,0.11425691279205116
GEO_LOCO,GSE13294+GSE13067+GSE26682+GSE39084,GSE18088,fixed_log_expression,elastic_net,"C=0.1,l1=0.5",0.5397628545761108,0.9891640866873065,0.980743457880088,0.13279123604297638,0.4225842383208659,0.8970588235294117,1.0,0.7941176470588235,0.8444444444444444,-3.1361242080529768,3.9441919004068398,0.22599822044936976,0.2407598540468036
GEO_LOCO,GSE13294+GSE13067+GSE26682+GSE39084,GSE18088,fixed_log_expression,svm_rbf,"C=1.0,gamma=0.001",0.27807385019869696,0.9659442724458205,0.9450582850513596,0.1017517680047576,0.5575530707037708,0.7205882352941176,1.0,0.4411764705882353,0.6666666666666666,-1.516943626219059,2.2255033508575046,0.16040873840501846,0.16633410859704534
GEO_LOCO,GSE13294+GSE13067+GSE26682+GSE39084,GSE18088,fixed_log_expression,xgboost,"depth=3,lr=0.05,trees=400",0.30733248591423035,0.9659442724458204,0.9535750584125195,0.26797738671302795,-0.16524532395804248,0.5588235294117647,1.0,0.11764705882352941,0.5588235294117647,-4.9620169801746,1.9493482599547804,0.34264208018159636,0.37654816429570037
GEO_LOCO,GSE13294+GSE13067+GSE26682+GSE39084,GSE18088,target_cohort_adaptive_zscore,elastic_net,"C=2.0,l1=0.2",0.6671020984649658,0.958204334365325,0.9644016340692239,0.05069192126393318,0.7795764600148788,0.9326625386996904,0.8947368421052632,0.9705882352941176,0.918918918918919,-0.10351687867284518,0.4202910516021108,0.04793919202837314,0.020657848832274357
GEO_LOCO,GSE13294+GSE13067+GSE26682+GSE39084,GSE18088,target_cohort_adaptive_zscore,svm_rbf,"C=10.0,gamma=0.01",0.338881522210836,0.9984520123839009,0.9973684210526312,0.019899710381340086,0.9134701447969283,0.9736842105263157,0.9473684210526315,1.0,0.972972972972973,1.8833242952938043,1.7281323995363844,0.01274189035249201,0.02796759760598007
GEO_LOCO,GSE13294+GSE13067+GSE26682+GSE39084,GSE18088,target_cohort_adaptive_zscore,xgboost,"depth=3,lr=0.1,trees=250",0.4319934546947479,0.9752321981424148,0.9759398496240599,0.026687361299991608,0.8839554212203151,0.9473684210526316,0.8947368421052632,1.0,0.9444444444444444,0.8476515631046513,1.1238594373745654,0.01926275195073297,0.03455274893884669
GEO_LOCO,GSE13294+GSE13067+GSE26682+GSE39084,GSE18088,single_sample_rank,elastic_net,"C=0.1,l1=0.2",0.7805835008621216,0.9860681114551083,0.9816353749871753,0.032038863748311996,0.8606854980355907,0.9473684210526316,0.8947368421052632,1.0,0.9444444444444444,0.2111531487989548,1.411922188893491,0.021139199260574355,0.011963088416828308
GEO_LOCO,GSE13294+GSE13067+GSE26682+GSE39084,GSE18088,single_sample_rank,svm_rbf,"C=1.0,gamma=0.001",0.43687260962147223,0.9628482972136223,0.9706242350061196,0.03191577474987732,0.8612207255845118,0.9589783281733746,0.9473684210526315,0.9705882352941176,0.9473684210526315,0.7142564758497107,1.0113283772470376,0.021936063039862133,0.04228738097760113
GEO_LOCO,GSE13294+GSE13067+GSE26682+GSE39084,GSE18088,single_sample_rank,xgboost,"depth=2,lr=0.02,trees=600",0.5530709028244019,0.9829721362229101,0.9768866610971871,0.03447061777114868,0.8501115087938752,0.9473684210526316,0.8947368421052632,1.0,0.9444444444444444,1.3979986035288379,1.3632023589975761,0.020110036240308528,0.03731554344226166
GEO_LOCO,GSE13294+GSE13067+GSE18088+GSE39084,GSE26682,fixed_log_expression,elastic_net,"C=0.1,l1=0.5",0.601468563079834,0.9318394024276377,0.9079049072459172,0.03931741788983345,0.6554861734947319,0.75,0.5,1.0,0.6666666666666666,2.1488744990517428,1.3723244868228968,0.050472598892381336,0.057438660291513004
GEO_LOCO,GSE13294+GSE13067+GSE18088+GSE39084,GSE26682,fixed_log_expression,svm_rbf,"C=10.0,gamma=0.001",0.3894831551229746,0.9677871148459384,0.917544420753376,0.155524687029605,-0.36276510310861654,0.9082633053221288,0.8333333333333334,0.9831932773109243,0.8571428571428571,14.61878835325177,33.303064685593334,0.3329665393355513,0.350500529367994
GEO_LOCO,GSE13294+GSE13067+GSE18088+GSE39084,GSE26682,fixed_log_expression,xgboost,"depth=2,lr=0.05,trees=400",0.4076491892337799,0.741830065359477,0.39054533429533433,0.17704178392887115,-0.5513059022226809,0.6928104575163399,0.4444444444444444,0.9411764705882353,0.48484848484848486,2.5261456824564577,10.37190898792484,0.3634564042319842,0.28990916157290886
GEO_LOCO,GSE13294+GSE13067+GSE18088+GSE39084,GSE26682,target_cohort_adaptive_zscore,elastic_net,"C=2.0,l1=0.2",0.535835862159729,0.9173669467787114,0.900062656641604,0.13635198771953583,-0.19476678688513904,0.8562091503267973,0.8888888888888888,0.8235294117647058,0.5818181818181818,-2.9588790621852583,0.4365657364218585,0.1740395859141507,0.1879607342800931
GEO_LOCO,GSE13294+GSE13067+GSE18088+GSE39084,GSE26682,target_cohort_adaptive_zscore,svm_rbf,"C=10.0,gamma=0.01",0.18896989490610977,0.9183006535947712,0.85105787250596,0.06463712948468323,0.43362545130811414,0.8309990662931839,0.8888888888888888,0.773109243697479,0.5245901639344263,-1.3614010888902797,0.9246869176414099,0.08470731745500021,0.09880922860025082
GEO_LOCO,GSE13294+GSE13067+GSE18088+GSE39084,GSE26682,target_cohort_adaptive_zscore,xgboost,"depth=5,lr=0.05,trees=400",0.4208261966705322,0.9150326797385621,0.9076510721247563,0.08816488087177277,0.22746655038174457,0.8646125116713352,0.8888888888888888,0.8403361344537815,0.6037735849056604,-2.4510523352304183,1.2262649208272844,0.1582847248466671,0.18172413763338632
GEO_LOCO,GSE13294+GSE13067+GSE18088+GSE39084,GSE26682,single_sample_rank,elastic_net,"C=2.0,l1=0.8",0.5850597620010376,0.9374416433239963,0.89938599887252,0.1659594476222992,-0.45419835313862444,0.8587768440709618,0.9444444444444444,0.773109243697479,0.5483870967741935,-3.250175324784023,0.438107906343071,0.21150836080864616,0.23158767542769507
GEO_LOCO,GSE13294+GSE13067+GSE18088+GSE39084,GSE26682,single_sample_rank,svm_rbf,"C=10.0,gamma=0.001",0.49470344082530376,0.9234360410831,0.8258831324620799,0.23042019076343914,-1.0190273391405178,0.6570961718020542,0.9444444444444444,0.3697478991596639,0.3090909090909091,-3.651963403653724,20.743170877950284,0.3883174895465683,0.4156291231402357
GEO_LOCO,GSE13294+GSE13067+GSE18088+GSE39084,GSE26682,single_sample_rank,xgboost,"depth=5,lr=0.05,trees=400",0.5448272824287415,0.8949579831932772,0.8657597774816507,0.12188765406608582,-0.06802492024573525,0.8562091503267973,0.8888888888888888,0.8235294117647058,0.5818181818181818,-2.3940479948724387,1.025619234925245,0.1836253239337418,0.20581353434028415
GEO_LOCO,GSE13294+GSE13067+GSE18088+GSE26682,GSE39084,fixed_log_expression,elastic_net,"C=0.5,l1=0.8",0.3775973618030548,0.9509803921568627,0.8383114831155035,0.07189849764108658,0.604470152070052,0.9295343137254901,0.9375,0.9215686274509803,0.8571428571428571,-0.1895659708226799,1.3823011047008098,0.04300214845775194,0.06274219065793414
GEO_LOCO,GSE13294+GSE13067+GSE18088+GSE26682,GSE39084,fixed_log_expression,svm_rbf,"C=10.0,gamma=0.01",0.40491120508084155,0.5894607843137255,0.2974265078431094,0.22882462459055267,-0.2588158575820967,0.5,0.0,1.0,0.0,-0.3327196972124566,0.18002851687882793,0.2104503931811718,0.2161313434331922
GEO_LOCO,GSE13294+GSE13067+GSE18088+GSE26682,GSE39084,fixed_log_expression,xgboost,"depth=3,lr=0.1,trees=250",0.43667396903038025,0.5514705882352942,0.3756155727269519,0.19694143533706665,-0.0834192441520738,0.5,0.0,1.0,0.0,-0.3124275019317144,0.36500232318588205,0.14278481792257802,0.1378236347392424
GEO_LOCO,GSE13294+GSE13067+GSE18088+GSE26682,GSE39084,target_cohort_adaptive_zscore,elastic_net,"C=2.0,l1=0.2",0.5840415954589844,0.9938725490196079,0.9851190476190477,0.03232838585972786,0.8221542596515706,0.9491421568627452,0.9375,0.9607843137254902,0.9090909090909091,-1.7393979527606491,0.6999396412093363,0.02722620801729901,0.03158124729968371
GEO_LOCO,GSE13294+GSE13067+GSE18088+GSE26682,GSE39084,target_cohort_adaptive_zscore,svm_rbf,"C=10.0,gamma=0.01",0.11779439094585685,1.0,1.0,0.008066356025652038,0.9556251566186863,0.9215686274509804,1.0,0.8431372549019608,0.8,-2.7632401339170674,4.978522995439041,0.04738453619575386,0.04241745877053308
GEO_LOCO,GSE13294+GSE13067+GSE18088+GSE26682,GSE39084,target_cohort_adaptive_zscore,xgboost,"depth=2,lr=0.02,trees=600",0.36661896109580994,1.0,1.0,0.008472571149468422,0.9533904756250444,1.0,1.0,1.0,1.0,3.46549876554375,8.087421163859787,0.04007416043849308,0.02481757528357097
GEO_LOCO,GSE13294+GSE13067+GSE18088+GSE26682,GSE39084,single_sample_rank,elastic_net,"C=2.0,l1=0.8",0.9417197704315186,0.9852941176470589,0.9686085972850679,0.05721299350261688,0.6852584217729814,0.9375,0.875,1.0,0.9333333333333333,-2.0553945567152323,1.0086277745926318,0.07810867179316079,0.08122679277726297
GEO_LOCO,GSE13294+GSE13067+GSE18088+GSE26682,GSE39084,single_sample_rank,svm_rbf,"C=10.0,gamma=0.001",0.5465533626099542,0.9950980392156863,0.9875,0.030916453587629157,0.8299216174572704,0.96875,0.9375,1.0,0.967741935483871,-0.2117414470972753,3.2651206101606767,0.07872582597949156,0.07270196433492199
GEO_LOCO,GSE13294+GSE13067+GSE18088+GSE26682,GSE39084,single_sample_rank,xgboost,"depth=2,lr=0.02,trees=600",0.6994225382804871,1.0,1.0,0.031572505831718445,0.8263125261291862,0.96875,0.9375,1.0,0.967741935483871,-66.22347857230876,226.59080429881942,0.08308093300908377,0.08434679081190878
discovery_oof,TCGA_COAD,TCGA_COAD,single_sample_rank,compact_rank_20,20 stable genes,0.49341557382438045,0.996923753021314,0.9913004971144506,0.015821641735118123,0.9110010924150683,0.972972972972973,0.9459459459459459,1.0,0.9722222222222222,0.31746344827462375,1.416028923961357,0.009864739718509648,0.0071678969413268585
TCGA_to_GEO,TCGA_COAD,GSE13294,single_sample_rank,compact_rank_20,20 stable genes,0.49341557382438045,0.9597069597069597,0.9719182280372151,0.07459177440067194,0.701620482854455,0.9030969030969032,0.9230769230769231,0.8831168831168831,0.9056603773584906,-0.515625044957966,0.5385936617703239,0.05295713313406853,0.06036157799851008
TCGA_to_GEO,TCGA_COAD,GSE13067,single_sample_rank,compact_rank_20,20 stable genes,0.49341557382438045,1.0,1.0,0.03274117287894289,0.7412833150287284,0.9761904761904762,1.0,0.9523809523809523,0.88,-13.538833025634972,5.765533976705272,0.07753685042818594,0.08475425921858316
TCGA_to_GEO,TCGA_COAD,GSE18088,single_sample_rank,compact_rank_20,20 stable genes,0.49341557382438045,0.9736842105263157,0.9710861260478334,0.047947687887811744,0.791509202357797,0.9210526315789473,0.8421052631578947,1.0,0.9142857142857143,1.2926148713219503,0.7941188817284509,0.0423598461713273,0.052634289444899084
TCGA_to_GEO,TCGA_COAD,GSE26682,single_sample_rank,compact_rank_20,20 stable genes,0.49341557382438045,0.9831932773109244,0.9447606142728093,0.28720886424568637,-1.5166307997326274,0.7899159663865547,1.0,0.5798319327731093,0.4186046511627907,-5.562691708509137,0.689714107437072,0.3642156718930772,0.37828969161738435
TCGA_to_GEO,TCGA_COAD,GSE39084,single_sample_rank,compact_rank_20,20 stable genes,0.49341557382438045,0.9877450980392156,0.9683712121212121,0.04681236968933021,0.7424745986085743,0.875,0.75,1.0,0.8571428571428571,1.5391303548618642,1.2708024185009064,0.04345904208972015,0.054924326291619155
