design,held_out,cohort,sample_id,label,decision_score,probability,setting
GEO_LOCO,GSE13294,GSE13294,GSM335510,0,-0.6228861947184291,0.05658389311293882,"C=10.0,gamma=0.01"
GEO_LOCO,GSE13294,GSE13294,GSM335511,1,-0.20478373668477262,0.3715579150988685,"C=10.0,gamma=0.01"
GEO_LOCO,GSE13294,GSE13294,GSM335512,0,-0.32030406553648844,0.23607137397786573,"C=10.0,gamma=0.01"
GEO_LOCO,GSE13294,GSE13294,GSM335513,0,-0.7666372198374761,0.025723788645787986,"C=10.0,gamma=0.01"
GEO_LOCO,GSE13294,GSE13294,GSM335514,0,-0.8427168328626568,0.016877314505476294,"C=10.0,gamma=0.01"
GEO_LOCO,GSE13294,GSE13294,GSM335515,0,-0.49759413215458614,0.10334804176220933,"C=10.0,gamma=0.01"
GEO_LOCO,GSE13294,GSE13294,GSM335516,0,-1.0597395480080045,0.005052937901876882,"C=10.0,gamma=0.01"
GEO_LOCO,GSE13294,GSE13294,GSM335517,0,-0.9693793186967012,0.00835122113491211,"C=10.0,gamma=0.01"
GEO_LOCO,GSE13294,GSE13294,GSM335518,1,0.4086632755031918,0.9469515735765972,"C=10.0,gamma=0.01"
GEO_LOCO,GSE13294,GSE13294,GSM335519,1,0.208481135869477,0.8542288005854323,"C=10.0,gamma=0.01"
GEO_LOCO,GSE13294,GSE13294,GSM335520,0,-0.6190060534274291,0.05778403621026598,"C=10.0,gamma=0.01"
GEO_LOCO,GSE13294,GSE13294,GSM335521,0,-1.1550869792757252,0.0029732488557145864,"C=10.0,gamma=0.01"
GEO_LOCO,GSE13294,GSE13294,GSM335522,0,-0.6300517215786163,0.05442948950702066,"C=10.0,gamma=0.01"
GEO_LOCO,GSE13294,GSE13294,GSM335523,0,-0.8457498897579382,0.016595688987585122,"C=10.0,gamma=0.01"
GEO_LOCO,GSE13294,GSE13294,GSM335524,0,-0.8779474892694261,0.013879734222207677,"C=10.0,gamma=0.01"
GEO_LOCO,GSE13294,GSE13294,GSM335525,1,0.5316834573147666,0.972497889667136,"C=10.0,gamma=0.01"
GEO_LOCO,GSE13294,GSE13294,GSM335526,0,-0.9131024302285127,0.011417759640551596,"C=10.0,gamma=0.01"
GEO_LOCO,GSE13294,GSE13294,GSM335527,1,0.05642655393213844,0.7153134602146145,"C=10.0,gamma=0.01"
GEO_LOCO,GSE13294,GSE13294,GSM335528,0,-0.8895191254579089,0.013015888289142678,"C=10.0,gamma=0.01"
GEO_LOCO,GSE13294,GSE13294,GSM335529,1,-0.3501366804322718,0.2074620819596829,"C=10.0,gamma=0.01"
GEO_LOCO,GSE13294,GSE13294,GSM335530,1,0.7902092958784588,0.993328678046664,"C=10.0,gamma=0.01"
GEO_LOCO,GSE13294,GSE13294,GSM335531,0,-1.027578325239606,0.006042523789365248,"C=10.0,gamma=0.01"
GEO_LOCO,GSE13294,GSE13294,GSM335532,1,0.47307063632153046,0.9623075796363556,"C=10.0,gamma=0.01"
GEO_LOCO,GSE13294,GSE13294,GSM335533,0,-1.0246210132996898,0.006142714005790825,"C=10.0,gamma=0.01"
GEO_LOCO,GSE13294,GSE13294,GSM335534,0,-0.8985881547207438,0.012376503765572925,"C=10.0,gamma=0.01"
GEO_LOCO,GSE13294,GSE13294,GSM335535,0,-0.8787996642639982,0.013814213678618271,"C=10.0,gamma=0.01"
GEO_LOCO,GSE13294,GSE13294,GSM335536,0,-0.8568180418441572,0.01560708300035121,"C=10.0,gamma=0.01"
GEO_LOCO,GSE13294,GSE13294,GSM335537,0,-0.8232323378447498,0.018803305866612822,"C=10.0,gamma=0.01"
GEO_LOCO,GSE13294,GSE13294,GSM335538,0,-1.1162975360469942,0.0036891971547578393,"C=10.0,gamma=0.01"
GEO_LOCO,GSE13294,GSE13294,GSM335539,0,-1.0573633372640723,0.005120155527429359,"C=10.0,gamma=0.01"
GEO_LOCO,GSE13294,GSE13294,GSM335540,0,-1.0833859162413226,0.004430264672021918,"C=10.0,gamma=0.01"
GEO_LOCO,GSE13294,GSE13294,GSM335541,1,0.4155729240067807,0.9488471330373703,"C=10.0,gamma=0.01"
GEO_LOCO,GSE13294,GSE13294,GSM335542,1,0.6271546376547072,0.9836393857544183,"C=10.0,gamma=0.01"
GEO_LOCO,GSE13294,GSE13294,GSM335543,1,0.08116986777881305,0.742496754968666,"C=10.0,gamma=0.01"
GEO_LOCO,GSE13294,GSE13294,GSM335544,1,0.4869491800380339,0.9650071888432231,"C=10.0,gamma=0.01"
GEO_LOCO,GSE13294,GSE13294,GSM335545,1,0.18799499417433754,0.8394212881029232,"C=10.0,gamma=0.01"
GEO_LOCO,GSE13294,GSE13294,GSM335546,1,0.41683921928145384,0.9491875027014406,"C=10.0,gamma=0.01"
GEO_LOCO,GSE13294,GSE13294,GSM335547,0,-0.15209588946174923,0.4407076652638499,"C=10.0,gamma=0.01"
GEO_LOCO,GSE13294,GSE13294,GSM335548,0,-0.4124390832132837,0.15618850715987848,"C=10.0,gamma=0.01"
GEO_LOCO,GSE13294,GSE13294,GSM335549,0,-0.6017741122765393,0.06064837067337246,"C=10.0,gamma=0.01"
GEO_LOCO,GSE13294,GSE13294,GSM335550,0,-0.44589337584371314,0.13319906733234038,"C=10.0,gamma=0.01"
GEO_LOCO,GSE13294,GSE13294,GSM335551,1,0.3953494212215073,0.9431107101631498,"C=10.0,gamma=0.01"
GEO_LOCO,GSE13294,GSE13294,GSM335552,0,-0.33940768010107875,0.21744658429770553,"C=10.0,gamma=0.01"
GEO_LOCO,GSE13294,GSE13294,GSM335553,0,-0.3792510434130587,0.1820904875526108,"C=10.0,gamma=0.01"
GEO_LOCO,GSE13294,GSE13294,GSM335554,0,-0.6913360052270716,0.03895446633951482,"C=10.0,gamma=0.01"
GEO_LOCO,GSE13294,GSE13294,GSM335555,1,0.6161298195169652,0.9826230049035624,"C=10.0,gamma=0.01"
GEO_LOCO,GSE13294,GSE13294,GSM335556,0,-0.6170624067640994,0.05839423620372026,"C=10.0,gamma=0.01"
GEO_LOCO,GSE13294,GSE13294,GSM335557,0,-0.5198186117731486,0.09244034917021386,"C=10.0,gamma=0.01"
GEO_LOCO,GSE13294,GSE13294,GSM335558,0,-0.6864850576538819,0.04000502891396633,"C=10.0,gamma=0.01"
GEO_LOCO,GSE13294,GSE13294,GSM335559,1,0.4433575804170893,0.9558407185191928,"C=10.0,gamma=0.01"
GEO_LOCO,GSE13294,GSE13294,GSM335560,1,0.30144555707725096,0.9077181279094685,"C=10.0,gamma=0.01"
GEO_LOCO,GSE13294,GSE13294,GSM335561,0,-0.6153613424606297,0.05893327332197589,"C=10.0,gamma=0.01"
GEO_LOCO,GSE13294,GSE13294,GSM335562,1,0.17272875588222705,0.8276149863677621,"C=10.0,gamma=0.01"
GEO_LOCO,GSE13294,GSE13294,GSM335563,1,-0.09070905387299669,0.5256925090738958,"C=10.0,gamma=0.01"
GEO_LOCO,GSE13294,GSE13294,GSM335564,0,-0.5537419365382813,0.07777965954640229,"C=10.0,gamma=0.01"
GEO_LOCO,GSE13294,GSE13294,GSM335565,1,1.0847746538390284,0.9999948869067506,"C=10.0,gamma=0.01"
GEO_LOCO,GSE13294,GSE13294,GSM335566,1,0.5059039400861436,0.9683950654156015,"C=10.0,gamma=0.01"
GEO_LOCO,GSE13294,GSE13294,GSM335567,0,-0.6758397338484444,0.042407937128534745,"C=10.0,gamma=0.01"
GEO_LOCO,GSE13294,GSE13294,GSM335568,0,-0.9183962131340874,0.011086828757715663,"C=10.0,gamma=0.01"
GEO_LOCO,GSE13294,GSE13294,GSM335569,0,-0.6835078251490391,0.04066340180246001,"C=10.0,gamma=0.01"
GEO_LOCO,GSE13294,GSE13294,GSM335570,0,-0.09612367871680708,0.5181743028710273,"C=10.0,gamma=0.01"
GEO_LOCO,GSE13294,GSE13294,GSM335571,0,-0.5746976930612596,0.06981875912217753,"C=10.0,gamma=0.01"
GEO_LOCO,GSE13294,GSE13294,GSM335572,0,-0.7009327696308281,0.03695472855171593,"C=10.0,gamma=0.01"
GEO_LOCO,GSE13294,GSE13294,GSM335573,1,-0.44479220258066465,0.13390790159668814,"C=10.0,gamma=0.01"
GEO_LOCO,GSE13294,GSE13294,GSM335574,1,0.015437690121552078,0.6667044590000714,"C=10.0,gamma=0.01"
GEO_LOCO,GSE13294,GSE13294,GSM335575,0,-0.4689394092213043,0.11908066083582039,"C=10.0,gamma=0.01"
GEO_LOCO,GSE13294,GSE13294,GSM335576,1,0.36200616323556223,0.932315362380125,"C=10.0,gamma=0.01"
GEO_LOCO,GSE13294,GSE13294,GSM335577,1,0.26745295692643734,0.8905969101656227,"C=10.0,gamma=0.01"
GEO_LOCO,GSE13294,GSE13294,GSM335578,1,0.033120491003833435,0.6881926188057236,"C=10.0,gamma=0.01"
GEO_LOCO,GSE13294,GSE13294,GSM335579,0,-0.522065034118951,0.09139728872201625,"C=10.0,gamma=0.01"
GEO_LOCO,GSE13294,GSE13294,GSM335580,0,-0.5481418289432077,0.08004380658720517,"C=10.0,gamma=0.01"
GEO_LOCO,GSE13294,GSE13294,GSM335581,0,-0.47857226040764467,0.11357323980955616,"C=10.0,gamma=0.01"
GEO_LOCO,GSE13294,GSE13294,GSM335582,0,-0.6873422881504229,0.039817394832705987,"C=10.0,gamma=0.01"
GEO_LOCO,GSE13294,GSE13294,GSM335583,0,-0.6108025969972013,0.06040111688780063,"C=10.0,gamma=0.01"
GEO_LOCO,GSE13294,GSE13294,GSM335584,0,-0.5575755884237299,0.07626366735027942,"C=10.0,gamma=0.01"
GEO_LOCO,GSE13294,GSE13294,GSM335585,1,-0.007208382305223304,0.6413808534954161,"C=10.0,gamma=0.01"
GEO_LOCO,GSE13294,GSE13294,GSM335586,0,-0.6989747699871781,0.0373544218344494,"C=10.0,gamma=0.01"
GEO_LOCO,GSE13294,GSE13294,GSM335587,0,-0.5125222294397329,0.09590230246638416,"C=10.0,gamma=0.01"
GEO_LOCO,GSE13294,GSE13294,GSM335588,0,-0.8640611386416239,0.014992092509072713,"C=10.0,gamma=0.01"
GEO_LOCO,GSE13294,GSE13294,GSM335589,0,-0.6754064335535759,0.042508653966111906,"C=10.0,gamma=0.01"
GEO_LOCO,GSE13294,GSE13294,GSM335590,0,-0.7469268069110186,0.028683329333786253,"C=10.0,gamma=0.01"
GEO_LOCO,GSE13294,GSE13294,GSM335591,0,-0.8594864233512668,0.015377649686709486,"C=10.0,gamma=0.01"
GEO_LOCO,GSE13294,GSE13294,GSM335592,0,-0.5934984622637168,0.06332468833701636,"C=10.0,gamma=0.01"
GEO_LOCO,GSE13294,GSE13294,GSM335593,0,-0.5897862254440573,0.06456066071202259,"C=10.0,gamma=0.01"
GEO_LOCO,GSE13294,GSE13294,GSM335594,0,-0.6154260057752539,0.05891269698289533,"C=10.0,gamma=0.01"
GEO_LOCO,GSE13294,GSE13294,GSM335595,1,-0.08103086646872401,0.5391108804480442,"C=10.0,gamma=0.01"
GEO_LOCO,GSE13294,GSE13294,GSM335596,0,-0.4403291395533544,0.13681352298913615,"C=10.0,gamma=0.01"
GEO_LOCO,GSE13294,GSE13294,GSM335597,1,-0.11343367957048989,0.494108752920494,"C=10.0,gamma=0.01"
GEO_LOCO,GSE13294,GSE13294,GSM335598,0,-0.5653287190830976,0.07328031697659522,"C=10.0,gamma=0.01"
GEO_LOCO,GSE13294,GSE13294,GSM335599,0,-0.53666293226809,0.08487374435094931,"C=10.0,gamma=0.01"
GEO_LOCO,GSE13294,GSE13294,GSM335600,0,-0.5149114082937356,0.09475612004023258,"C=10.0,gamma=0.01"
GEO_LOCO,GSE13294,GSE13294,GSM335601,0,-0.6009713955486642,0.06090326150684225,"C=10.0,gamma=0.01"
GEO_LOCO,GSE13294,GSE13294,GSM335602,0,-0.535488360579331,0.08538261216080563,"C=10.0,gamma=0.01"
GEO_LOCO,GSE13294,GSE13294,GSM335603,0,-0.5417189102064877,0.08271459344793047,"C=10.0,gamma=0.01"
GEO_LOCO,GSE13294,GSE13294,GSM335604,0,-0.5468139583900912,0.08058942733157883,"C=10.0,gamma=0.01"
GEO_LOCO,GSE13294,GSE13294,GSM335605,0,-0.8680849343848976,0.014660932866967772,"C=10.0,gamma=0.01"
GEO_LOCO,GSE13294,GSE13294,GSM335606,0,-0.6873201574863286,0.03982222809620194,"C=10.0,gamma=0.01"
GEO_LOCO,GSE13294,GSE13294,GSM335607,0,-0.640969158542679,0.05129661840236803,"C=10.0,gamma=0.01"
GEO_LOCO,GSE13294,GSE13294,GSM335608,0,-0.2813354554156394,0.27736560826647216,"C=10.0,gamma=0.01"
GEO_LOCO,GSE13294,GSE13294,GSM335609,0,-0.5745469160762088,0.06987325003851248,"C=10.0,gamma=0.01"
GEO_LOCO,GSE13294,GSE13294,GSM335610,0,-0.6286588877126776,0.05484205912724201,"C=10.0,gamma=0.01"
GEO_LOCO,GSE13294,GSE13294,GSM335611,0,-0.780473431189677,0.023828573366311154,"C=10.0,gamma=0.01"
GEO_LOCO,GSE13294,GSE13294,GSM335612,0,-0.8655626437501936,0.014867655815873078,"C=10.0,gamma=0.01"
GEO_LOCO,GSE13294,GSE13294,GSM335613,0,-0.7869518959451623,0.022989340051250917,"C=10.0,gamma=0.01"
GEO_LOCO,GSE13294,GSE13294,GSM335614,1,0.43261317604882965,0.9532514820536526,"C=10.0,gamma=0.01"
GEO_LOCO,GSE13294,GSE13294,GSM335615,0,-0.5723565576415532,0.07066929500702426,"C=10.0,gamma=0.01"
GEO_LOCO,GSE13294,GSE13294,GSM335616,0,-0.6141541674697488,0.05931865352183189,"C=10.0,gamma=0.01"
GEO_LOCO,GSE13294,GSE13294,GSM335617,0,-0.7125330196408316,0.03467106391880682,"C=10.0,gamma=0.01"
GEO_LOCO,GSE13294,GSE13294,GSM335618,1,-0.21891113290617759,0.35419009845108035,"C=10.0,gamma=0.01"
GEO_LOCO,GSE13294,GSE13294,GSM335619,1,0.36531147827591726,0.9334652654427147,"C=10.0,gamma=0.01"
GEO_LOCO,GSE13294,GSE13294,GSM335620,1,-0.1370978697514174,0.4612928799049346,"C=10.0,gamma=0.01"
GEO_LOCO,GSE13294,GSE13294,GSM335621,1,0.23559073577933556,0.8720614568268777,"C=10.0,gamma=0.01"
GEO_LOCO,GSE13294,GSE13294,GSM335622,1,0.21934710907785218,0.8616126920420234,"C=10.0,gamma=0.01"
GEO_LOCO,GSE13294,GSE13294,GSM335623,1,0.11435829881254736,0.7762028278741271,"C=10.0,gamma=0.01"
GEO_LOCO,GSE13294,GSE13294,GSM335624,1,-0.06671254173788152,0.5589140480585713,"C=10.0,gamma=0.01"
GEO_LOCO,GSE13294,GSE13294,GSM335625,1,-0.08313758022019635,0.5361923327845168,"C=10.0,gamma=0.01"
GEO_LOCO,GSE13294,GSE13294,GSM335626,1,-0.14025384266736363,0.456941694023833,"C=10.0,gamma=0.01"
GEO_LOCO,GSE13294,GSE13294,GSM335627,1,0.06083192016424013,0.7202776658086529,"C=10.0,gamma=0.01"
GEO_LOCO,GSE13294,GSE13294,GSM335628,1,-0.05457840737628464,0.5756640344204915,"C=10.0,gamma=0.01"
GEO_LOCO,GSE13294,GSE13294,GSM335629,1,0.34142743205823844,0.9247311430374677,"C=10.0,gamma=0.01"
GEO_LOCO,GSE13294,GSE13294,GSM335630,1,0.2801126257760902,0.8972790314472421,"C=10.0,gamma=0.01"
GEO_LOCO,GSE13294,GSE13294,GSM335631,1,-0.8469256599562013,0.016487778165896395,"C=10.0,gamma=0.01"
GEO_LOCO,GSE13294,GSE13294,GSM335632,1,0.5673927220540154,0.9773371580500014,"C=10.0,gamma=0.01"
GEO_LOCO,GSE13294,GSE13294,GSM335633,1,0.10165366397439926,0.7636803707673961,"C=10.0,gamma=0.01"
GEO_LOCO,GSE13294,GSE13294,GSM335634,1,0.07354969626900157,0.7343080505674567,"C=10.0,gamma=0.01"
GEO_LOCO,GSE13294,GSE13294,GSM335635,1,-0.028654797521507236,0.6114880455896575,"C=10.0,gamma=0.01"
GEO_LOCO,GSE13294,GSE13294,GSM335636,1,-0.46424107405124754,0.12184973795631962,"C=10.0,gamma=0.01"
GEO_LOCO,GSE13294,GSE13294,GSM335637,1,-0.14720429237116675,0.4473936133605973,"C=10.0,gamma=0.01"
GEO_LOCO,GSE13294,GSE13294,GSM335638,1,-0.0060973475644374164,0.642939952570524,"C=10.0,gamma=0.01"
GEO_LOCO,GSE13294,GSE13294,GSM335639,1,-0.005068201662118688,0.6443852026110904,"C=10.0,gamma=0.01"
GEO_LOCO,GSE13294,GSE13294,GSM335640,1,0.6106525454418565,0.9820952546107237,"C=10.0,gamma=0.01"
GEO_LOCO,GSE13294,GSE13294,GSM335641,1,0.5708587181276304,0.9777600411097386,"C=10.0,gamma=0.01"
GEO_LOCO,GSE13294,GSE13294,GSM335642,1,-0.10071261633133907,0.5117975639177792,"C=10.0,gamma=0.01"
GEO_LOCO,GSE13294,GSE13294,GSM335643,1,0.056178129487569756,0.7150319490252892,"C=10.0,gamma=0.01"
GEO_LOCO,GSE13294,GSE13294,GSM335644,1,0.1479725403772402,0.8070347919290163,"C=10.0,gamma=0.01"
GEO_LOCO,GSE13294,GSE13294,GSM335645,1,0.5455460292646119,0.9744854235301448,"C=10.0,gamma=0.01"
GEO_LOCO,GSE13294,GSE13294,GSM335646,1,-0.11031042235070372,0.5,"C=10.0,gamma=0.01"
GEO_LOCO,GSE13294,GSE13294,GSM335647,1,-0.12355927114089614,0.4800386893980357,"C=10.0,gamma=0.01"
GEO_LOCO,GSE13294,GSE13294,GSM335648,1,-0.34526056280047324,0.2119573543486197,"C=10.0,gamma=0.01"
GEO_LOCO,GSE13294,GSE13294,GSM335649,1,-0.027499972489557156,0.6130894612241755,"C=10.0,gamma=0.01"
GEO_LOCO,GSE13294,GSE13294,GSM335650,1,-0.03210834359098666,0.606703130179414,"C=10.0,gamma=0.01"
GEO_LOCO,GSE13294,GSE13294,GSM335651,1,-0.7764398625601868,0.024366334797445655,"C=10.0,gamma=0.01"
GEO_LOCO,GSE13294,GSE13294,GSM335652,1,-0.03159313255751195,0.6074165853435849,"C=10.0,gamma=0.01"
GEO_LOCO,GSE13294,GSE13294,GSM335653,1,0.27423302744907896,0.8942220751553211,"C=10.0,gamma=0.01"
GEO_LOCO,GSE13294,GSE13294,GSM335654,1,0.09091401930227669,0.7527256024422843,"C=10.0,gamma=0.01"
GEO_LOCO,GSE13294,GSE13294,GSM335655,1,0.5990261148684206,0.9809223744705688,"C=10.0,gamma=0.01"
GEO_LOCO,GSE13294,GSE13294,GSM335656,1,0.158350796685736,0.8158804031061583,"C=10.0,gamma=0.01"
GEO_LOCO,GSE13294,GSE13294,GSM335657,1,0.34026300658117603,0.9242793634865841,"C=10.0,gamma=0.01"
GEO_LOCO,GSE13294,GSE13294,GSM335658,1,0.20453960904333587,0.8514706020806582,"C=10.0,gamma=0.01"
GEO_LOCO,GSE13294,GSE13294,GSM335659,1,-0.12933849514507983,0.4720235807700305,"C=10.0,gamma=0.01"
GEO_LOCO,GSE13294,GSE13294,GSM335660,1,0.2021079670629979,0.8497475875129273,"C=10.0,gamma=0.01"
GEO_LOCO,GSE13294,GSE13294,GSM335661,1,-0.08249267142994834,0.5370858998602609,"C=10.0,gamma=0.01"
GEO_LOCO,GSE13294,GSE13294,GSM335662,1,0.40032249201664105,0.9445750443036305,"C=10.0,gamma=0.01"
GEO_LOCO,GSE13294,GSE13294,GSM335663,1,-0.0056299203675666265,0.6435962420860458,"C=10.0,gamma=0.01"
GEO_LOCO,GSE13294,GSE13294,GSM335664,1,0.08238885761013551,0.7437913308498687,"C=10.0,gamma=0.01"
GEO_LOCO,GSE13067,GSE13067,GSM327282,1,2.4441646088384124,0.9999976761540958,"C=10.0,gamma=0.001"
GEO_LOCO,GSE13067,GSE13067,GSM327283,0,-1.7473696130536507,0.004593251241238666,"C=10.0,gamma=0.001"
GEO_LOCO,GSE13067,GSE13067,GSM327284,0,-2.037153846719086,0.0019465959176986172,"C=10.0,gamma=0.001"
GEO_LOCO,GSE13067,GSE13067,GSM327285,0,-1.5320784677127157,0.008690238823963938,"C=10.0,gamma=0.001"
GEO_LOCO,GSE13067,GSE13067,GSM327286,0,-1.4879465028014758,0.009903101202838712,"C=10.0,gamma=0.001"
GEO_LOCO,GSE13067,GSE13067,GSM327287,0,-0.8643208359802412,0.06179874835678979,"C=10.0,gamma=0.001"
GEO_LOCO,GSE13067,GSE13067,GSM327288,1,1.390203092103168,0.980419362824701,"C=10.0,gamma=0.001"
GEO_LOCO,GSE13067,GSE13067,GSM327289,0,-0.6535871487961014,0.1050499840299263,"C=10.0,gamma=0.001"
GEO_LOCO,GSE13067,GSE13067,GSM327290,0,-0.9265516579254958,0.05165079630230234,"C=10.0,gamma=0.001"
GEO_LOCO,GSE13067,GSE13067,GSM327291,0,-1.6363672460657137,0.006381331179221831,"C=10.0,gamma=0.001"
GEO_LOCO,GSE13067,GSE13067,GSM327292,0,-1.2348997025732886,0.02092558999572874,"C=10.0,gamma=0.001"
GEO_LOCO,GSE13067,GSE13067,GSM327293,0,-0.6645458052077922,0.10203632757679168,"C=10.0,gamma=0.001"
GEO_LOCO,GSE13067,GSE13067,GSM327294,0,-1.6936223724727448,0.00538595690295802,"C=10.0,gamma=0.001"
GEO_LOCO,GSE13067,GSE13067,GSM327295,0,-1.4429492553131973,0.011313808200360738,"C=10.0,gamma=0.001"
GEO_LOCO,GSE13067,GSE13067,GSM327296,0,-0.27536184246135015,0.26469593888903264,"C=10.0,gamma=0.001"
GEO_LOCO,GSE13067,GSE13067,GSM327297,0,-1.4970781300260125,0.009638998483420536,"C=10.0,gamma=0.001"
GEO_LOCO,GSE13067,GSE13067,GSM327298,0,-1.0141091172793766,0.04003718023424388,"C=10.0,gamma=0.001"
GEO_LOCO,GSE13067,GSE13067,GSM327299,0,-1.2160018100447194,0.022125312752689714,"C=10.0,gamma=0.001"
GEO_LOCO,GSE13067,GSE13067,GSM327300,0,0.3920538254340478,0.7222729480309352,"C=10.0,gamma=0.001"
GEO_LOCO,GSE13067,GSE13067,GSM327301,0,-0.8221213710898088,0.0665038597741226,"C=10.0,gamma=0.001"
GEO_LOCO,GSE13067,GSE13067,GSM327302,0,-0.28991962412001454,0.2563865706120257,"C=10.0,gamma=0.001"
GEO_LOCO,GSE13067,GSE13067,GSM327303,0,-0.8579926816308179,0.060202032980593484,"C=10.0,gamma=0.001"
GEO_LOCO,GSE13067,GSE13067,GSM327304,0,-1.465799043612791,0.010574033842080457,"C=10.0,gamma=0.001"
GEO_LOCO,GSE13067,GSE13067,GSM327305,0,-0.888371304875681,0.0576711582103925,"C=10.0,gamma=0.001"
GEO_LOCO,GSE13067,GSE13067,GSM327306,0,-0.8061873145357599,0.06949540875599963,"C=10.0,gamma=0.001"
GEO_LOCO,GSE13067,GSE13067,GSM327307,0,-0.7829146568609004,0.07408890197251795,"C=10.0,gamma=0.001"
GEO_LOCO,GSE13067,GSE13067,GSM327308,0,-0.7946023480577511,0.0717481124517316,"C=10.0,gamma=0.001"
GEO_LOCO,GSE13067,GSE13067,GSM327309,1,0.4383420963487124,0.7489325725902745,"C=10.0,gamma=0.001"
GEO_LOCO,GSE13067,GSE13067,GSM327310,1,2.997776330844248,0.9999999126675954,"C=10.0,gamma=0.001"
GEO_LOCO,GSE13067,GSE13067,GSM327311,1,2.702728271702332,0.9999994981335907,"C=10.0,gamma=0.001"
GEO_LOCO,GSE13067,GSE13067,GSM327312,0,-1.303500790092868,0.01708850608128373,"C=10.0,gamma=0.001"
GEO_LOCO,GSE13067,GSE13067,GSM327313,1,2.0853543645671047,0.9974593380943608,"C=10.0,gamma=0.001"
GEO_LOCO,GSE13067,GSE13067,GSM327314,0,-1.193850176474532,0.023618614953860192,"C=10.0,gamma=0.001"
GEO_LOCO,GSE13067,GSE13067,GSM327315,0,-0.8226132180680454,0.06641344749236727,"C=10.0,gamma=0.001"
GEO_LOCO,GSE13067,GSE13067,GSM327316,0,-1.3486120703380917,0.014955408457823878,"C=10.0,gamma=0.001"
GEO_LOCO,GSE13067,GSE13067,GSM327317,0,-1.1560665234124923,0.026399264724047185,"C=10.0,gamma=0.001"
GEO_LOCO,GSE13067,GSE13067,GSM327318,0,-1.079567284531752,0.03305504280359876,"C=10.0,gamma=0.001"
GEO_LOCO,GSE13067,GSE13067,GSM327319,0,-0.936341763952079,0.050206536477150884,"C=10.0,gamma=0.001"
GEO_LOCO,GSE13067,GSE13067,GSM327320,0,-2.5155856925822375,0.00047169202871694344,"C=10.0,gamma=0.001"
GEO_LOCO,GSE13067,GSE13067,GSM327321,0,-1.641309034530604,0.0062886135752211175,"C=10.0,gamma=0.001"
GEO_LOCO,GSE13067,GSE13067,GSM327322,0,-0.13821920862632892,0.3530924996582206,"C=10.0,gamma=0.001"
GEO_LOCO,GSE13067,GSE13067,GSM327323,0,-1.3677741820395173,0.014131592076015876,"C=10.0,gamma=0.001"
GEO_LOCO,GSE13067,GSE13067,GSM327324,1,1.3634671141658339,0.9788402281109877,"C=10.0,gamma=0.001"
GEO_LOCO,GSE13067,GSE13067,GSM327325,1,2.0267856349131086,0.9969793500966863,"C=10.0,gamma=0.001"
GEO_LOCO,GSE13067,GSE13067,GSM327326,0,-1.1831038068496509,0.024378585817256666,"C=10.0,gamma=0.001"
GEO_LOCO,GSE13067,GSE13067,GSM327327,0,-1.0249614764853197,0.038787479346956234,"C=10.0,gamma=0.001"
GEO_LOCO,GSE13067,GSE13067,GSM327328,0,-0.9583157906492976,0.04710462721711666,"C=10.0,gamma=0.001"
GEO_LOCO,GSE13067,GSE13067,GSM327329,0,-1.2228479031308972,0.021683012539145535,"C=10.0,gamma=0.001"
GEO_LOCO,GSE13067,GSE13067,GSM327330,0,-1.16593217744606,0.025643446718641785,"C=10.0,gamma=0.001"
GEO_LOCO,GSE13067,GSE13067,GSM327331,1,0.6913080233031383,0.8633706817889826,"C=10.0,gamma=0.001"
GEO_LOCO,GSE13067,GSE13067,GSM327332,0,-1.3327962277831127,0.01567126178370482,"C=10.0,gamma=0.001"
GEO_LOCO,GSE13067,GSE13067,GSM327333,0,-0.680361309481557,0.09782220178204486,"C=10.0,gamma=0.001"
GEO_LOCO,GSE13067,GSE13067,GSM327334,0,-0.31984051803602415,0.23985288214614905,"C=10.0,gamma=0.001"
GEO_LOCO,GSE13067,GSE13067,GSM327335,0,-1.298119006063684,0.017362397117531105,"C=10.0,gamma=0.001"
GEO_LOCO,GSE13067,GSE13067,GSM327336,0,-1.2440034155302693,0.020370901581442984,"C=10.0,gamma=0.001"
GEO_LOCO,GSE13067,GSE13067,GSM327337,0,-1.3150238746666756,0.016516437647619623,"C=10.0,gamma=0.001"
GEO_LOCO,GSE13067,GSE13067,GSM327338,0,-1.4185606660506538,0.012160441925804679,"C=10.0,gamma=0.001"
GEO_LOCO,GSE13067,GSE13067,GSM327339,0,-0.7171743949085891,0.08860948635247592,"C=10.0,gamma=0.001"
GEO_LOCO,GSE13067,GSE13067,GSM327340,0,-0.7577994113921265,0.07935819980703539,"C=10.0,gamma=0.001"
GEO_LOCO,GSE13067,GSE13067,GSM327341,0,-2.4513197653520917,0.0005706277291990333,"C=10.0,gamma=0.001"
GEO_LOCO,GSE13067,GSE13067,GSM327342,0,-0.6280057861069264,0.11239202063028149,"C=10.0,gamma=0.001"
GEO_LOCO,GSE13067,GSE13067,GSM327343,0,-0.9190381813876809,0.05278607038301573,"C=10.0,gamma=0.001"
GEO_LOCO,GSE13067,GSE13067,GSM327344,0,-1.1635519704229755,0.025823816402945118,"C=10.0,gamma=0.001"
GEO_LOCO,GSE13067,GSE13067,GSM327345,0,1.0503731954203366,0.9482176690810802,"C=10.0,gamma=0.001"
GEO_LOCO,GSE13067,GSE13067,GSM327346,0,-1.075102653495249,0.033490774905447995,"C=10.0,gamma=0.001"
GEO_LOCO,GSE13067,GSE13067,GSM327347,0,-1.0447448549105893,0.03660644585251198,"C=10.0,gamma=0.001"
GEO_LOCO,GSE13067,GSE13067,GSM327348,0,-0.855737510075532,0.06058118553061601,"C=10.0,gamma=0.001"
GEO_LOCO,GSE13067,GSE13067,GSM327349,0,-1.7723574632427332,0.004265531497542019,"C=10.0,gamma=0.001"
GEO_LOCO,GSE13067,GSE13067,GSM327350,0,-0.41791037735467,0.19091854479363127,"C=10.0,gamma=0.001"
GEO_LOCO,GSE13067,GSE13067,GSM327351,0,-0.9340522905768667,0.05054077876127914,"C=10.0,gamma=0.001"
GEO_LOCO,GSE13067,GSE13067,GSM327352,1,2.7658388160214207,0.9999996547431711,"C=10.0,gamma=0.001"
GEO_LOCO,GSE13067,GSE13067,GSM327353,1,1.8534549049161806,0.9949621113889737,"C=10.0,gamma=0.001"
GEO_LOCO,GSE13067,GSE13067,GSM327354,0,-1.635626505533921,0.00639534614619352,"C=10.0,gamma=0.001"
GEO_LOCO,GSE13067,GSE13067,GSM327355,0,-1.510912034949692,0.00925223076870843,"C=10.0,gamma=0.001"
GEO_LOCO,GSE18088,GSE18088,GSM452148,1,0.05684701516974283,0.46045646091064407,"C=1.0,gamma=0.001"
GEO_LOCO,GSE18088,GSE18088,GSM452149,0,-1.507760512045317,0.0073385326225816686,"C=1.0,gamma=0.001"
GEO_LOCO,GSE18088,GSE18088,GSM452150,0,-1.9430123986230932,0.0019550097407979336,"C=1.0,gamma=0.001"
GEO_LOCO,GSE18088,GSE18088,GSM452151,0,-0.9379250900278734,0.04116655366947559,"C=1.0,gamma=0.001"
GEO_LOCO,GSE18088,GSE18088,GSM452152,0,-1.5009811780132853,0.007491239585087439,"C=1.0,gamma=0.001"
GEO_LOCO,GSE18088,GSE18088,GSM452153,1,0.5369968738002074,0.7860049689979096,"C=1.0,gamma=0.001"
GEO_LOCO,GSE18088,GSE18088,GSM452154,0,-1.4071028235352963,0.009962984745958348,"C=1.0,gamma=0.001"
GEO_LOCO,GSE18088,GSE18088,GSM452155,0,-1.2342024245394272,0.01683635977864218,"C=1.0,gamma=0.001"
GEO_LOCO,GSE18088,GSE18088,GSM452156,0,-1.3731472438743137,0.011045001216198063,"C=1.0,gamma=0.001"
GEO_LOCO,GSE18088,GSE18088,GSM452157,1,1.656394123578015,0.9910176599665702,"C=1.0,gamma=0.001"
GEO_LOCO,GSE18088,GSE18088,GSM452158,0,-0.7961097540413191,0.060017763682551205,"C=1.0,gamma=0.001"
GEO_LOCO,GSE18088,GSE18088,GSM452159,1,0.9350689081649877,0.925018291016226,"C=1.0,gamma=0.001"
GEO_LOCO,GSE18088,GSE18088,GSM452160,0,-1.790165424402729,0.0031110464623351902,"C=1.0,gamma=0.001"
GEO_LOCO,GSE18088,GSE18088,GSM452161,0,-1.479823662942524,0.007988532034312521,"C=1.0,gamma=0.001"
GEO_LOCO,GSE18088,GSE18088,GSM452162,0,-0.3347061351152893,0.20607666506936886,"C=1.0,gamma=0.001"
GEO_LOCO,GSE18088,GSE18088,GSM452163,1,1.308401114859508,0.9745709365263474,"C=1.0,gamma=0.001"
GEO_LOCO,GSE18088,GSE18088,GSM452164,0,-1.5511057627454186,0.0064330442122142,"C=1.0,gamma=0.001"
GEO_LOCO,GSE18088,GSE18088,GSM452165,0,-1.1711039920438424,0.020383184752745122,"C=1.0,gamma=0.001"
GEO_LOCO,GSE18088,GSE18088,GSM452166,0,-1.8474407614238217,0.0026139941498613917,"C=1.0,gamma=0.001"
GEO_LOCO,GSE18088,GSE18088,GSM452167,0,-1.4378611353878918,0.00907447885292384,"C=1.0,gamma=0.001"
GEO_LOCO,GSE18088,GSE18088,GSM452168,1,1.2138452005097693,0.9663965665548848,"C=1.0,gamma=0.001"
GEO_LOCO,GSE18088,GSE18088,GSM452169,1,1.1750361196521184,0.9623523556042286,"C=1.0,gamma=0.001"
GEO_LOCO,GSE18088,GSE18088,GSM452170,0,-1.6443363827113897,0.004845993877144035,"C=1.0,gamma=0.001"
GEO_LOCO,GSE18088,GSE18088,GSM452171,0,-1.79328742422026,0.003081666234300154,"C=1.0,gamma=0.001"
GEO_LOCO,GSE18088,GSE18088,GSM452172,0,-0.5805536106517095,0.10948469962010624,"C=1.0,gamma=0.001"
GEO_LOCO,GSE18088,GSE18088,GSM452173,1,0.6674302646118423,0.8452950838426397,"C=1.0,gamma=0.001"
GEO_LOCO,GSE18088,GSE18088,GSM452174,1,1.1595328075274374,0.9606094245948749,"C=1.0,gamma=0.001"
GEO_LOCO,GSE18088,GSE18088,GSM452175,1,1.152240621144413,0.9597631183208164,"C=1.0,gamma=0.001"
GEO_LOCO,GSE18088,GSE18088,GSM452176,0,-1.6768839160727633,0.004389616115038677,"C=1.0,gamma=0.001"
GEO_LOCO,GSE18088,GSE18088,GSM452177,0,-1.4758846035247402,0.008084693895223488,"C=1.0,gamma=0.001"
GEO_LOCO,GSE18088,GSE18088,GSM452178,0,-1.880268070755261,0.0023657704899070417,"C=1.0,gamma=0.001"
GEO_LOCO,GSE18088,GSE18088,GSM452179,1,1.6609752456988738,0.9911407533954346,"C=1.0,gamma=0.001"
GEO_LOCO,GSE18088,GSE18088,GSM452180,1,1.49166065900475,0.9852674930059332,"C=1.0,gamma=0.001"
GEO_LOCO,GSE18088,GSE18088,GSM452181,0,-1.8094751967044773,0.0029337179918849823,"C=1.0,gamma=0.001"
GEO_LOCO,GSE18088,GSE18088,GSM452182,1,0.8808856556729306,0.9127705235019143,"C=1.0,gamma=0.001"
GEO_LOCO,GSE18088,GSE18088,GSM452183,1,1.2318983700339976,0.9681319819425882,"C=1.0,gamma=0.001"
GEO_LOCO,GSE18088,GSE18088,GSM452184,1,0.5029108136521306,0.7680501355017308,"C=1.0,gamma=0.001"
GEO_LOCO,GSE18088,GSE18088,GSM452185,0,-0.8347433955659934,0.05597529240501724,"C=1.0,gamma=0.001"
GEO_LOCO,GSE18088,GSE18088,GSM452186,0,-1.1651527150350773,0.02075377247433829,"C=1.0,gamma=0.001"
GEO_LOCO,GSE18088,GSE18088,GSM452187,0,-1.880539978743671,0.0023638161195813005,"C=1.0,gamma=0.001"
GEO_LOCO,GSE18088,GSE18088,GSM452188,1,1.3345086454646213,0.9764639699389686,"C=1.0,gamma=0.001"
GEO_LOCO,GSE18088,GSE18088,GSM452189,1,1.2489872513939564,0.9696947299269087,"C=1.0,gamma=0.001"
GEO_LOCO,GSE18088,GSE18088,GSM452190,0,0.0317158032021721,0.44160758383759874,"C=1.0,gamma=0.001"
GEO_LOCO,GSE18088,GSE18088,GSM452191,0,-1.1939948607079554,0.01901798197607417,"C=1.0,gamma=0.001"
GEO_LOCO,GSE18088,GSE18088,GSM452192,0,-1.7812658813913662,0.003196343509663279,"C=1.0,gamma=0.001"
GEO_LOCO,GSE18088,GSE18088,GSM452193,0,-1.0307427047656534,0.031148881685126282,"C=1.0,gamma=0.001"
GEO_LOCO,GSE18088,GSE18088,GSM452194,0,-1.5194619504928029,0.007082233518812032,"C=1.0,gamma=0.001"
GEO_LOCO,GSE18088,GSE18088,GSM452195,0,-1.3548647590346505,0.011675354689796079,"C=1.0,gamma=0.001"
GEO_LOCO,GSE18088,GSE18088,GSM452196,0,-1.5426559764063583,0.006600339728741705,"C=1.0,gamma=0.001"
GEO_LOCO,GSE18088,GSE18088,GSM452197,1,1.0020792565856946,0.9379673295300587,"C=1.0,gamma=0.001"
GEO_LOCO,GSE18088,GSE18088,GSM452198,0,-1.4946674329040088,0.0076363122911081585,"C=1.0,gamma=0.001"
GEO_LOCO,GSE18088,GSE18088,GSM452199,0,-1.4074258188428228,0.009953217518842072,"C=1.0,gamma=0.001"
GEO_LOCO,GSE18088,GSE18088,GSM452200,1,-1.6064765126940925,0.005436857226642464,"C=1.0,gamma=0.001"
GEO_LOCO,GSE26682,GSE26682,GSM656542,0,0.04127735731855359,0.5,"C=10.0,gamma=0.001"
GEO_LOCO,GSE26682,GSE26682,GSM656543,0,0.022620592500684752,0.4901327846382876,"C=10.0,gamma=0.001"
GEO_LOCO,GSE26682,GSE26682,GSM656545,1,0.5080724258402416,0.781075323260446,"C=10.0,gamma=0.001"
GEO_LOCO,GSE26682,GSE26682,GSM656546,0,-0.06909343594807014,0.4288556664701512,"C=10.0,gamma=0.001"
GEO_LOCO,GSE26682,GSE26682,GSM656548,0,0.03709358483731883,0.5,"C=10.0,gamma=0.001"
GEO_LOCO,GSE26682,GSE26682,GSM656550,0,0.06307808759691404,0.5174463345821354,"C=10.0,gamma=0.001"
GEO_LOCO,GSE26682,GSE26682,GSM656552,0,0.016113097285751082,0.4857410611586469,"C=10.0,gamma=0.001"
GEO_LOCO,GSE26682,GSE26682,GSM656553,0,-0.07784753284312358,0.42313147845081683,"C=10.0,gamma=0.001"
GEO_LOCO,GSE26682,GSE26682,GSM656555,0,0.05944478387563444,0.5149949773304051,"C=10.0,gamma=0.001"
GEO_LOCO,GSE26682,GSE26682,GSM656556,0,0.06148208220269022,0.5163696008109779,"C=10.0,gamma=0.001"
GEO_LOCO,GSE26682,GSE26682,GSM656557,0,0.07438502147682668,0.5250705715730203,"C=10.0,gamma=0.001"
GEO_LOCO,GSE26682,GSE26682,GSM656558,0,-0.09020848566084176,0.4151056522854403,"C=10.0,gamma=0.001"
GEO_LOCO,GSE26682,GSE26682,GSM656559,1,0.07044755694221995,0.5224163762470766,"C=10.0,gamma=0.001"
GEO_LOCO,GSE26682,GSE26682,GSM656560,0,0.05504357814340182,0.5120247466183354,"C=10.0,gamma=0.001"
GEO_LOCO,GSE26682,GSE26682,GSM656561,0,0.057144761617248935,0.5134428658293156,"C=10.0,gamma=0.001"
GEO_LOCO,GSE26682,GSE26682,GSM656567,0,0.010635148345772519,0.4820460989980012,"C=10.0,gamma=0.001"
GEO_LOCO,GSE26682,GSE26682,GSM656568,0,0.03492943353282063,0.5,"C=10.0,gamma=0.001"
GEO_LOCO,GSE26682,GSE26682,GSM656569,0,0.062377665509705305,0.5169738149929493,"C=10.0,gamma=0.001"
GEO_LOCO,GSE26682,GSE26682,GSM656570,0,0.056966251039653006,0.5133223932359063,"C=10.0,gamma=0.001"
GEO_LOCO,GSE26682,GSE26682,GSM656574,0,0.04672876594253193,0.5064115068474974,"C=10.0,gamma=0.001"
GEO_LOCO,GSE26682,GSE26682,GSM656580,0,-0.04950794819601294,0.4417684361499986,"C=10.0,gamma=0.001"
GEO_LOCO,GSE26682,GSE26682,GSM656582,0,0.05744726868936054,0.5136470177703643,"C=10.0,gamma=0.001"
GEO_LOCO,GSE26682,GSE26682,GSM656583,1,0.09968782940574475,0.5421025370411584,"C=10.0,gamma=0.001"
GEO_LOCO,GSE26682,GSE26682,GSM656584,0,0.0013293390861406768,0.47577489771854004,"C=10.0,gamma=0.001"
GEO_LOCO,GSE26682,GSE26682,GSM656585,0,0.06306006547852952,0.5174341767819861,"C=10.0,gamma=0.001"
GEO_LOCO,GSE26682,GSE26682,GSM656586,0,0.07063609743323351,0.522543490105065,"C=10.0,gamma=0.001"
GEO_LOCO,GSE26682,GSE26682,GSM656587,0,0.08853966406257305,0.5346038177576964,"C=10.0,gamma=0.001"
GEO_LOCO,GSE26682,GSE26682,GSM656590,1,0.07673547331395032,0.5266545272705996,"C=10.0,gamma=0.001"
GEO_LOCO,GSE26682,GSE26682,GSM656592,0,0.03789426938258086,0.5,"C=10.0,gamma=0.001"
GEO_LOCO,GSE26682,GSE26682,GSM656596,0,0.05199913095484878,0.5099697173887862,"C=10.0,gamma=0.001"
GEO_LOCO,GSE26682,GSE26682,GSM656598,0,0.042147213316954486,0.5,"C=10.0,gamma=0.001"
GEO_LOCO,GSE26682,GSE26682,GSM656601,0,0.05356886706672884,0.5110293434890808,"C=10.0,gamma=0.001"
GEO_LOCO,GSE26682,GSE26682,GSM656603,1,0.09306499985918679,0.5376487874243719,"C=10.0,gamma=0.001"
GEO_LOCO,GSE26682,GSE26682,GSM656612,1,0.4869666541804628,0.7711640917816364,"C=10.0,gamma=0.001"
GEO_LOCO,GSE26682,GSE26682,GSM656613,0,0.06547022866460585,0.5190599374433622,"C=10.0,gamma=0.001"
GEO_LOCO,GSE26682,GSE26682,GSM656617,0,-0.0058695122499887314,0.47093005187810355,"C=10.0,gamma=0.001"
GEO_LOCO,GSE26682,GSE26682,GSM656618,0,0.030327165200522657,0.5,"C=10.0,gamma=0.001"
GEO_LOCO,GSE26682,GSE26682,GSM656625,0,0.1212296189062518,0.5565691262894352,"C=10.0,gamma=0.001"
GEO_LOCO,GSE26682,GSE26682,GSM656634,0,0.08756216235916216,0.5339458981417621,"C=10.0,gamma=0.001"
GEO_LOCO,GSE26682,GSE26682,GSM656635,0,-0.34412771777641804,0.26305606858277236,"C=10.0,gamma=0.001"
GEO_LOCO,GSE26682,GSE26682,GSM656636,0,0.04312919916099869,0.5,"C=10.0,gamma=0.001"
GEO_LOCO,GSE26682,GSE26682,GSM656639,0,0.022717766027403517,0.4901983792574722,"C=10.0,gamma=0.001"
GEO_LOCO,GSE26682,GSE26682,GSM656640,0,0.052508459032267876,0.5103135403848889,"C=10.0,gamma=0.001"
GEO_LOCO,GSE26682,GSE26682,GSM656642,0,0.03233229501151527,0.5,"C=10.0,gamma=0.001"
GEO_LOCO,GSE26682,GSE26682,GSM656644,0,0.01595937365402715,0.4856373449345813,"C=10.0,gamma=0.001"
GEO_LOCO,GSE26682,GSE26682,GSM656657,0,-0.06758285384922814,0.4298465672759398,"C=10.0,gamma=0.001"
GEO_LOCO,GSE26682,GSE26682,GSM656662,0,0.03621511884524161,0.5,"C=10.0,gamma=0.001"
GEO_LOCO,GSE26682,GSE26682,GSM656663,0,0.028711315837003246,0.494244799369872,"C=10.0,gamma=0.001"
GEO_LOCO,GSE26682,GSE26682,GSM656669,1,1.0332501792023303,0.9365529923317565,"C=10.0,gamma=0.001"
GEO_LOCO,GSE26682,GSE26682,GSM656672,0,-0.2374280753334268,0.32258336603616966,"C=10.0,gamma=0.001"
GEO_LOCO,GSE26682,GSE26682,GSM656675,0,0.06522896937757579,0.5188972109791942,"C=10.0,gamma=0.001"
GEO_LOCO,GSE26682,GSE26682,GSM656676,0,0.04644556141165228,0.5062202858309094,"C=10.0,gamma=0.001"
GEO_LOCO,GSE26682,GSE26682,GSM656678,0,0.019627248568640246,0.48811239984233,"C=10.0,gamma=0.001"
GEO_LOCO,GSE26682,GSE26682,GSM656679,1,0.18769694767441153,0.601132310959431,"C=10.0,gamma=0.001"
GEO_LOCO,GSE26682,GSE26682,GSM656683,0,0.06334204773130364,0.5176244013971653,"C=10.0,gamma=0.001"
GEO_LOCO,GSE26682,GSE26682,GSM656687,0,0.07509619316738524,0.5255498626021455,"C=10.0,gamma=0.001"
GEO_LOCO,GSE26682,GSE26682,GSM656691,0,0.0640749228629328,0.51811877871776,"C=10.0,gamma=0.001"
GEO_LOCO,GSE26682,GSE26682,GSM656692,0,-0.08522171706039618,0.4183351240538846,"C=10.0,gamma=0.001"
GEO_LOCO,GSE26682,GSE26682,GSM656693,0,0.06105936770361525,0.5160843990069839,"C=10.0,gamma=0.001"
GEO_LOCO,GSE26682,GSE26682,GSM656695,0,0.06310602391284666,0.5174651805116148,"C=10.0,gamma=0.001"
GEO_LOCO,GSE26682,GSE26682,GSM656698,0,-0.024128998812882593,0.45867686391190604,"C=10.0,gamma=0.001"
GEO_LOCO,GSE26682,GSE26682,GSM656699,0,0.05440155609303645,0.5115914030637216,"C=10.0,gamma=0.001"
GEO_LOCO,GSE26682,GSE26682,GSM656700,0,0.05822746724895404,0.5141735302360527,"C=10.0,gamma=0.001"
GEO_LOCO,GSE26682,GSE26682,GSM656701,0,0.013628202662116243,0.4840647039302083,"C=10.0,gamma=0.001"
GEO_LOCO,GSE26682,GSE26682,GSM656702,0,0.04748346555272848,0.5069210749671955,"C=10.0,gamma=0.001"
GEO_LOCO,GSE26682,GSE26682,GSM656703,0,0.06216415291902866,0.5168297701051843,"C=10.0,gamma=0.001"
GEO_LOCO,GSE26682,GSE26682,GSM656704,0,0.0588376047740066,0.5145852600074767,"C=10.0,gamma=0.001"
GEO_LOCO,GSE26682,GSE26682,GSM656705,0,0.07258706836033407,0.5238587099140963,"C=10.0,gamma=0.001"
GEO_LOCO,GSE26682,GSE26682,GSM656707,0,-0.3362815939746852,0.2671852907471338,"C=10.0,gamma=0.001"
GEO_LOCO,GSE26682,GSE26682,GSM656710,0,4.6286810399517875e-05,0.4749109378810282,"C=10.0,gamma=0.001"
GEO_LOCO,GSE26682,GSE26682,GSM656711,0,0.05823657522936851,0.5141796765523741,"C=10.0,gamma=0.001"
GEO_LOCO,GSE26682,GSE26682,GSM656714,0,-0.033921035296273674,0.4521332298426633,"C=10.0,gamma=0.001"
GEO_LOCO,GSE26682,GSE26682,GSM656715,0,0.07843014832587167,0.527796340724,"C=10.0,gamma=0.001"
GEO_LOCO,GSE26682,GSE26682,GSM656720,0,0.0022848789823262244,0.47641844240230996,"C=10.0,gamma=0.001"
GEO_LOCO,GSE26682,GSE26682,GSM656721,0,-0.13152853898230726,0.3888402677973169,"C=10.0,gamma=0.001"
GEO_LOCO,GSE26682,GSE26682,GSM656726,0,0.07453160258055891,0.5251693618363473,"C=10.0,gamma=0.001"
GEO_LOCO,GSE26682,GSE26682,GSM656732,0,0.057570385645562425,0.5137301042219856,"C=10.0,gamma=0.001"
GEO_LOCO,GSE26682,GSE26682,GSM656735,0,0.044722330427831414,0.5050567177595373,"C=10.0,gamma=0.001"
GEO_LOCO,GSE26682,GSE26682,GSM656736,1,0.08023813374768085,0.5290142930541881,"C=10.0,gamma=0.001"
GEO_LOCO,GSE26682,GSE26682,GSM656737,0,-0.05147751760496043,0.44046388276768633,"C=10.0,gamma=0.001"
GEO_LOCO,GSE26682,GSE26682,GSM656739,0,0.05471747633430961,0.5118046406232251,"C=10.0,gamma=0.001"
GEO_LOCO,GSE26682,GSE26682,GSM656742,0,-0.024465832721485156,0.45845141314010823,"C=10.0,gamma=0.001"
GEO_LOCO,GSE26682,GSE26682,GSM656749,0,-0.4453023448603272,0.21358676006825875,"C=10.0,gamma=0.001"
GEO_LOCO,GSE26682,GSE26682,GSM656768,0,0.057640064717975434,0.5137771274167253,"C=10.0,gamma=0.001"
GEO_LOCO,GSE26682,GSE26682,GSM656769,0,0.04729198789891835,0.5067917917493322,"C=10.0,gamma=0.001"
GEO_LOCO,GSE26682,GSE26682,GSM656770,0,-0.005958611353078416,0.4708701299286984,"C=10.0,gamma=0.001"
GEO_LOCO,GSE26682,GSE26682,GSM656772,0,0.008777961796831213,0.480793905189132,"C=10.0,gamma=0.001"
GEO_LOCO,GSE26682,GSE26682,GSM656775,0,0.035939792813623014,0.5,"C=10.0,gamma=0.001"
GEO_LOCO,GSE26682,GSE26682,GSM656776,0,-0.006714985247354921,0.4703614892775934,"C=10.0,gamma=0.001"
GEO_LOCO,GSE26682,GSE26682,GSM656777,0,0.0574863772263593,0.5136734105438104,"C=10.0,gamma=0.001"
GEO_LOCO,GSE26682,GSE26682,GSM656783,0,0.055267938965705476,0.5121761791187465,"C=10.0,gamma=0.001"
GEO_LOCO,GSE26682,GSE26682,GSM656785,0,0.004854596126585661,0.4781495960554864,"C=10.0,gamma=0.001"
GEO_LOCO,GSE26682,GSE26682,GSM656787,0,0.045560701103263615,0.5056228134184124,"C=10.0,gamma=0.001"
GEO_LOCO,GSE26682,GSE26682,GSM656794,0,0.038821462364657465,0.5,"C=10.0,gamma=0.001"
GEO_LOCO,GSE26682,GSE26682,GSM656800,0,0.04690550123125044,0.5065308384635957,"C=10.0,gamma=0.001"
GEO_LOCO,GSE26682,GSE26682,GSM656803,0,0.03319775964494705,0.5,"C=10.0,gamma=0.001"
GEO_LOCO,GSE26682,GSE26682,GSM656804,0,0.018680805709664253,0.4874736775193011,"C=10.0,gamma=0.001"
GEO_LOCO,GSE26682,GSE26682,GSM656806,0,0.05835754282706797,0.5142613084877481,"C=10.0,gamma=0.001"
GEO_LOCO,GSE26682,GSE26682,GSM656809,0,0.06492563424324066,0.518692610782609,"C=10.0,gamma=0.001"
GEO_LOCO,GSE26682,GSE26682,GSM656811,0,0.06678458850905242,0.5199464028964605,"C=10.0,gamma=0.001"
GEO_LOCO,GSE26682,GSE26682,GSM656816,0,0.09644821290428054,0.5399243249613933,"C=10.0,gamma=0.001"
GEO_LOCO,GSE26682,GSE26682,GSM656819,0,0.03343013491794953,0.5,"C=10.0,gamma=0.001"
GEO_LOCO,GSE26682,GSE26682,GSM656820,1,0.21986362857165065,0.6227939593575501,"C=10.0,gamma=0.001"
GEO_LOCO,GSE26682,GSE26682,GSM656822,0,0.0808558398118695,0.5294303624299559,"C=10.0,gamma=0.001"
GEO_LOCO,GSE26682,GSE26682,GSM656824,0,0.0650431015110342,0.5187718432756627,"C=10.0,gamma=0.001"
GEO_LOCO,GSE26682,GSE26682,GSM656825,0,0.059803208949275516,0.5152368306985967,"C=10.0,gamma=0.001"
GEO_LOCO,GSE26682,GSE26682,GSM656830,0,-0.0017779126010578766,0.47368292047816757,"C=10.0,gamma=0.001"
GEO_LOCO,GSE26682,GSE26682,GSM656831,0,0.06492503004661754,0.518692203245907,"C=10.0,gamma=0.001"
GEO_LOCO,GSE26682,GSE26682,GSM656832,0,0.0394539191674236,0.5,"C=10.0,gamma=0.001"
GEO_LOCO,GSE26682,GSE26682,GSM656833,0,-0.03387351762401804,0.4521649289989618,"C=10.0,gamma=0.001"
GEO_LOCO,GSE26682,GSE26682,GSM656834,0,0.05566942615941281,0.5124471584470851,"C=10.0,gamma=0.001"
GEO_LOCO,GSE26682,GSE26682,GSM656836,0,5.6353789835331125e-05,0.47491771587819465,"C=10.0,gamma=0.001"
GEO_LOCO,GSE26682,GSE26682,GSM656837,1,0.08979837652160975,0.53545091234485,"C=10.0,gamma=0.001"
GEO_LOCO,GSE26682,GSE26682,GSM656840,0,0.04809937466584406,0.5073369229623966,"C=10.0,gamma=0.001"
GEO_LOCO,GSE26682,GSE26682,GSM656841,0,-0.059446608771801815,0.43519871418342726,"C=10.0,gamma=0.001"
GEO_LOCO,GSE26682,GSE26682,GSM656842,1,0.3054424268473116,0.6735954084586289,"C=10.0,gamma=0.001"
GEO_LOCO,GSE26682,GSE26682,GSM656843,0,-0.007939109723185983,0.46953847144393024,"C=10.0,gamma=0.001"
GEO_LOCO,GSE26682,GSE26682,GSM656845,0,0.07176733402498899,0.5233061250553528,"C=10.0,gamma=0.001"
GEO_LOCO,GSE26682,GSE26682,GSM656846,0,0.02551162835978485,0.4920844577994052,"C=10.0,gamma=0.001"
GEO_LOCO,GSE26682,GSE26682,GSM656847,0,0.025491960102955888,0.49207117923151183,"C=10.0,gamma=0.001"
GEO_LOCO,GSE26682,GSE26682,GSM656849,1,0.09019103335341826,0.53571514201092,"C=10.0,gamma=0.001"
GEO_LOCO,GSE26682,GSE26682,GSM656850,1,-0.001229769979212425,0.4740518780540166,"C=10.0,gamma=0.001"
GEO_LOCO,GSE26682,GSE26682,GSM656851,1,0.4040073679680372,0.7292350777132923,"C=10.0,gamma=0.001"
GEO_LOCO,GSE26682,GSE26682,GSM656853,0,0.04859476003291747,0.507671389351825,"C=10.0,gamma=0.001"
GEO_LOCO,GSE26682,GSE26682,GSM656854,1,0.10754215233091047,0.5473805694173175,"C=10.0,gamma=0.001"
GEO_LOCO,GSE26682,GSE26682,GSM656857,0,0.020904324140659312,0.4889743244769722,"C=10.0,gamma=0.001"
GEO_LOCO,GSE26682,GSE26682,GSM656858,0,0.038351962782791654,0.5,"C=10.0,gamma=0.001"
GEO_LOCO,GSE26682,GSE26682,GSM656859,0,0.04564161220125108,0.5056774465822883,"C=10.0,gamma=0.001"
GEO_LOCO,GSE26682,GSE26682,GSM656860,0,0.05095809046774898,0.509266935348607,"C=10.0,gamma=0.001"
GEO_LOCO,GSE26682,GSE26682,GSM656861,0,0.05217621196531623,0.5100892572495674,"C=10.0,gamma=0.001"
GEO_LOCO,GSE26682,GSE26682,GSM656863,0,-0.03823085179247954,0.4492605568994833,"C=10.0,gamma=0.001"
GEO_LOCO,GSE26682,GSE26682,GSM656864,1,0.5937789388581558,0.818133390007661,"C=10.0,gamma=0.001"
GEO_LOCO,GSE26682,GSE26682,GSM656865,1,0.05668045348688515,0.513129512501372,"C=10.0,gamma=0.001"
GEO_LOCO,GSE26682,GSE26682,GSM656867,0,0.046585905873578456,0.5063150472775148,"C=10.0,gamma=0.001"
GEO_LOCO,GSE26682,GSE26682,GSM656868,0,-0.02359279607272989,0.4590358061600659,"C=10.0,gamma=0.001"
GEO_LOCO,GSE26682,GSE26682,GSM656869,0,0.023486259396059694,0.49071714497882074,"C=10.0,gamma=0.001"
GEO_LOCO,GSE26682,GSE26682,GSM656870,0,-0.025149401647015443,0.4579939587237037,"C=10.0,gamma=0.001"
GEO_LOCO,GSE39084,GSE39084,GSM955440,0,-0.9582370874890482,0.05709538366686295,"C=10.0,gamma=0.001"
GEO_LOCO,GSE39084,GSE39084,GSM955441,0,-1.1805742275241833,0.032304968661038255,"C=10.0,gamma=0.001"
GEO_LOCO,GSE39084,GSE39084,GSM955442,0,-0.19780221707979417,0.2959159395345125,"C=10.0,gamma=0.001"
GEO_LOCO,GSE39084,GSE39084,GSM955443,0,-0.9617077805685141,0.05659534659892951,"C=10.0,gamma=0.001"
GEO_LOCO,GSE39084,GSE39084,GSM955444,0,-0.21920848230823142,0.28442830403061725,"C=10.0,gamma=0.001"
GEO_LOCO,GSE39084,GSE39084,GSM955445,0,-1.3138032076721309,0.02288468001079237,"C=10.0,gamma=0.001"
GEO_LOCO,GSE39084,GSE39084,GSM955446,0,-1.8963854863632175,0.005026928548210113,"C=10.0,gamma=0.001"
GEO_LOCO,GSE39084,GSE39084,GSM955447,1,-0.13594912698308081,0.33387550513092995,"C=10.0,gamma=0.001"
GEO_LOCO,GSE39084,GSE39084,GSM955448,1,1.3529040501686105,0.9598739156573723,"C=10.0,gamma=0.001"
GEO_LOCO,GSE39084,GSE39084,GSM955449,0,-0.5951472330436622,0.1298616951823546,"C=10.0,gamma=0.001"
GEO_LOCO,GSE39084,GSE39084,GSM955450,0,-1.158479512622162,0.034199761515487447,"C=10.0,gamma=0.001"
GEO_LOCO,GSE39084,GSE39084,GSM955451,0,-1.4116392081879165,0.01775235291031533,"C=10.0,gamma=0.001"
GEO_LOCO,GSE39084,GSE39084,GSM955452,0,-0.4487977505456502,0.17933796164305735,"C=10.0,gamma=0.001"
GEO_LOCO,GSE39084,GSE39084,GSM955453,0,-1.7366657126640301,0.007620411163555936,"C=10.0,gamma=0.001"
GEO_LOCO,GSE39084,GSE39084,GSM955455,0,-0.5018831869183902,0.15987428185888863,"C=10.0,gamma=0.001"
GEO_LOCO,GSE39084,GSE39084,GSM955456,0,-1.12941913454014,0.03685842965484922,"C=10.0,gamma=0.001"
GEO_LOCO,GSE39084,GSE39084,GSM955457,0,-1.1173388439275456,0.03802213024411995,"C=10.0,gamma=0.001"
GEO_LOCO,GSE39084,GSE39084,GSM955458,1,1.5250666669528752,0.9739904469681028,"C=10.0,gamma=0.001"
GEO_LOCO,GSE39084,GSE39084,GSM955459,1,1.193386391822391,0.9404561605017941,"C=10.0,gamma=0.001"
GEO_LOCO,GSE39084,GSE39084,GSM955460,1,1.488956056185262,0.971499524479046,"C=10.0,gamma=0.001"
GEO_LOCO,GSE39084,GSE39084,GSM955461,1,0.4390084980394857,0.6883712642005922,"C=10.0,gamma=0.001"
GEO_LOCO,GSE39084,GSE39084,GSM955462,0,-0.26449702073962444,0.26103255693595295,"C=10.0,gamma=0.001"
GEO_LOCO,GSE39084,GSE39084,GSM955463,0,-1.1815162085405422,0.032226518306327424,"C=10.0,gamma=0.001"
GEO_LOCO,GSE39084,GSE39084,GSM955464,0,-0.1325601053431551,0.33572244315416333,"C=10.0,gamma=0.001"
GEO_LOCO,GSE39084,GSE39084,GSM955466,1,1.1749750491788309,0.9377155906434725,"C=10.0,gamma=0.001"
GEO_LOCO,GSE39084,GSE39084,GSM955467,1,1.6263986765999612,0.9799015606330549,"C=10.0,gamma=0.001"
GEO_LOCO,GSE39084,GSE39084,GSM955468,1,1.5852018358317725,0.977676184282524,"C=10.0,gamma=0.001"
GEO_LOCO,GSE39084,GSE39084,GSM955469,1,1.1648043363208231,0.9361515047574193,"C=10.0,gamma=0.001"
GEO_LOCO,GSE39084,GSE39084,GSM955470,1,1.9619358464933996,0.9915144793607752,"C=10.0,gamma=0.001"
GEO_LOCO,GSE39084,GSE39084,GSM955471,1,1.9286062610673345,0.9907518156564116,"C=10.0,gamma=0.001"
GEO_LOCO,GSE39084,GSE39084,GSM955472,1,1.9523260842064591,0.9913012164850833,"C=10.0,gamma=0.001"
GEO_LOCO,GSE39084,GSE39084,GSM955473,1,1.8182116633417362,0.9877079562067033,"C=10.0,gamma=0.001"
GEO_LOCO,GSE39084,GSE39084,GSM955474,0,-0.8873553131557237,0.06515628070418415,"C=10.0,gamma=0.001"
GEO_LOCO,GSE39084,GSE39084,GSM955475,0,-1.6287025204745802,0.01009395777579884,"C=10.0,gamma=0.001"
GEO_LOCO,GSE39084,GSE39084,GSM955476,0,-1.4700980659567218,0.01525007774112919,"C=10.0,gamma=0.001"
GEO_LOCO,GSE39084,GSE39084,GSM955477,0,-0.35558335317604306,0.21789912172512513,"C=10.0,gamma=0.001"
GEO_LOCO,GSE39084,GSE39084,GSM955478,0,-0.6327371054269662,0.11918923444264651,"C=10.0,gamma=0.001"
GEO_LOCO,GSE39084,GSE39084,GSM955479,0,-0.10427439753086953,0.35141384844396256,"C=10.0,gamma=0.001"
GEO_LOCO,GSE39084,GSE39084,GSM955480,0,-1.5600641935776796,0.012068232178874002,"C=10.0,gamma=0.001"
GEO_LOCO,GSE39084,GSE39084,GSM955482,0,-0.16771814259025208,0.31250538622431184,"C=10.0,gamma=0.001"
GEO_LOCO,GSE39084,GSE39084,GSM955483,0,-0.4121126412422338,0.1938399870763259,"C=10.0,gamma=0.001"
GEO_LOCO,GSE39084,GSE39084,GSM955484,0,-0.43621227447049793,0.18421527976871305,"C=10.0,gamma=0.001"
GEO_LOCO,GSE39084,GSE39084,GSM955485,0,-0.6174566881739707,0.12343306180191943,"C=10.0,gamma=0.001"
GEO_LOCO,GSE39084,GSE39084,GSM955486,0,-0.8686144482476237,0.06819466869643262,"C=10.0,gamma=0.001"
GEO_LOCO,GSE39084,GSE39084,GSM955487,0,-0.2404436462131716,0.2733021193602332,"C=10.0,gamma=0.001"
GEO_LOCO,GSE39084,GSE39084,GSM955488,0,0.017582361238367428,0.4244036433850766,"C=10.0,gamma=0.001"
GEO_LOCO,GSE39084,GSE39084,GSM955489,0,-0.7937111204992913,0.08169163931054785,"C=10.0,gamma=0.001"
GEO_LOCO,GSE39084,GSE39084,GSM955490,0,-0.8355036017967457,0.07388555598479297,"C=10.0,gamma=0.001"
GEO_LOCO,GSE39084,GSE39084,GSM955491,0,-0.9405008625032873,0.05971668117704944,"C=10.0,gamma=0.001"
GEO_LOCO,GSE39084,GSE39084,GSM955492,0,-1.2199840628743377,0.029177929984813986,"C=10.0,gamma=0.001"
GEO_LOCO,GSE39084,GSE39084,GSM955493,0,-1.577552203783166,0.011531346691151717,"C=10.0,gamma=0.001"
GEO_LOCO,GSE39084,GSE39084,GSM955494,0,-0.3200984881620996,0.23406669428750795,"C=10.0,gamma=0.001"
GEO_LOCO,GSE39084,GSE39084,GSM955495,0,0.06834832018501236,0.4568047663424579,"C=10.0,gamma=0.001"
GEO_LOCO,GSE39084,GSE39084,GSM955496,0,-0.9399138837993355,0.059805346527436354,"C=10.0,gamma=0.001"
GEO_LOCO,GSE39084,GSE39084,GSM955497,0,-1.105544419138451,0.03919283034490404,"C=10.0,gamma=0.001"
GEO_LOCO,GSE39084,GSE39084,GSM955498,0,-1.6814179240012972,0.008799502424993265,"C=10.0,gamma=0.001"
GEO_LOCO,GSE39084,GSE39084,GSM955499,0,-1.1062695293562033,0.039119854603437594,"C=10.0,gamma=0.001"
GEO_LOCO,GSE39084,GSE39084,GSM955500,0,-0.19268547549795367,0.29870133819564837,"C=10.0,gamma=0.001"
GEO_LOCO,GSE39084,GSE39084,GSM955501,0,-0.5903146674460167,0.1312912332872591,"C=10.0,gamma=0.001"
GEO_LOCO,GSE39084,GSE39084,GSM955502,0,-1.3731570987305133,0.01961826841345599,"C=10.0,gamma=0.001"
GEO_LOCO,GSE39084,GSE39084,GSM955503,0,-1.3800088749885997,0.019272341864605972,"C=10.0,gamma=0.001"
GEO_LOCO,GSE39084,GSE39084,GSM955504,0,-1.8928522096327416,0.005073411754085114,"C=10.0,gamma=0.001"
GEO_LOCO,GSE39084,GSE39084,GSM955505,0,-1.4589394764238637,0.0156989568568473,"C=10.0,gamma=0.001"
GEO_LOCO,GSE39084,GSE39084,GSM955506,0,-1.6509152252222996,0.009526823165201955,"C=10.0,gamma=0.001"
GEO_LOCO,GSE39084,GSE39084,GSM955507,0,-1.6213306313874376,0.010289527497666267,"C=10.0,gamma=0.001"
GEO_LOCO,GSE39084,GSE39084,GSM955508,1,2.479506374178741,0.9999851585044051,"C=10.0,gamma=0.001"
GEO_LOCO,GSE39084,GSE39084,GSM955509,1,0.617403708077924,0.7785871227840004,"C=10.0,gamma=0.001"
