gene,cohort,median_msi_minus_mss,median_rank_msi_minus_mss
MLH1,TCGA_COAD,-1.6242634057998657,-0.21076354384422302
TGFBR2,TCGA_COAD,-0.923464298248291,-0.13255566358566284
MBP,TCGA_COAD,0.9219903945922852,0.118416428565979
QPRT,TCGA_COAD,-4.1785993576049805,-0.5699010491371155
FECH,TCGA_COAD,1.0311119556427002,0.15500178933143616
GLYR1,TCGA_COAD,-0.5569262504577637,-0.08236122131347656
TCF7,TCGA_COAD,-1.4533360004425049,-0.19980555772781372
TPO,TCGA_COAD,0.3074325621128082,0.05112230032682419
GFI1,TCGA_COAD,1.5671948194503784,0.15570871531963348
RAB32,TCGA_COAD,-1.7557024955749512,-0.1489925980567932
KDSR,TCGA_COAD,0.943885326385498,0.12575113773345947
MSH4,TCGA_COAD,0.5305353999137878,0.07962176948785782
HPSE,TCGA_COAD,1.483396053314209,0.19370803236961365
ZMYND8,TCGA_COAD,-1.2133116722106934,-0.21164721250534058
MAPRE3,TCGA_COAD,-1.304344892501831,-0.20970308780670166
ZCCHC2,TCGA_COAD,0.8606669902801514,0.09296569228172302
CXCL14,TCGA_COAD,-2.5791478157043457,-0.17788970470428467
ATP9A,TCGA_COAD,-1.5011048316955566,-0.18928951025009155
NUBPL,TCGA_COAD,-0.9364116191864014,-0.11178860068321228
IHH,TCGA_COAD,-2.0750045776367188,-0.2016613483428955
MLH1,GSE13294,-1.933992862701416,-0.2526952624320984
TGFBR2,GSE13294,-0.9398303031921387,-0.15668082237243652
MBP,GSE13294,0.1164708137512207,0.011134684085845947
QPRT,GSE13294,-3.208982467651367,-0.46248674392700195
FECH,GSE13294,0.7607531547546387,0.11161187291145325
GLYR1,GSE13294,-0.2188258171081543,-0.03172498941421509
TCF7,GSE13294,-1.051313877105713,-0.1675061583518982
TPO,GSE13294,-0.15841436386108398,-0.004551079124212265
GFI1,GSE13294,2.521350622177124,0.3001060485839844
RAB32,GSE13294,-0.9318203926086426,-0.13838815689086914
KDSR,GSE13294,0.506859302520752,0.06026861071586609
MSH4,GSE13294,1.6988072395324707,0.16900849342346191
HPSE,GSE13294,1.4074597358703613,0.22039592266082764
ZMYND8,GSE13294,-0.802513599395752,-0.13467657566070557
MAPRE3,GSE13294,-0.6724779605865479,-0.054789669811725616
ZCCHC2,GSE13294,0.7774763107299805,0.11183279752731323
CXCL14,GSE13294,-1.790299892425537,-0.29356658458709717
ATP9A,GSE13294,-1.323228359222412,-0.18018734455108643
NUBPL,GSE13294,-1.0513725280761719,-0.17651993036270142
IHH,GSE13294,-1.0176801681518555,-0.16551780700683594
MLH1,GSE13067,-1.932967185974121,-0.26608341932296753
TGFBR2,GSE13067,-1.1052145957946777,-0.18875932693481445
MBP,GSE13067,0.21234536170959473,0.026069283485412598
QPRT,GSE13067,-2.800279140472412,-0.4760516285896301
FECH,GSE13067,0.41788339614868164,0.08077061176300049
GLYR1,GSE13067,-0.2293243408203125,-0.04056203365325928
TCF7,GSE13067,-1.3094749450683594,-0.23948392271995544
TPO,GSE13067,0.5501368045806885,0.016436904668807983
GFI1,GSE13067,1.5713632106781006,0.17002473771572113
RAB32,GSE13067,-0.7342095375061035,-0.1335277557373047
KDSR,GSE13067,0.5800552368164062,0.10065394639968872
MSH4,GSE13067,1.2703955173492432,0.1627783626317978
HPSE,GSE13067,1.0148520469665527,0.17886176705360413
ZMYND8,GSE13067,-0.6084966659545898,-0.11567693948745728
MAPRE3,GSE13067,-0.7045580148696899,-0.039855074137449265
ZCCHC2,GSE13067,0.8277711868286133,0.1335277557373047
CXCL14,GSE13067,-2.879483938217163,-0.49204665422439575
ATP9A,GSE13067,-1.4787178039550781,-0.2523859739303589
NUBPL,GSE13067,-1.1676535606384277,-0.20484274625778198
IHH,GSE13067,-1.0798635482788086,-0.20007067918777466
MLH1,GSE18088,-1.065906047821045,-0.18407565355300903
TGFBR2,GSE18088,-0.6081018447875977,-0.11541181802749634
MBP,GSE18088,0.17695999145507812,0.05527573823928833
QPRT,GSE18088,-1.9406938552856445,-0.445387065410614
FECH,GSE18088,0.2976255416870117,0.09981441497802734
GLYR1,GSE18088,-0.1297001838684082,-0.04131317138671875
TCF7,GSE18088,-0.4136972427368164,-0.09053552150726318
TPO,GSE18088,-0.0014624595642089844,0.01029515266418457
GFI1,GSE18088,0.30819272994995117,0.08161011338233948
RAB32,GSE18088,-0.5898318290710449,-0.190261572599411
KDSR,GSE18088,0.14837646484375,0.05001768469810486
MSH4,GSE18088,0.17564606666564941,0.018292682245373726
HPSE,GSE18088,0.9777135848999023,0.3250265121459961
ZMYND8,GSE18088,-0.5765252113342285,-0.1807175874710083
MAPRE3,GSE18088,-0.11561059951782227,-0.0460851788520813
ZCCHC2,GSE18088,0.2874746322631836,0.10966771841049194
CXCL14,GSE18088,-2.128392219543457,-0.5113997459411621
ATP9A,GSE18088,-0.9206075668334961,-0.22530043125152588
NUBPL,GSE18088,-1.0271987915039062,-0.271120548248291
IHH,GSE18088,-0.7081899642944336,-0.1940615177154541
MLH1,GSE26682,-1.9916400909423828,-0.3531282842159271
TGFBR2,GSE26682,-1.1762123107910156,-0.2321491539478302
MBP,GSE26682,0.0618896484375,0.014757871627807617
QPRT,GSE26682,-3.1508865356445312,-0.6004329919815063
FECH,GSE26682,0.824005126953125,0.16291087865829468
GLYR1,GSE26682,-0.18894386291503906,-0.039324820041656494
TCF7,GSE26682,-0.6501655578613281,-0.12994873523712158
TPO,GSE26682,0.1789250373840332,0.03658536076545715
GFI1,GSE26682,1.1677231788635254,0.2397269457578659
RAB32,GSE26682,-1.4763221740722656,-0.28528186678886414
KDSR,GSE26682,0.25420475006103516,0.04303634166717529
MSH4,GSE26682,0.6429872512817383,0.12462443113327026
HPSE,GSE26682,1.263249397277832,0.2455815076828003
ZMYND8,GSE26682,-0.6478271484375,-0.13162779808044434
MAPRE3,GSE26682,-0.40463924407958984,-0.061417460441589355
ZCCHC2,GSE26682,0.7091732025146484,0.13129639625549316
CXCL14,GSE26682,-3.6250877380371094,-0.5266436338424683
ATP9A,GSE26682,-1.510298728942871,-0.28587839007377625
NUBPL,GSE26682,-0.5552091598510742,-0.11443972587585449
IHH,GSE26682,-1.21038818359375,-0.2371641993522644
MLH1,GSE39084,-0.7590303421020508,-0.10524922609329224
TGFBR2,GSE39084,-0.7442302703857422,-0.12310004234313965
MBP,GSE39084,0.00362396240234375,-0.001811593770980835
QPRT,GSE39084,-1.825967788696289,-0.3491516709327698
FECH,GSE39084,0.5947861671447754,0.11024215817451477
GLYR1,GSE39084,-0.2039933204650879,-0.053552448749542236
TCF7,GSE39084,-0.5036482810974121,-0.09526336193084717
TPO,GSE39084,-0.0275421142578125,8.837506175041199e-05
GFI1,GSE39084,0.51898193359375,0.07043126225471497
RAB32,GSE39084,-0.39315176010131836,-0.0916401743888855
KDSR,GSE39084,0.5324344635009766,0.11055141687393188
MSH4,GSE39084,0.4683520793914795,0.035834215581417084
HPSE,GSE39084,0.7775344848632812,0.15217390656471252
ZMYND8,GSE39084,-0.4602055549621582,-0.11134672164916992
MAPRE3,GSE39084,-0.36811304092407227,-0.06451043486595154
ZCCHC2,GSE39084,0.4007387161254883,0.0677359402179718
CXCL14,GSE39084,-1.315751075744629,-0.18199896812438965
ATP9A,GSE39084,-1.0573186874389648,-0.17643165588378906
NUBPL,GSE39084,-0.9896411895751953,-0.22304701805114746
IHH,GSE39084,-0.6750955581665039,-0.12654650211334229
