bootstrap,threshold,setting,n_total,n_inbag_unique,n_oob,oob_msi,oob_mss,sample_unit,fit_oob_overlap,balanced_accuracy_GSE13294,balanced_accuracy_GSE13067,balanced_accuracy_GSE18088,balanced_accuracy_GSE26682,balanced_accuracy_GSE39084
0,0.6515489220619202,"C=0.5,l1=0.8",160,105,55,12,43,original discovery sample ID,0,0.91008991008991,0.9545454545454546,0.868421052631579,0.9007936507936507,0.6875
1,0.9537659287452698,"C=0.5,l1=0.8",160,107,53,10,43,original discovery sample ID,0,0.7884615384615384,0.7727272727272727,0.631578947368421,0.9318394024276377,0.5625
2,0.37429720163345337,"C=0.5,l1=0.8",160,110,50,13,37,original discovery sample ID,0,0.9226606726606726,0.9920634920634921,0.9210526315789473,0.865546218487395,0.8125
3,0.6153019070625305,"C=0.5,l1=0.8",160,99,61,15,46,original discovery sample ID,0,0.91008991008991,0.9545454545454546,0.8947368421052632,0.8965919701213818,0.6875
4,0.32043886184692383,"C=0.5,l1=0.8",160,99,61,14,47,original discovery sample ID,0,0.9225774225774226,0.9841269841269842,0.9210526315789473,0.8403361344537815,0.8125
5,0.5766100883483887,"C=0.5,l1=0.8",160,105,55,11,44,original discovery sample ID,0,0.9229104229104229,1.0,0.9210526315789473,0.8965919701213818,0.6875
6,0.25350987911224365,"C=0.5,l1=0.8",160,92,68,15,53,original discovery sample ID,0,0.916083916083916,0.9841269841269842,0.9210526315789473,0.8067226890756303,0.8125
7,0.6646413803100586,"C=0.5,l1=0.8",160,101,59,15,44,original discovery sample ID,0,0.91008991008991,0.9545454545454546,0.868421052631579,0.9007936507936507,0.6875
8,0.6192904114723206,"C=0.5,l1=0.8",160,103,57,13,44,original discovery sample ID,0,0.91008991008991,0.9545454545454546,0.8947368421052632,0.8965919701213818,0.6875
9,0.5810593366622925,"C=0.5,l1=0.8",160,95,65,16,49,original discovery sample ID,0,0.9229104229104229,1.0,0.9210526315789473,0.8965919701213818,0.6875
10,0.24174872040748596,"C=0.5,l1=0.8",160,98,62,12,50,original discovery sample ID,0,0.916083916083916,0.9841269841269842,0.9210526315789473,0.7983193277310925,0.8125
11,0.5195461511611938,"C=0.5,l1=0.8",160,104,56,14,42,original discovery sample ID,0,0.9163336663336663,1.0,0.9210526315789473,0.8839869281045751,0.78125
12,0.3376598358154297,"C=0.5,l1=0.8",160,93,67,13,54,original discovery sample ID,0,0.9290709290709291,0.9841269841269842,0.9210526315789473,0.8529411764705883,0.8125
13,0.23385676741600037,"C=0.5,l1=0.8",160,100,60,13,47,original discovery sample ID,0,0.9095904095904096,0.9761904761904762,0.9210526315789473,0.7899159663865547,0.8125
14,0.8003737926483154,"C=0.5,l1=0.8",160,109,51,10,41,original discovery sample ID,0,0.8781218781218781,0.9545454545454546,0.7894736842105263,0.8940242763772175,0.625
15,0.22159183025360107,"C=0.5,l1=0.8",160,98,62,16,46,original discovery sample ID,0,0.9095904095904096,0.9761904761904762,0.9210526315789473,0.7857142857142857,0.84375
16,0.46137917041778564,"C=0.5,l1=0.8",160,106,54,15,39,original discovery sample ID,0,0.9163336663336663,0.9920634920634921,0.9210526315789473,0.8755835667600373,0.78125
17,0.8589627742767334,"C=0.5,l1=0.8",160,104,56,12,44,original discovery sample ID,0,0.858974358974359,0.9545454545454546,0.7105263157894737,0.9066293183940243,0.625
18,0.7750762104988098,"C=0.5,l1=0.8",160,97,63,13,50,original discovery sample ID,0,0.8781218781218781,0.9545454545454546,0.7894736842105263,0.8898225957049486,0.625
19,0.515631377696991,"C=0.5,l1=0.8",160,102,58,12,46,original discovery sample ID,0,0.9163336663336663,1.0,0.9210526315789473,0.8797852474323062,0.78125
20,0.6444738507270813,"C=0.5,l1=0.8",160,98,62,12,50,original discovery sample ID,0,0.91008991008991,0.9545454545454546,0.868421052631579,0.9007936507936507,0.6875
21,0.6123538017272949,"C=0.5,l1=0.8",160,99,61,11,50,original discovery sample ID,0,0.91008991008991,0.9545454545454546,0.8947368421052632,0.8965919701213818,0.6875
22,0.6975528597831726,"C=0.5,l1=0.8",160,94,66,15,51,original discovery sample ID,0,0.9101731601731602,0.9545454545454546,0.868421052631579,0.9007936507936507,0.6875
23,0.7536661624908447,"C=0.5,l1=0.8",160,106,54,13,41,original discovery sample ID,0,0.8973526473526474,0.9545454545454546,0.8157894736842105,0.8898225957049486,0.625
24,0.5966417193412781,"C=0.5,l1=0.8",160,100,60,13,47,original discovery sample ID,0,0.9165001665001664,1.0,0.9210526315789473,0.8965919701213818,0.6875
25,0.5781532526016235,"C=0.5,l1=0.8",160,106,54,14,40,original discovery sample ID,0,0.9229104229104229,1.0,0.9210526315789473,0.8965919701213818,0.6875
26,0.513276994228363,"C=0.5,l1=0.8",160,108,52,10,42,original discovery sample ID,0,0.9163336663336663,1.0,0.9210526315789473,0.8755835667600373,0.78125
27,0.30906233191490173,"C=0.5,l1=0.8",160,100,60,14,46,original discovery sample ID,0,0.9225774225774226,0.9841269841269842,0.9210526315789473,0.8277310924369747,0.8125
28,0.6744540929794312,"C=0.5,l1=0.8",160,104,56,12,44,original discovery sample ID,0,0.91008991008991,0.9545454545454546,0.868421052631579,0.9007936507936507,0.6875
29,0.775900661945343,"C=0.5,l1=0.8",160,100,60,12,48,original discovery sample ID,0,0.8781218781218781,0.9545454545454546,0.7894736842105263,0.8898225957049486,0.625
30,0.3525885343551636,"C=0.5,l1=0.8",160,96,64,15,49,original discovery sample ID,0,0.9226606726606726,0.9841269841269842,0.9210526315789473,0.8571428571428572,0.8125
31,0.3064446449279785,"C=0.5,l1=0.8",160,94,66,14,52,original discovery sample ID,0,0.9225774225774226,0.9841269841269842,0.9210526315789473,0.8277310924369747,0.8125
32,0.796327531337738,"C=0.5,l1=0.8",160,112,48,14,34,original discovery sample ID,0,0.8781218781218781,0.9545454545454546,0.7894736842105263,0.8940242763772175,0.625
33,0.7714893817901611,"C=0.5,l1=0.8",160,100,60,12,48,original discovery sample ID,0,0.8781218781218781,0.9545454545454546,0.7894736842105263,0.8898225957049486,0.625
34,0.5243851542472839,"C=0.5,l1=0.8",160,102,58,15,43,original discovery sample ID,0,0.9163336663336663,1.0,0.9210526315789473,0.8839869281045751,0.75
35,0.8221902251243591,"C=0.5,l1=0.8",160,99,61,15,46,original discovery sample ID,0,0.8781218781218781,0.9545454545454546,0.7368421052631579,0.8940242763772175,0.625
36,0.6527224779129028,"C=0.5,l1=0.8",160,98,62,18,44,original discovery sample ID,0,0.91008991008991,0.9545454545454546,0.868421052631579,0.9007936507936507,0.6875
37,0.472952663898468,"C=0.5,l1=0.8",160,103,57,14,43,original discovery sample ID,0,0.9163336663336663,1.0,0.9210526315789473,0.8755835667600373,0.78125
38,0.5631738305091858,"C=0.5,l1=0.8",160,95,65,15,50,original discovery sample ID,0,0.9293206793206793,1.0,0.9210526315789473,0.8923902894491129,0.6875
39,0.4872634708881378,"C=0.5,l1=0.8",160,99,61,12,49,original discovery sample ID,0,0.9163336663336663,1.0,0.9210526315789473,0.8755835667600373,0.78125
40,0.6322639584541321,"C=0.5,l1=0.8",160,100,60,11,49,original discovery sample ID,0,0.91008991008991,0.9545454545454546,0.8947368421052632,0.8965919701213818,0.6875
41,0.7145610451698303,"C=0.5,l1=0.8",160,102,58,13,45,original discovery sample ID,0,0.9101731601731602,0.9545454545454546,0.8421052631578947,0.9049953314659197,0.65625
42,0.5383853912353516,"C=0.5,l1=0.8",160,96,64,15,49,original discovery sample ID,0,0.9163336663336663,1.0,0.9210526315789473,0.8839869281045751,0.71875
43,0.3237493932247162,"C=0.5,l1=0.8",160,100,60,16,44,original discovery sample ID,0,0.9225774225774226,0.9841269841269842,0.9210526315789473,0.8445378151260504,0.8125
44,0.7132872939109802,"C=0.5,l1=0.8",160,105,55,13,42,original discovery sample ID,0,0.9101731601731602,0.9545454545454546,0.8421052631578947,0.9049953314659197,0.65625
45,0.23892608284950256,"C=0.5,l1=0.8",160,97,63,11,52,original discovery sample ID,0,0.916083916083916,0.9841269841269842,0.9210526315789473,0.7983193277310925,0.8125
46,0.3941059112548828,"C=0.5,l1=0.8",160,103,57,12,45,original discovery sample ID,0,0.9226606726606726,0.9920634920634921,0.9210526315789473,0.8697478991596639,0.8125
47,0.28507307171821594,"C=0.5,l1=0.8",160,100,60,12,48,original discovery sample ID,0,0.916083916083916,0.9841269841269842,0.9210526315789473,0.8277310924369747,0.8125
48,0.6132228970527649,"C=0.5,l1=0.8",160,99,61,14,47,original discovery sample ID,0,0.91008991008991,0.9545454545454546,0.8947368421052632,0.8965919701213818,0.6875
49,0.3089825510978699,"C=0.5,l1=0.8",160,99,61,17,44,original discovery sample ID,0,0.9225774225774226,0.9841269841269842,0.9210526315789473,0.8277310924369747,0.8125
50,0.765416145324707,"C=0.5,l1=0.8",160,100,60,14,46,original discovery sample ID,0,0.8781218781218781,0.9545454545454546,0.7894736842105263,0.8898225957049486,0.625
51,0.4046556055545807,"C=0.5,l1=0.8",160,105,55,13,42,original discovery sample ID,0,0.9227439227439227,0.9920634920634921,0.9210526315789473,0.8781512605042017,0.8125
52,0.540252685546875,"C=0.5,l1=0.8",160,103,57,13,44,original discovery sample ID,0,0.9163336663336663,1.0,0.9210526315789473,0.8839869281045751,0.71875
53,0.43666398525238037,"C=0.5,l1=0.8",160,100,60,16,44,original discovery sample ID,0,0.9227439227439227,0.9920634920634921,0.9210526315789473,0.8629785247432307,0.78125
54,0.7481049299240112,"C=0.5,l1=0.8",160,99,61,14,47,original discovery sample ID,0,0.9037629037629038,0.9545454545454546,0.8157894736842105,0.8898225957049486,0.625
55,0.852975070476532,"C=0.5,l1=0.8",160,97,63,14,49,original discovery sample ID,0,0.858974358974359,0.9545454545454546,0.7105263157894737,0.9024276377217553,0.625
56,0.8559836149215698,"C=0.5,l1=0.8",160,97,63,16,47,original discovery sample ID,0,0.858974358974359,0.9545454545454546,0.7105263157894737,0.9066293183940243,0.625
57,0.6808780431747437,"C=0.5,l1=0.8",160,100,60,13,47,original discovery sample ID,0,0.9165834165834166,0.9545454545454546,0.868421052631579,0.9007936507936507,0.6875
58,0.27168288826942444,"C=0.5,l1=0.8",160,104,56,13,43,original discovery sample ID,0,0.916083916083916,0.9841269841269842,0.9210526315789473,0.8235294117647058,0.8125
59,0.6493279337882996,"C=0.5,l1=0.8",160,98,62,10,52,original discovery sample ID,0,0.91008991008991,0.9545454545454546,0.868421052631579,0.9007936507936507,0.6875
60,0.655727207660675,"C=0.5,l1=0.8",160,104,56,13,43,original discovery sample ID,0,0.91008991008991,0.9545454545454546,0.868421052631579,0.9007936507936507,0.6875
61,0.5497800707817078,"C=0.5,l1=0.8",160,100,60,15,45,original discovery sample ID,0,0.9163336663336663,1.0,0.9210526315789473,0.888188608776844,0.71875
62,0.4385213851928711,"C=0.5,l1=0.8",160,99,61,15,46,original discovery sample ID,0,0.9227439227439227,0.9920634920634921,0.9210526315789473,0.8713818860877685,0.78125
63,0.9399352073669434,"C=0.5,l1=0.8",160,99,61,14,47,original discovery sample ID,0,0.8012820512820513,0.8181818181818181,0.6842105263157895,0.9234360410831,0.5625
64,0.7855684757232666,"C=0.5,l1=0.8",160,99,61,13,48,original discovery sample ID,0,0.8781218781218781,0.9545454545454546,0.7894736842105263,0.8940242763772175,0.625
65,0.8192195296287537,"C=0.5,l1=0.8",160,103,57,11,46,original discovery sample ID,0,0.8781218781218781,0.9545454545454546,0.7368421052631579,0.8940242763772175,0.625
66,0.7432047724723816,"C=0.5,l1=0.8",160,110,50,8,42,original discovery sample ID,0,0.9037629037629038,0.9545454545454546,0.8157894736842105,0.8898225957049486,0.625
67,0.7245767712593079,"C=0.5,l1=0.8",160,104,56,15,41,original discovery sample ID,0,0.9037629037629038,0.9545454545454546,0.8421052631578947,0.9091970121381886,0.625
68,0.4943583607673645,"C=0.5,l1=0.8",160,103,57,13,44,original discovery sample ID,0,0.9163336663336663,1.0,0.9210526315789473,0.8755835667600373,0.78125
69,0.4111984670162201,"C=0.5,l1=0.8",160,102,58,13,45,original discovery sample ID,0,0.9227439227439227,0.9920634920634921,0.9210526315789473,0.8865546218487395,0.8125
70,0.7438214421272278,"C=0.5,l1=0.8",160,95,65,12,53,original discovery sample ID,0,0.9037629037629038,0.9545454545454546,0.8157894736842105,0.8898225957049486,0.625
71,0.6485976576805115,"C=0.5,l1=0.8",160,98,62,13,49,original discovery sample ID,0,0.91008991008991,0.9545454545454546,0.868421052631579,0.9007936507936507,0.6875
72,0.7658352255821228,"C=0.5,l1=0.8",160,99,61,14,47,original discovery sample ID,0,0.8781218781218781,0.9545454545454546,0.7894736842105263,0.8898225957049486,0.625
73,0.5889456868171692,"C=0.5,l1=0.8",160,99,61,14,47,original discovery sample ID,0,0.9165001665001664,1.0,0.9210526315789473,0.8965919701213818,0.6875
74,0.8836723566055298,"C=0.5,l1=0.8",160,98,62,15,47,original discovery sample ID,0,0.8461538461538461,0.9090909090909092,0.6842105263157895,0.9108309990662932,0.5625
75,0.44526445865631104,"C=0.5,l1=0.8",160,102,58,12,46,original discovery sample ID,0,0.9227439227439227,0.9920634920634921,0.9210526315789473,0.8713818860877685,0.78125
76,0.4599861800670624,"C=0.5,l1=0.8",160,107,53,10,43,original discovery sample ID,0,0.9163336663336663,0.9920634920634921,0.9210526315789473,0.8755835667600373,0.78125
77,0.6360046863555908,"C=0.5,l1=0.8",160,105,55,15,40,original discovery sample ID,0,0.91008991008991,0.9545454545454546,0.8947368421052632,0.8965919701213818,0.6875
78,0.6343154907226562,"C=0.5,l1=0.8",160,101,59,15,44,original discovery sample ID,0,0.91008991008991,0.9545454545454546,0.8947368421052632,0.8965919701213818,0.6875
79,0.32183676958084106,"C=0.5,l1=0.8",160,101,59,12,47,original discovery sample ID,0,0.9225774225774226,0.9841269841269842,0.9210526315789473,0.8403361344537815,0.8125
80,0.23426945507526398,"C=0.5,l1=0.8",160,101,59,11,48,original discovery sample ID,0,0.9095904095904096,0.9761904761904762,0.9210526315789473,0.7899159663865547,0.8125
81,0.4784167408943176,"C=0.5,l1=0.8",160,98,62,18,44,original discovery sample ID,0,0.9163336663336663,1.0,0.9210526315789473,0.8755835667600373,0.78125
82,0.80312579870224,"C=0.5,l1=0.8",160,99,61,16,45,original discovery sample ID,0,0.8781218781218781,0.9545454545454546,0.763157894736842,0.8940242763772175,0.625
83,0.4958420395851135,"C=0.5,l1=0.8",160,99,61,12,49,original discovery sample ID,0,0.9163336663336663,1.0,0.9210526315789473,0.8755835667600373,0.78125
84,0.3681112825870514,"C=0.5,l1=0.8",160,106,54,11,43,original discovery sample ID,0,0.9226606726606726,0.9920634920634921,0.9210526315789473,0.865546218487395,0.8125
85,0.1998661905527115,"C=0.5,l1=0.8",160,98,62,15,47,original discovery sample ID,0,0.9030969030969032,0.9761904761904762,0.9210526315789473,0.76890756302521,0.875
86,0.32053160667419434,"C=0.5,l1=0.8",160,98,62,14,48,original discovery sample ID,0,0.9225774225774226,0.9841269841269842,0.9210526315789473,0.8403361344537815,0.8125
87,0.4668563902378082,"C=0.5,l1=0.8",160,98,62,17,45,original discovery sample ID,0,0.9163336663336663,0.9920634920634921,0.9210526315789473,0.8755835667600373,0.78125
88,0.47337594628334045,"C=0.5,l1=0.8",160,99,61,13,48,original discovery sample ID,0,0.9163336663336663,1.0,0.9210526315789473,0.8755835667600373,0.78125
89,0.4679155647754669,"C=0.5,l1=0.8",160,99,61,13,48,original discovery sample ID,0,0.9163336663336663,0.9920634920634921,0.9210526315789473,0.8755835667600373,0.78125
90,0.24789242446422577,"C=0.5,l1=0.8",160,100,60,12,48,original discovery sample ID,0,0.916083916083916,0.9841269841269842,0.9210526315789473,0.8025210084033614,0.8125
91,0.4405183792114258,"C=0.5,l1=0.8",160,99,61,15,46,original discovery sample ID,0,0.9227439227439227,0.9920634920634921,0.9210526315789473,0.8713818860877685,0.78125
92,0.5115762948989868,"C=0.5,l1=0.8",160,96,64,14,50,original discovery sample ID,0,0.9163336663336663,1.0,0.9210526315789473,0.8755835667600373,0.78125
93,0.4380483627319336,"C=0.5,l1=0.8",160,102,58,14,44,original discovery sample ID,0,0.9227439227439227,0.9920634920634921,0.9210526315789473,0.8713818860877685,0.78125
94,0.9469658732414246,"C=0.5,l1=0.8",160,98,62,16,46,original discovery sample ID,0,0.7948717948717949,0.8181818181818181,0.6842105263157895,0.9276377217553688,0.5625
95,0.8208133578300476,"C=0.5,l1=0.8",160,104,56,14,42,original discovery sample ID,0,0.8781218781218781,0.9545454545454546,0.7368421052631579,0.8940242763772175,0.625
96,0.4945979118347168,"C=0.5,l1=0.8",160,103,57,16,41,original discovery sample ID,0,0.9163336663336663,1.0,0.9210526315789473,0.8755835667600373,0.78125
97,0.5264875292778015,"C=0.5,l1=0.8",160,103,57,15,42,original discovery sample ID,0,0.9163336663336663,1.0,0.9210526315789473,0.8839869281045751,0.71875
98,0.3462039530277252,"C=0.5,l1=0.8",160,102,58,13,45,original discovery sample ID,0,0.9290709290709291,0.9841269841269842,0.9210526315789473,0.8571428571428572,0.8125
99,0.27816641330718994,"C=0.5,l1=0.8",160,106,54,12,42,original discovery sample ID,0,0.916083916083916,0.9841269841269842,0.9210526315789473,0.8235294117647058,0.8125
100,0.4932170510292053,"C=0.5,l1=0.8",160,105,55,10,45,original discovery sample ID,0,0.9163336663336663,1.0,0.9210526315789473,0.8755835667600373,0.78125
101,0.25032785534858704,"C=0.5,l1=0.8",160,107,53,11,42,original discovery sample ID,0,0.916083916083916,0.9841269841269842,0.9210526315789473,0.8025210084033614,0.8125
102,0.815470814704895,"C=0.5,l1=0.8",160,104,56,7,49,original discovery sample ID,0,0.8781218781218781,0.9545454545454546,0.7368421052631579,0.8940242763772175,0.625
103,0.2460300773382187,"C=0.5,l1=0.8",160,110,50,12,38,original discovery sample ID,0,0.916083916083916,0.9841269841269842,0.9210526315789473,0.8025210084033614,0.8125
104,0.8263013362884521,"C=0.5,l1=0.8",160,104,56,11,45,original discovery sample ID,0,0.8781218781218781,0.9545454545454546,0.7368421052631579,0.8982259570494864,0.625
105,0.26926472783088684,"C=0.5,l1=0.8",160,111,49,12,37,original discovery sample ID,0,0.916083916083916,0.9841269841269842,0.9210526315789473,0.819327731092437,0.8125
106,0.2295934408903122,"C=0.5,l1=0.8",160,98,62,14,48,original discovery sample ID,0,0.9095904095904096,0.9761904761904762,0.9210526315789473,0.7857142857142857,0.8125
107,0.34170258045196533,"C=0.5,l1=0.8",160,101,59,11,48,original discovery sample ID,0,0.9290709290709291,0.9841269841269842,0.9210526315789473,0.8571428571428572,0.8125
108,0.25193899869918823,"C=0.5,l1=0.8",160,100,60,12,48,original discovery sample ID,0,0.916083916083916,0.9841269841269842,0.9210526315789473,0.8067226890756303,0.8125
109,0.6881741285324097,"C=0.5,l1=0.8",160,106,54,13,41,original discovery sample ID,0,0.9165834165834166,0.9545454545454546,0.868421052631579,0.9007936507936507,0.6875
110,0.496295690536499,"C=0.5,l1=0.8",160,108,52,13,39,original discovery sample ID,0,0.9163336663336663,1.0,0.9210526315789473,0.8755835667600373,0.78125
111,0.8785317540168762,"C=0.5,l1=0.8",160,105,55,12,43,original discovery sample ID,0,0.8525641025641026,0.9090909090909092,0.6842105263157895,0.9108309990662932,0.5625
112,0.8074029088020325,"C=0.5,l1=0.8",160,98,62,13,49,original discovery sample ID,0,0.8781218781218781,0.9545454545454546,0.763157894736842,0.8940242763772175,0.625
113,0.5725347995758057,"C=0.5,l1=0.8",160,99,61,13,48,original discovery sample ID,0,0.9229104229104229,1.0,0.9210526315789473,0.8965919701213818,0.6875
114,0.44761472940444946,"C=0.5,l1=0.8",160,100,60,11,49,original discovery sample ID,0,0.9227439227439227,0.9920634920634921,0.9210526315789473,0.8713818860877685,0.78125
115,0.4827309548854828,"C=0.5,l1=0.8",160,105,55,13,42,original discovery sample ID,0,0.9163336663336663,1.0,0.9210526315789473,0.8755835667600373,0.78125
116,0.8807730674743652,"C=0.5,l1=0.8",160,103,57,13,44,original discovery sample ID,0,0.8525641025641026,0.9090909090909092,0.6842105263157895,0.9108309990662932,0.5625
117,0.1959969401359558,"C=0.5,l1=0.8",160,101,59,13,46,original discovery sample ID,0,0.9030969030969032,0.9761904761904762,0.9210526315789473,0.76890756302521,0.875
118,0.7565105557441711,"C=0.5,l1=0.8",160,104,56,10,46,original discovery sample ID,0,0.8909423909423909,0.9545454545454546,0.8157894736842105,0.8898225957049486,0.625
119,0.3549516201019287,"C=0.5,l1=0.8",160,107,53,12,41,original discovery sample ID,0,0.9226606726606726,0.9920634920634921,0.9210526315789473,0.8571428571428572,0.8125
120,0.35020649433135986,"C=0.5,l1=0.8",160,105,55,11,44,original discovery sample ID,0,0.9290709290709291,0.9841269841269842,0.9210526315789473,0.8571428571428572,0.8125
121,0.8503403663635254,"C=0.5,l1=0.8",160,103,57,11,46,original discovery sample ID,0,0.8653846153846154,0.9545454545454546,0.7105263157894737,0.9024276377217553,0.625
122,0.7597320079803467,"C=0.5,l1=0.8",160,105,55,10,45,original discovery sample ID,0,0.8845321345321345,0.9545454545454546,0.8157894736842105,0.8898225957049486,0.625
123,0.24534361064434052,"C=0.5,l1=0.8",160,99,61,12,49,original discovery sample ID,0,0.916083916083916,0.9841269841269842,0.9210526315789473,0.8025210084033614,0.8125
124,0.3246094584465027,"C=0.5,l1=0.8",160,97,63,15,48,original discovery sample ID,0,0.9225774225774226,0.9841269841269842,0.9210526315789473,0.8445378151260504,0.8125
125,0.2706522047519684,"C=0.5,l1=0.8",160,103,57,11,46,original discovery sample ID,0,0.916083916083916,0.9841269841269842,0.9210526315789473,0.819327731092437,0.8125
126,0.6678926944732666,"C=0.5,l1=0.8",160,100,60,16,44,original discovery sample ID,0,0.91008991008991,0.9545454545454546,0.868421052631579,0.9007936507936507,0.6875
127,0.8067584037780762,"C=0.5,l1=0.8",160,109,51,7,44,original discovery sample ID,0,0.8781218781218781,0.9545454545454546,0.763157894736842,0.8940242763772175,0.625
128,0.49119138717651367,"C=0.5,l1=0.8",160,105,55,16,39,original discovery sample ID,0,0.9163336663336663,1.0,0.9210526315789473,0.8755835667600373,0.78125
129,0.8363168239593506,"C=0.5,l1=0.8",160,102,58,13,45,original discovery sample ID,0,0.8717116217116216,0.9545454545454546,0.7368421052631579,0.8982259570494864,0.625
130,0.8391397595405579,"C=0.5,l1=0.8",160,101,59,14,45,original discovery sample ID,0,0.8717116217116216,0.9545454545454546,0.7368421052631579,0.8982259570494864,0.625
131,0.4792904257774353,"C=0.5,l1=0.8",160,104,56,12,44,original discovery sample ID,0,0.9163336663336663,1.0,0.9210526315789473,0.8755835667600373,0.78125
132,0.7229917049407959,"C=0.5,l1=0.8",160,101,59,14,45,original discovery sample ID,0,0.9037629037629038,0.9545454545454546,0.8421052631578947,0.9049953314659197,0.625
133,0.44686076045036316,"C=0.5,l1=0.8",160,101,59,14,45,original discovery sample ID,0,0.9227439227439227,0.9920634920634921,0.9210526315789473,0.8713818860877685,0.78125
134,0.4477385878562927,"C=0.5,l1=0.8",160,108,52,11,41,original discovery sample ID,0,0.9227439227439227,0.9920634920634921,0.9210526315789473,0.8713818860877685,0.78125
135,0.53773033618927,"C=0.5,l1=0.8",160,105,55,10,45,original discovery sample ID,0,0.9163336663336663,1.0,0.9210526315789473,0.8839869281045751,0.71875
136,0.46118640899658203,"C=0.5,l1=0.8",160,102,58,14,44,original discovery sample ID,0,0.9163336663336663,0.9920634920634921,0.9210526315789473,0.8755835667600373,0.78125
137,0.33280566334724426,"C=0.5,l1=0.8",160,101,59,14,45,original discovery sample ID,0,0.9290709290709291,0.9841269841269842,0.9210526315789473,0.8487394957983193,0.8125
138,0.49960488080978394,"C=0.5,l1=0.8",160,99,61,14,47,original discovery sample ID,0,0.9163336663336663,1.0,0.9210526315789473,0.8755835667600373,0.78125
139,0.35108134150505066,"C=0.5,l1=0.8",160,93,67,15,52,original discovery sample ID,0,0.9290709290709291,0.9841269841269842,0.9210526315789473,0.8571428571428572,0.8125
140,0.862602710723877,"C=0.5,l1=0.8",160,98,62,15,47,original discovery sample ID,0,0.858974358974359,0.9545454545454546,0.7105263157894737,0.9066293183940243,0.625
141,0.8039162755012512,"C=0.5,l1=0.8",160,99,61,15,46,original discovery sample ID,0,0.8781218781218781,0.9545454545454546,0.763157894736842,0.8940242763772175,0.625
142,0.36066481471061707,"C=0.5,l1=0.8",160,105,55,12,43,original discovery sample ID,0,0.9226606726606726,0.9920634920634921,0.9210526315789473,0.8613445378151261,0.8125
143,0.5693830847740173,"C=0.5,l1=0.8",160,104,56,11,45,original discovery sample ID,0,0.9293206793206793,1.0,0.9210526315789473,0.8923902894491129,0.6875
144,0.7822521328926086,"C=0.5,l1=0.8",160,102,58,13,45,original discovery sample ID,0,0.8781218781218781,0.9545454545454546,0.7894736842105263,0.8898225957049486,0.625
145,0.39509448409080505,"C=0.5,l1=0.8",160,98,62,16,46,original discovery sample ID,0,0.9226606726606726,0.9920634920634921,0.9210526315789473,0.8697478991596639,0.8125
146,0.9290567636489868,"C=0.5,l1=0.8",160,96,64,15,49,original discovery sample ID,0,0.8205128205128205,0.8636363636363636,0.6842105263157895,0.919234360410831,0.5625
147,0.7501143217086792,"C=0.5,l1=0.8",160,102,58,14,44,original discovery sample ID,0,0.9037629037629038,0.9545454545454546,0.8157894736842105,0.8898225957049486,0.625
148,0.4292774796485901,"C=0.5,l1=0.8",160,102,58,16,42,original discovery sample ID,0,0.9227439227439227,0.9920634920634921,0.9210526315789473,0.8865546218487395,0.78125
149,0.5837684869766235,"C=0.5,l1=0.8",160,105,55,15,40,original discovery sample ID,0,0.9165001665001664,1.0,0.9210526315789473,0.8965919701213818,0.6875
150,0.6986975073814392,"C=0.5,l1=0.8",160,102,58,13,45,original discovery sample ID,0,0.9101731601731602,0.9545454545454546,0.868421052631579,0.9007936507936507,0.6875
151,0.34515801072120667,"C=0.5,l1=0.8",160,110,50,12,38,original discovery sample ID,0,0.9290709290709291,0.9841269841269842,0.9210526315789473,0.8571428571428572,0.8125
152,0.8923539519309998,"C=0.5,l1=0.8",160,104,56,12,44,original discovery sample ID,0,0.8397435897435898,0.9090909090909092,0.6842105263157895,0.9108309990662932,0.5625
153,0.6536033153533936,"C=0.5,l1=0.8",160,100,60,14,46,original discovery sample ID,0,0.91008991008991,0.9545454545454546,0.868421052631579,0.9007936507936507,0.6875
154,0.3156070411205292,"C=0.5,l1=0.8",160,107,53,11,42,original discovery sample ID,0,0.9225774225774226,0.9841269841269842,0.9210526315789473,0.8361344537815126,0.8125
155,0.3605419993400574,"C=0.5,l1=0.8",160,98,62,15,47,original discovery sample ID,0,0.9226606726606726,0.9920634920634921,0.9210526315789473,0.8613445378151261,0.8125
156,0.7859432697296143,"C=0.5,l1=0.8",160,96,64,14,50,original discovery sample ID,0,0.8781218781218781,0.9545454545454546,0.7894736842105263,0.8940242763772175,0.625
157,0.5347039103507996,"C=0.5,l1=0.8",160,103,57,13,44,original discovery sample ID,0,0.9163336663336663,1.0,0.9210526315789473,0.8839869281045751,0.71875
158,0.5363885760307312,"C=0.5,l1=0.8",160,105,55,12,43,original discovery sample ID,0,0.9163336663336663,1.0,0.9210526315789473,0.8839869281045751,0.71875
159,0.22129040956497192,"C=0.5,l1=0.8",160,101,59,11,48,original discovery sample ID,0,0.9095904095904096,0.9761904761904762,0.9210526315789473,0.7857142857142857,0.84375
160,0.259927362203598,"C=0.5,l1=0.8",160,100,60,13,47,original discovery sample ID,0,0.916083916083916,0.9841269841269842,0.9210526315789473,0.8151260504201681,0.8125
161,0.7005712389945984,"C=0.5,l1=0.8",160,105,55,11,44,original discovery sample ID,0,0.9101731601731602,0.9545454545454546,0.868421052631579,0.9007936507936507,0.6875
162,0.4367247521877289,"C=0.5,l1=0.8",160,99,61,15,46,original discovery sample ID,0,0.9227439227439227,0.9920634920634921,0.9210526315789473,0.8629785247432307,0.78125
163,0.44839128851890564,"C=0.5,l1=0.8",160,101,59,18,41,original discovery sample ID,0,0.9163336663336663,0.9920634920634921,0.9210526315789473,0.8755835667600373,0.78125
164,0.8676416873931885,"C=0.5,l1=0.8",160,102,58,13,45,original discovery sample ID,0,0.8525641025641026,0.9545454545454546,0.7105263157894737,0.9066293183940243,0.625
165,0.4056181013584137,"C=0.5,l1=0.8",160,99,61,15,46,original discovery sample ID,0,0.9227439227439227,0.9920634920634921,0.9210526315789473,0.8781512605042017,0.8125
166,0.3392319977283478,"C=0.5,l1=0.8",160,99,61,13,48,original discovery sample ID,0,0.9290709290709291,0.9841269841269842,0.9210526315789473,0.8571428571428572,0.8125
167,0.3761361539363861,"C=0.5,l1=0.8",160,98,62,15,47,original discovery sample ID,0,0.9226606726606726,0.9920634920634921,0.9210526315789473,0.865546218487395,0.8125
168,0.1653156876564026,"C=0.5,l1=0.8",160,98,62,15,47,original discovery sample ID,0,0.8966033966033966,0.9682539682539683,0.9210526315789473,0.7521008403361344,0.9375
169,0.35936230421066284,"C=0.5,l1=0.8",160,107,53,13,40,original discovery sample ID,0,0.9226606726606726,0.9920634920634921,0.9210526315789473,0.8571428571428572,0.8125
170,0.4857010543346405,"C=0.5,l1=0.8",160,107,53,12,41,original discovery sample ID,0,0.9163336663336663,1.0,0.9210526315789473,0.8755835667600373,0.78125
171,0.4531528651714325,"C=0.5,l1=0.8",160,99,61,14,47,original discovery sample ID,0,0.9163336663336663,0.9920634920634921,0.9210526315789473,0.8755835667600373,0.78125
172,0.33399873971939087,"C=0.5,l1=0.8",160,94,66,16,50,original discovery sample ID,0,0.9290709290709291,0.9841269841269842,0.9210526315789473,0.8487394957983193,0.8125
173,0.9428619742393494,"C=0.5,l1=0.8",160,107,53,13,40,original discovery sample ID,0,0.8012820512820513,0.8181818181818181,0.6842105263157895,0.9234360410831,0.5625
174,0.6378161907196045,"C=0.5,l1=0.8",160,101,59,13,46,original discovery sample ID,0,0.91008991008991,0.9545454545454546,0.868421052631579,0.8965919701213818,0.6875
175,0.4755305349826813,"C=0.5,l1=0.8",160,105,55,11,44,original discovery sample ID,0,0.9163336663336663,1.0,0.9210526315789473,0.8755835667600373,0.78125
176,0.8267863988876343,"C=0.5,l1=0.8",160,104,56,10,46,original discovery sample ID,0,0.8781218781218781,0.9545454545454546,0.7368421052631579,0.8982259570494864,0.625
177,0.542593777179718,"C=0.5,l1=0.8",160,100,60,14,46,original discovery sample ID,0,0.9163336663336663,1.0,0.9210526315789473,0.888188608776844,0.71875
178,0.794745147228241,"C=0.5,l1=0.8",160,105,55,15,40,original discovery sample ID,0,0.8781218781218781,0.9545454545454546,0.7894736842105263,0.8940242763772175,0.625
179,0.20191560685634613,"C=0.5,l1=0.8",160,107,53,11,42,original discovery sample ID,0,0.9030969030969032,0.9761904761904762,0.9210526315789473,0.76890756302521,0.875
180,0.31657347083091736,"C=0.5,l1=0.8",160,99,61,14,47,original discovery sample ID,0,0.9225774225774226,0.9841269841269842,0.9210526315789473,0.8403361344537815,0.8125
181,0.4569350779056549,"C=0.5,l1=0.8",160,94,66,16,50,original discovery sample ID,0,0.9163336663336663,0.9920634920634921,0.9210526315789473,0.8755835667600373,0.78125
182,0.15858179330825806,"C=0.5,l1=0.8",160,98,62,17,45,original discovery sample ID,0,0.8901098901098901,0.9682539682539683,0.9210526315789473,0.7394957983193278,0.9375
183,0.6101506352424622,"C=0.5,l1=0.8",160,103,57,12,45,original discovery sample ID,0,0.91008991008991,0.9545454545454546,0.8947368421052632,0.8965919701213818,0.6875
184,0.23441264033317566,"C=0.5,l1=0.8",160,105,55,12,43,original discovery sample ID,0,0.9095904095904096,0.9761904761904762,0.9210526315789473,0.7899159663865547,0.8125
185,0.853759229183197,"C=0.5,l1=0.8",160,103,57,11,46,original discovery sample ID,0,0.858974358974359,0.9545454545454546,0.7105263157894737,0.9066293183940243,0.625
186,0.8013719916343689,"C=0.5,l1=0.8",160,104,56,14,42,original discovery sample ID,0,0.8781218781218781,0.9545454545454546,0.7894736842105263,0.8940242763772175,0.625
187,0.25880980491638184,"C=0.5,l1=0.8",160,109,51,12,39,original discovery sample ID,0,0.916083916083916,0.9841269841269842,0.9210526315789473,0.8151260504201681,0.8125
188,0.32700231671333313,"C=0.5,l1=0.8",160,103,57,13,44,original discovery sample ID,0,0.9225774225774226,0.9841269841269842,0.9210526315789473,0.8445378151260504,0.8125
189,0.49703678488731384,"C=0.5,l1=0.8",160,103,57,14,43,original discovery sample ID,0,0.9163336663336663,1.0,0.9210526315789473,0.8755835667600373,0.78125
190,0.9094071388244629,"C=0.5,l1=0.8",160,102,58,13,45,original discovery sample ID,0,0.8333333333333333,0.9090909090909092,0.6842105263157895,0.9108309990662932,0.5625
191,0.5560512542724609,"C=0.5,l1=0.8",160,102,58,14,44,original discovery sample ID,0,0.9228271728271729,1.0,0.9210526315789473,0.8923902894491129,0.71875
192,0.41268840432167053,"C=0.5,l1=0.8",160,104,56,11,45,original discovery sample ID,0,0.9227439227439227,0.9920634920634921,0.9210526315789473,0.8865546218487395,0.78125
193,0.918850302696228,"C=0.5,l1=0.8",160,106,54,16,38,original discovery sample ID,0,0.8269230769230769,0.9090909090909092,0.6842105263157895,0.9150326797385621,0.5625
194,0.5114601850509644,"C=0.5,l1=0.8",160,103,57,12,45,original discovery sample ID,0,0.9163336663336663,1.0,0.9210526315789473,0.8755835667600373,0.78125
195,0.8163300156593323,"C=0.5,l1=0.8",160,103,57,15,42,original discovery sample ID,0,0.8781218781218781,0.9545454545454546,0.7368421052631579,0.8940242763772175,0.625
196,0.503761887550354,"C=0.5,l1=0.8",160,103,57,11,46,original discovery sample ID,0,0.9163336663336663,1.0,0.9210526315789473,0.8755835667600373,0.78125
197,0.257901668548584,"C=0.5,l1=0.8",160,98,62,15,47,original discovery sample ID,0,0.916083916083916,0.9841269841269842,0.9210526315789473,0.8151260504201681,0.8125
198,0.7771832346916199,"C=0.5,l1=0.8",160,104,56,11,45,original discovery sample ID,0,0.8781218781218781,0.9545454545454546,0.7894736842105263,0.8898225957049486,0.625
199,0.3182307481765747,"C=0.5,l1=0.8",160,101,59,13,46,original discovery sample ID,0,0.9225774225774226,0.9841269841269842,0.9210526315789473,0.8403361344537815,0.8125
200,0.48751407861709595,"C=0.5,l1=0.8",160,104,56,12,44,original discovery sample ID,0,0.9163336663336663,1.0,0.9210526315789473,0.8755835667600373,0.78125
201,0.30889588594436646,"C=0.5,l1=0.8",160,102,58,12,46,original discovery sample ID,0,0.9225774225774226,0.9841269841269842,0.9210526315789473,0.8277310924369747,0.8125
202,0.7265304923057556,"C=0.5,l1=0.8",160,99,61,16,45,original discovery sample ID,0,0.9037629037629038,0.9545454545454546,0.8421052631578947,0.9091970121381886,0.625
203,0.5320190787315369,"C=0.5,l1=0.8",160,114,46,10,36,original discovery sample ID,0,0.9163336663336663,1.0,0.9210526315789473,0.8839869281045751,0.71875
204,0.5781271457672119,"C=0.5,l1=0.8",160,107,53,12,41,original discovery sample ID,0,0.9229104229104229,1.0,0.9210526315789473,0.8965919701213818,0.6875
205,0.8209441900253296,"C=0.5,l1=0.8",160,100,60,10,50,original discovery sample ID,0,0.8781218781218781,0.9545454545454546,0.7368421052631579,0.8940242763772175,0.625
206,0.7552849054336548,"C=0.5,l1=0.8",160,102,58,13,45,original discovery sample ID,0,0.8909423909423909,0.9545454545454546,0.8157894736842105,0.8898225957049486,0.625
207,0.4162340462207794,"C=0.5,l1=0.8",160,103,57,11,46,original discovery sample ID,0,0.9227439227439227,0.9920634920634921,0.9210526315789473,0.8865546218487395,0.78125
208,0.44187265634536743,"C=0.5,l1=0.8",160,103,57,10,47,original discovery sample ID,0,0.9227439227439227,0.9920634920634921,0.9210526315789473,0.8713818860877685,0.78125
209,0.8868923187255859,"C=0.5,l1=0.8",160,105,55,12,43,original discovery sample ID,0,0.8461538461538461,0.9090909090909092,0.6842105263157895,0.9108309990662932,0.5625
210,0.3449650704860687,"C=0.5,l1=0.8",160,102,58,14,44,original discovery sample ID,0,0.9290709290709291,0.9841269841269842,0.9210526315789473,0.8571428571428572,0.8125
211,0.19059708714485168,"C=0.5,l1=0.8",160,102,58,13,45,original discovery sample ID,0,0.8966033966033966,0.9682539682539683,0.9210526315789473,0.76890756302521,0.875
212,0.7767458558082581,"C=0.5,l1=0.8",160,105,55,13,42,original discovery sample ID,0,0.8781218781218781,0.9545454545454546,0.7894736842105263,0.8898225957049486,0.625
213,0.2590334117412567,"C=0.5,l1=0.8",160,97,63,14,49,original discovery sample ID,0,0.916083916083916,0.9841269841269842,0.9210526315789473,0.8151260504201681,0.8125
214,0.31518831849098206,"C=0.5,l1=0.8",160,106,54,15,39,original discovery sample ID,0,0.9225774225774226,0.9841269841269842,0.9210526315789473,0.8361344537815126,0.8125
215,0.7203430533409119,"C=0.5,l1=0.8",160,102,58,12,46,original discovery sample ID,0,0.9037629037629038,0.9545454545454546,0.8421052631578947,0.9049953314659197,0.65625
216,0.5936607718467712,"C=0.5,l1=0.8",160,96,64,15,49,original discovery sample ID,0,0.9165001665001664,1.0,0.9210526315789473,0.8965919701213818,0.6875
217,0.8637908697128296,"C=0.5,l1=0.8",160,101,59,12,47,original discovery sample ID,0,0.858974358974359,0.9545454545454546,0.7105263157894737,0.9066293183940243,0.625
218,0.9329229593276978,"C=0.5,l1=0.8",160,98,62,13,49,original discovery sample ID,0,0.8076923076923077,0.8636363636363636,0.6842105263157895,0.919234360410831,0.5625
219,0.5823858380317688,"C=0.5,l1=0.8",160,104,56,12,44,original discovery sample ID,0,0.9229104229104229,1.0,0.9210526315789473,0.8965919701213818,0.6875
220,0.48581036925315857,"C=0.5,l1=0.8",160,107,53,12,41,original discovery sample ID,0,0.9163336663336663,1.0,0.9210526315789473,0.8755835667600373,0.78125
221,0.4199770390987396,"C=0.5,l1=0.8",160,104,56,15,41,original discovery sample ID,0,0.9227439227439227,0.9920634920634921,0.9210526315789473,0.8865546218487395,0.78125
222,0.8623945116996765,"C=0.5,l1=0.8",160,100,60,11,49,original discovery sample ID,0,0.858974358974359,0.9545454545454546,0.7105263157894737,0.9066293183940243,0.625
223,0.26915448904037476,"C=0.5,l1=0.8",160,105,55,13,42,original discovery sample ID,0,0.916083916083916,0.9841269841269842,0.9210526315789473,0.819327731092437,0.8125
224,0.6369154453277588,"C=0.5,l1=0.8",160,97,63,16,47,original discovery sample ID,0,0.91008991008991,0.9545454545454546,0.868421052631579,0.8965919701213818,0.6875
225,0.5723757147789001,"C=0.5,l1=0.8",160,99,61,14,47,original discovery sample ID,0,0.9293206793206793,1.0,0.9210526315789473,0.8965919701213818,0.6875
226,0.46135491132736206,"C=0.5,l1=0.8",160,102,58,16,42,original discovery sample ID,0,0.9163336663336663,0.9920634920634921,0.9210526315789473,0.8755835667600373,0.78125
227,0.44999873638153076,"C=0.5,l1=0.8",160,100,60,14,46,original discovery sample ID,0,0.9163336663336663,0.9920634920634921,0.9210526315789473,0.8755835667600373,0.78125
228,0.30661541223526,"C=0.5,l1=0.8",160,98,62,16,46,original discovery sample ID,0,0.9225774225774226,0.9841269841269842,0.9210526315789473,0.8277310924369747,0.8125
229,0.5542073845863342,"C=0.5,l1=0.8",160,96,64,15,49,original discovery sample ID,0,0.9228271728271729,1.0,0.9210526315789473,0.8923902894491129,0.71875
230,0.4760988652706146,"C=0.5,l1=0.8",160,103,57,12,45,original discovery sample ID,0,0.9163336663336663,1.0,0.9210526315789473,0.8755835667600373,0.78125
231,0.49294692277908325,"C=0.5,l1=0.8",160,106,54,13,41,original discovery sample ID,0,0.9163336663336663,1.0,0.9210526315789473,0.8755835667600373,0.78125
232,0.2483908236026764,"C=0.5,l1=0.8",160,99,61,13,48,original discovery sample ID,0,0.916083916083916,0.9841269841269842,0.9210526315789473,0.8025210084033614,0.8125
233,0.8828914165496826,"C=0.5,l1=0.8",160,104,56,11,45,original discovery sample ID,0,0.8461538461538461,0.9090909090909092,0.6842105263157895,0.9108309990662932,0.5625
234,0.4973946213722229,"C=0.5,l1=0.8",160,97,63,14,49,original discovery sample ID,0,0.9163336663336663,1.0,0.9210526315789473,0.8755835667600373,0.78125
235,0.3941725194454193,"C=0.5,l1=0.8",160,101,59,14,45,original discovery sample ID,0,0.9226606726606726,0.9920634920634921,0.9210526315789473,0.8697478991596639,0.8125
236,0.3705492615699768,"C=0.5,l1=0.8",160,101,59,14,45,original discovery sample ID,0,0.9226606726606726,0.9920634920634921,0.9210526315789473,0.865546218487395,0.8125
237,0.8722453713417053,"C=0.5,l1=0.8",160,107,53,15,38,original discovery sample ID,0,0.8525641025641026,0.9545454545454546,0.7105263157894737,0.9066293183940243,0.625
238,0.26093757152557373,"C=0.5,l1=0.8",160,101,59,15,44,original discovery sample ID,0,0.916083916083916,0.9841269841269842,0.9210526315789473,0.8151260504201681,0.8125
239,0.4193028509616852,"C=0.5,l1=0.8",160,97,63,15,48,original discovery sample ID,0,0.9227439227439227,0.9920634920634921,0.9210526315789473,0.8865546218487395,0.78125
240,0.46058496832847595,"C=0.5,l1=0.8",160,104,56,11,45,original discovery sample ID,0,0.9163336663336663,0.9920634920634921,0.9210526315789473,0.8755835667600373,0.78125
241,0.7636165022850037,"C=0.5,l1=0.8",160,106,54,8,46,original discovery sample ID,0,0.8781218781218781,0.9545454545454546,0.8157894736842105,0.8898225957049486,0.625
242,0.7022863626480103,"C=0.5,l1=0.8",160,102,58,15,43,original discovery sample ID,0,0.9101731601731602,0.9545454545454546,0.868421052631579,0.9007936507936507,0.6875
243,0.2613123953342438,"C=0.5,l1=0.8",160,97,63,14,49,original discovery sample ID,0,0.916083916083916,0.9841269841269842,0.9210526315789473,0.8151260504201681,0.8125
244,0.36856573820114136,"C=0.5,l1=0.8",160,106,54,14,40,original discovery sample ID,0,0.9226606726606726,0.9920634920634921,0.9210526315789473,0.865546218487395,0.8125
245,0.21679171919822693,"C=0.5,l1=0.8",160,103,57,15,42,original discovery sample ID,0,0.9095904095904096,0.9761904761904762,0.9210526315789473,0.7815126050420168,0.84375
246,0.7203564643859863,"C=0.5,l1=0.8",160,106,54,14,40,original discovery sample ID,0,0.9037629037629038,0.9545454545454546,0.8421052631578947,0.9049953314659197,0.65625
247,0.45548397302627563,"C=0.5,l1=0.8",160,98,62,13,49,original discovery sample ID,0,0.9163336663336663,0.9920634920634921,0.9210526315789473,0.8755835667600373,0.78125
248,0.3383638858795166,"C=0.5,l1=0.8",160,104,56,16,40,original discovery sample ID,0,0.9290709290709291,0.9841269841269842,0.9210526315789473,0.8571428571428572,0.8125
249,0.771398663520813,"C=0.5,l1=0.8",160,102,58,13,45,original discovery sample ID,0,0.8781218781218781,0.9545454545454546,0.7894736842105263,0.8898225957049486,0.625
250,0.19860778748989105,"C=0.5,l1=0.8",160,101,59,12,47,original discovery sample ID,0,0.9030969030969032,0.9761904761904762,0.9210526315789473,0.76890756302521,0.875
251,0.8750534653663635,"C=0.5,l1=0.8",160,97,63,13,50,original discovery sample ID,0,0.8525641025641026,0.9090909090909092,0.7105263157894737,0.9066293183940243,0.59375
252,0.6622278094291687,"C=0.5,l1=0.8",160,110,50,12,38,original discovery sample ID,0,0.91008991008991,0.9545454545454546,0.868421052631579,0.9007936507936507,0.6875
253,0.3384725749492645,"C=0.5,l1=0.8",160,104,56,11,45,original discovery sample ID,0,0.9290709290709291,0.9841269841269842,0.9210526315789473,0.8571428571428572,0.8125
254,0.8407288193702698,"C=0.5,l1=0.8",160,97,63,16,47,original discovery sample ID,0,0.8717116217116216,0.9545454545454546,0.7368421052631579,0.8982259570494864,0.625
255,0.8547385931015015,"C=0.5,l1=0.8",160,105,55,12,43,original discovery sample ID,0,0.858974358974359,0.9545454545454546,0.7105263157894737,0.9066293183940243,0.625
256,0.3177628815174103,"C=0.5,l1=0.8",160,97,63,13,50,original discovery sample ID,0,0.9225774225774226,0.9841269841269842,0.9210526315789473,0.8403361344537815,0.8125
257,0.3771694600582123,"C=0.5,l1=0.8",160,98,62,15,47,original discovery sample ID,0,0.9226606726606726,0.9920634920634921,0.9210526315789473,0.865546218487395,0.8125
258,0.9750009775161743,"C=0.5,l1=0.8",160,103,57,12,45,original discovery sample ID,0,0.782051282051282,0.7727272727272727,0.6052631578947368,0.9124649859943978,0.5
259,0.7078282833099365,"C=0.5,l1=0.8",160,103,57,12,45,original discovery sample ID,0,0.9101731601731602,0.9545454545454546,0.8421052631578947,0.9007936507936507,0.65625
260,0.5087589025497437,"C=0.5,l1=0.8",160,108,52,13,39,original discovery sample ID,0,0.9163336663336663,1.0,0.9210526315789473,0.8755835667600373,0.78125
261,0.2792911231517792,"C=0.5,l1=0.8",160,98,62,12,50,original discovery sample ID,0,0.916083916083916,0.9841269841269842,0.9210526315789473,0.8235294117647058,0.8125
262,0.46863725781440735,"C=0.5,l1=0.8",160,101,59,15,44,original discovery sample ID,0,0.9163336663336663,0.9920634920634921,0.9210526315789473,0.8755835667600373,0.78125
263,0.31685060262680054,"C=0.5,l1=0.8",160,105,55,12,43,original discovery sample ID,0,0.9225774225774226,0.9841269841269842,0.9210526315789473,0.8403361344537815,0.8125
264,0.8238615989685059,"C=0.5,l1=0.8",160,105,55,13,42,original discovery sample ID,0,0.8781218781218781,0.9545454545454546,0.7368421052631579,0.8940242763772175,0.625
265,0.2550453245639801,"C=0.5,l1=0.8",160,97,63,12,51,original discovery sample ID,0,0.916083916083916,0.9841269841269842,0.9210526315789473,0.8067226890756303,0.8125
266,0.30475521087646484,"C=0.5,l1=0.8",160,94,66,15,51,original discovery sample ID,0,0.9225774225774226,0.9841269841269842,0.9210526315789473,0.8277310924369747,0.8125
267,0.7510666251182556,"C=0.5,l1=0.8",160,99,61,17,44,original discovery sample ID,0,0.8973526473526474,0.9545454545454546,0.8157894736842105,0.8898225957049486,0.625
268,0.3211587071418762,"C=0.5,l1=0.8",160,102,58,14,44,original discovery sample ID,0,0.9225774225774226,0.9841269841269842,0.9210526315789473,0.8403361344537815,0.8125
269,0.7520946264266968,"C=0.5,l1=0.8",160,105,55,14,41,original discovery sample ID,0,0.8973526473526474,0.9545454545454546,0.8157894736842105,0.8898225957049486,0.625
270,0.3654029965400696,"C=0.5,l1=0.8",160,95,65,17,48,original discovery sample ID,0,0.9226606726606726,0.9920634920634921,0.9210526315789473,0.865546218487395,0.8125
271,0.6211000084877014,"C=0.5,l1=0.8",160,106,54,14,40,original discovery sample ID,0,0.91008991008991,0.9545454545454546,0.8947368421052632,0.8965919701213818,0.6875
272,0.6095716953277588,"C=0.5,l1=0.8",160,103,57,12,45,original discovery sample ID,0,0.91008991008991,0.9545454545454546,0.8947368421052632,0.8965919701213818,0.6875
273,0.7158987522125244,"C=0.5,l1=0.8",160,99,61,12,49,original discovery sample ID,0,0.9101731601731602,0.9545454545454546,0.8421052631578947,0.9049953314659197,0.65625
274,0.8951625823974609,"C=0.5,l1=0.8",160,106,54,11,43,original discovery sample ID,0,0.8333333333333333,0.9090909090909092,0.6842105263157895,0.9108309990662932,0.5625
275,0.5283724069595337,"C=0.5,l1=0.8",160,103,57,16,41,original discovery sample ID,0,0.9163336663336663,1.0,0.9210526315789473,0.8839869281045751,0.71875
276,0.3130244314670563,"C=0.5,l1=0.8",160,96,64,13,51,original discovery sample ID,0,0.9225774225774226,0.9841269841269842,0.9210526315789473,0.8361344537815126,0.8125
277,0.8075475096702576,"C=0.5,l1=0.8",160,100,60,14,46,original discovery sample ID,0,0.8781218781218781,0.9545454545454546,0.763157894736842,0.8940242763772175,0.625
278,0.4041643738746643,"C=0.5,l1=0.8",160,97,63,13,50,original discovery sample ID,0,0.9227439227439227,0.9920634920634921,0.9210526315789473,0.8781512605042017,0.8125
279,0.48129743337631226,"C=0.5,l1=0.8",160,105,55,16,39,original discovery sample ID,0,0.9163336663336663,1.0,0.9210526315789473,0.8755835667600373,0.78125
280,0.9195908308029175,"C=0.5,l1=0.8",160,104,56,11,45,original discovery sample ID,0,0.8269230769230769,0.9090909090909092,0.6842105263157895,0.9150326797385621,0.5625
281,0.3706095516681671,"C=0.5,l1=0.8",160,101,59,14,45,original discovery sample ID,0,0.9226606726606726,0.9920634920634921,0.9210526315789473,0.865546218487395,0.8125
282,0.26406872272491455,"C=0.5,l1=0.8",160,92,68,14,54,original discovery sample ID,0,0.916083916083916,0.9841269841269842,0.9210526315789473,0.819327731092437,0.8125
283,0.8971357941627502,"C=0.5,l1=0.8",160,113,47,8,39,original discovery sample ID,0,0.8333333333333333,0.9090909090909092,0.6842105263157895,0.9108309990662932,0.5625
284,0.6134337782859802,"C=0.5,l1=0.8",160,103,57,14,43,original discovery sample ID,0,0.91008991008991,0.9545454545454546,0.8947368421052632,0.8965919701213818,0.6875
285,0.31807127594947815,"C=0.5,l1=0.8",160,103,57,12,45,original discovery sample ID,0,0.9225774225774226,0.9841269841269842,0.9210526315789473,0.8403361344537815,0.8125
286,0.7987293004989624,"C=0.5,l1=0.8",160,101,59,12,47,original discovery sample ID,0,0.8781218781218781,0.9545454545454546,0.7894736842105263,0.8940242763772175,0.625
287,0.5583892464637756,"C=0.5,l1=0.8",160,100,60,17,43,original discovery sample ID,0,0.9293206793206793,1.0,0.9210526315789473,0.8923902894491129,0.71875
288,0.34563544392585754,"C=0.5,l1=0.8",160,104,56,12,44,original discovery sample ID,0,0.9290709290709291,0.9841269841269842,0.9210526315789473,0.8571428571428572,0.8125
289,0.8119547367095947,"C=0.5,l1=0.8",160,104,56,16,40,original discovery sample ID,0,0.8781218781218781,0.9545454545454546,0.763157894736842,0.8940242763772175,0.625
290,0.5526755452156067,"C=0.5,l1=0.8",160,103,57,12,45,original discovery sample ID,0,0.9163336663336663,1.0,0.9210526315789473,0.8923902894491129,0.71875
291,0.8924599885940552,"C=0.5,l1=0.8",160,105,55,16,39,original discovery sample ID,0,0.8397435897435898,0.9090909090909092,0.6842105263157895,0.9108309990662932,0.5625
292,0.6974663734436035,"C=0.5,l1=0.8",160,96,64,17,47,original discovery sample ID,0,0.9101731601731602,0.9545454545454546,0.868421052631579,0.9007936507936507,0.6875
293,0.23093043267726898,"C=0.5,l1=0.8",160,101,59,13,46,original discovery sample ID,0,0.9095904095904096,0.9761904761904762,0.9210526315789473,0.7857142857142857,0.8125
294,0.34424856305122375,"C=0.5,l1=0.8",160,108,52,12,40,original discovery sample ID,0,0.9290709290709291,0.9841269841269842,0.9210526315789473,0.8571428571428572,0.8125
295,0.20863160490989685,"C=0.5,l1=0.8",160,96,64,14,50,original discovery sample ID,0,0.9030969030969032,0.9761904761904762,0.9210526315789473,0.7731092436974789,0.875
296,0.7198392152786255,"C=0.5,l1=0.8",160,100,60,12,48,original discovery sample ID,0,0.9037629037629038,0.9545454545454546,0.8421052631578947,0.9049953314659197,0.65625
297,0.287193238735199,"C=0.5,l1=0.8",160,100,60,13,47,original discovery sample ID,0,0.9225774225774226,0.9841269841269842,0.9210526315789473,0.8277310924369747,0.8125
298,0.387702614068985,"C=0.5,l1=0.8",160,97,63,14,49,original discovery sample ID,0,0.9226606726606726,0.9920634920634921,0.9210526315789473,0.865546218487395,0.8125
299,0.44816628098487854,"C=0.5,l1=0.8",160,103,57,14,43,original discovery sample ID,0,0.9163336663336663,0.9920634920634921,0.9210526315789473,0.8755835667600373,0.78125
300,0.8053879737854004,"C=0.5,l1=0.8",160,106,54,12,42,original discovery sample ID,0,0.8781218781218781,0.9545454545454546,0.763157894736842,0.8940242763772175,0.625
301,0.8404107689857483,"C=0.5,l1=0.8",160,104,56,11,45,original discovery sample ID,0,0.8717116217116216,0.9545454545454546,0.7368421052631579,0.8982259570494864,0.625
302,0.2622303068637848,"C=0.5,l1=0.8",160,108,52,10,42,original discovery sample ID,0,0.916083916083916,0.9841269841269842,0.9210526315789473,0.8151260504201681,0.8125
303,0.8359361290931702,"C=0.5,l1=0.8",160,102,58,15,43,original discovery sample ID,0,0.8717116217116216,0.9545454545454546,0.7368421052631579,0.8982259570494864,0.625
304,0.19653698801994324,"C=0.5,l1=0.8",160,99,61,15,46,original discovery sample ID,0,0.9030969030969032,0.9761904761904762,0.9210526315789473,0.76890756302521,0.875
305,0.8533312678337097,"C=0.5,l1=0.8",160,104,56,14,42,original discovery sample ID,0,0.858974358974359,0.9545454545454546,0.7105263157894737,0.9024276377217553,0.625
306,0.47997283935546875,"C=0.5,l1=0.8",160,93,67,15,52,original discovery sample ID,0,0.9163336663336663,1.0,0.9210526315789473,0.8755835667600373,0.78125
307,0.652546226978302,"C=0.5,l1=0.8",160,103,57,15,42,original discovery sample ID,0,0.91008991008991,0.9545454545454546,0.868421052631579,0.9007936507936507,0.6875
308,0.7985513806343079,"C=0.5,l1=0.8",160,100,60,16,44,original discovery sample ID,0,0.8781218781218781,0.9545454545454546,0.7894736842105263,0.8940242763772175,0.625
309,0.30848896503448486,"C=0.5,l1=0.8",160,103,57,11,46,original discovery sample ID,0,0.9225774225774226,0.9841269841269842,0.9210526315789473,0.8277310924369747,0.8125
310,0.17897185683250427,"C=0.5,l1=0.8",160,101,59,16,43,original discovery sample ID,0,0.8966033966033966,0.9682539682539683,0.9210526315789473,0.7647058823529411,0.90625
311,0.3584873378276825,"C=0.5,l1=0.8",160,106,54,12,42,original discovery sample ID,0,0.9226606726606726,0.9920634920634921,0.9210526315789473,0.8571428571428572,0.8125
312,0.23659157752990723,"C=0.5,l1=0.8",160,89,71,16,55,original discovery sample ID,0,0.9095904095904096,0.9761904761904762,0.9210526315789473,0.7941176470588236,0.8125
313,0.5930994153022766,"C=0.5,l1=0.8",160,99,61,13,48,original discovery sample ID,0,0.9165001665001664,1.0,0.9210526315789473,0.8965919701213818,0.6875
314,0.4108721911907196,"C=0.5,l1=0.8",160,105,55,13,42,original discovery sample ID,0,0.9227439227439227,0.9920634920634921,0.9210526315789473,0.8865546218487395,0.8125
315,0.30247244238853455,"C=0.5,l1=0.8",160,101,59,13,46,original discovery sample ID,0,0.9225774225774226,0.9841269841269842,0.9210526315789473,0.8277310924369747,0.8125
316,0.6032267212867737,"C=0.5,l1=0.8",160,98,62,16,46,original discovery sample ID,0,0.9165001665001664,0.9545454545454546,0.8947368421052632,0.8965919701213818,0.6875
317,0.33458730578422546,"C=0.5,l1=0.8",160,103,57,13,44,original discovery sample ID,0,0.9290709290709291,0.9841269841269842,0.9210526315789473,0.8529411764705883,0.8125
318,0.7998150587081909,"C=0.5,l1=0.8",160,100,60,13,47,original discovery sample ID,0,0.8781218781218781,0.9545454545454546,0.7894736842105263,0.8940242763772175,0.625
319,0.884485125541687,"C=0.5,l1=0.8",160,101,59,15,44,original discovery sample ID,0,0.8461538461538461,0.9090909090909092,0.6842105263157895,0.9108309990662932,0.5625
320,0.3700200319290161,"C=0.5,l1=0.8",160,103,57,13,44,original discovery sample ID,0,0.9226606726606726,0.9920634920634921,0.9210526315789473,0.865546218487395,0.8125
321,0.679774284362793,"C=0.5,l1=0.8",160,93,67,13,54,original discovery sample ID,0,0.9165834165834166,0.9545454545454546,0.868421052631579,0.9007936507936507,0.6875
322,0.8686823844909668,"C=0.5,l1=0.8",160,103,57,15,42,original discovery sample ID,0,0.8525641025641026,0.9545454545454546,0.7105263157894737,0.9066293183940243,0.625
323,0.7271747589111328,"C=0.5,l1=0.8",160,103,57,14,43,original discovery sample ID,0,0.9037629037629038,0.9545454545454546,0.8421052631578947,0.9091970121381886,0.625
324,0.8975808024406433,"C=0.5,l1=0.8",160,108,52,12,40,original discovery sample ID,0,0.8333333333333333,0.9090909090909092,0.6842105263157895,0.9108309990662932,0.5625
325,0.6347795724868774,"C=0.5,l1=0.8",160,101,59,10,49,original discovery sample ID,0,0.91008991008991,0.9545454545454546,0.8947368421052632,0.8965919701213818,0.6875
326,0.3310560882091522,"C=0.5,l1=0.8",160,101,59,16,43,original discovery sample ID,0,0.9225774225774226,0.9841269841269842,0.9210526315789473,0.8487394957983193,0.8125
327,0.657651960849762,"C=0.5,l1=0.8",160,105,55,12,43,original discovery sample ID,0,0.91008991008991,0.9545454545454546,0.868421052631579,0.9007936507936507,0.6875
328,0.7212691903114319,"C=0.5,l1=0.8",160,96,64,14,50,original discovery sample ID,0,0.9037629037629038,0.9545454545454546,0.8421052631578947,0.9049953314659197,0.625
329,0.300725519657135,"C=0.5,l1=0.8",160,102,58,13,45,original discovery sample ID,0,0.9225774225774226,0.9841269841269842,0.9210526315789473,0.8277310924369747,0.8125
330,0.8936805725097656,"C=0.5,l1=0.8",160,103,57,10,47,original discovery sample ID,0,0.8397435897435898,0.9090909090909092,0.6842105263157895,0.9108309990662932,0.5625
331,0.22677071392536163,"C=0.5,l1=0.8",160,99,61,13,48,original discovery sample ID,0,0.9095904095904096,0.9761904761904762,0.9210526315789473,0.7857142857142857,0.8125
332,0.5527269840240479,"C=0.5,l1=0.8",160,106,54,13,41,original discovery sample ID,0,0.9163336663336663,1.0,0.9210526315789473,0.8923902894491129,0.71875
333,0.2664402723312378,"C=0.5,l1=0.8",160,105,55,18,37,original discovery sample ID,0,0.916083916083916,0.9841269841269842,0.9210526315789473,0.819327731092437,0.8125
334,0.30772069096565247,"C=0.5,l1=0.8",160,102,58,13,45,original discovery sample ID,0,0.9225774225774226,0.9841269841269842,0.9210526315789473,0.8277310924369747,0.8125
335,0.27447235584259033,"C=0.5,l1=0.8",160,97,63,18,45,original discovery sample ID,0,0.916083916083916,0.9841269841269842,0.9210526315789473,0.8235294117647058,0.8125
336,0.9252208471298218,"C=0.5,l1=0.8",160,106,54,12,42,original discovery sample ID,0,0.8205128205128205,0.8636363636363636,0.6842105263157895,0.9150326797385621,0.5625
337,0.8341243863105774,"C=0.5,l1=0.8",160,103,57,14,43,original discovery sample ID,0,0.8717116217116216,0.9545454545454546,0.7368421052631579,0.8982259570494864,0.625
338,0.38786938786506653,"C=0.5,l1=0.8",160,111,49,9,40,original discovery sample ID,0,0.9226606726606726,0.9920634920634921,0.9210526315789473,0.865546218487395,0.8125
339,0.7758582234382629,"C=0.5,l1=0.8",160,101,59,12,47,original discovery sample ID,0,0.8781218781218781,0.9545454545454546,0.7894736842105263,0.8898225957049486,0.625
340,0.8233659863471985,"C=0.5,l1=0.8",160,100,60,13,47,original discovery sample ID,0,0.8781218781218781,0.9545454545454546,0.7368421052631579,0.8940242763772175,0.625
341,0.4826565682888031,"C=0.5,l1=0.8",160,102,58,15,43,original discovery sample ID,0,0.9163336663336663,1.0,0.9210526315789473,0.8755835667600373,0.78125
342,0.17989149689674377,"C=0.5,l1=0.8",160,98,62,16,46,original discovery sample ID,0,0.8966033966033966,0.9682539682539683,0.9210526315789473,0.7647058823529411,0.90625
343,0.23384331166744232,"C=0.5,l1=0.8",160,104,56,13,43,original discovery sample ID,0,0.9095904095904096,0.9761904761904762,0.9210526315789473,0.7899159663865547,0.8125
344,0.2550414800643921,"C=0.5,l1=0.8",160,99,61,14,47,original discovery sample ID,0,0.916083916083916,0.9841269841269842,0.9210526315789473,0.8067226890756303,0.8125
345,0.9434062242507935,"C=0.5,l1=0.8",160,100,60,12,48,original discovery sample ID,0,0.8012820512820513,0.8181818181818181,0.6842105263157895,0.9234360410831,0.5625
346,0.7455935478210449,"C=0.5,l1=0.8",160,97,63,17,46,original discovery sample ID,0,0.9037629037629038,0.9545454545454546,0.8157894736842105,0.8898225957049486,0.625
347,0.515870213508606,"C=0.5,l1=0.8",160,106,54,10,44,original discovery sample ID,0,0.9163336663336663,1.0,0.9210526315789473,0.8797852474323062,0.78125
348,0.7803899049758911,"C=0.5,l1=0.8",160,102,58,11,47,original discovery sample ID,0,0.8781218781218781,0.9545454545454546,0.7894736842105263,0.8898225957049486,0.625
349,0.3588515818119049,"C=0.5,l1=0.8",160,97,63,11,52,original discovery sample ID,0,0.9226606726606726,0.9920634920634921,0.9210526315789473,0.8571428571428572,0.8125
350,0.30441784858703613,"C=0.5,l1=0.8",160,95,65,18,47,original discovery sample ID,0,0.9225774225774226,0.9841269841269842,0.9210526315789473,0.8277310924369747,0.8125
351,0.8288188576698303,"C=0.5,l1=0.8",160,100,60,15,45,original discovery sample ID,0,0.8781218781218781,0.9545454545454546,0.7368421052631579,0.8982259570494864,0.625
352,0.7155067920684814,"C=0.5,l1=0.8",160,102,58,12,46,original discovery sample ID,0,0.9101731601731602,0.9545454545454546,0.8421052631578947,0.9049953314659197,0.65625
353,0.44246068596839905,"C=0.5,l1=0.8",160,102,58,12,46,original discovery sample ID,0,0.9227439227439227,0.9920634920634921,0.9210526315789473,0.8713818860877685,0.78125
354,0.3801342844963074,"C=0.5,l1=0.8",160,102,58,14,44,original discovery sample ID,0,0.9226606726606726,0.9920634920634921,0.9210526315789473,0.865546218487395,0.8125
355,0.807535707950592,"C=0.5,l1=0.8",160,97,63,14,49,original discovery sample ID,0,0.8781218781218781,0.9545454545454546,0.763157894736842,0.8940242763772175,0.625
356,0.37361037731170654,"C=0.5,l1=0.8",160,100,60,14,46,original discovery sample ID,0,0.9226606726606726,0.9920634920634921,0.9210526315789473,0.865546218487395,0.8125
357,0.2878253757953644,"C=0.5,l1=0.8",160,98,62,15,47,original discovery sample ID,0,0.9225774225774226,0.9841269841269842,0.9210526315789473,0.8277310924369747,0.8125
358,0.8406339287757874,"C=0.5,l1=0.8",160,96,64,17,47,original discovery sample ID,0,0.8717116217116216,0.9545454545454546,0.7368421052631579,0.8982259570494864,0.625
359,0.29147425293922424,"C=0.5,l1=0.8",160,96,64,15,49,original discovery sample ID,0,0.9225774225774226,0.9841269841269842,0.9210526315789473,0.8277310924369747,0.8125
360,0.3296698033809662,"C=0.5,l1=0.8",160,93,67,15,52,original discovery sample ID,0,0.9225774225774226,0.9841269841269842,0.9210526315789473,0.8445378151260504,0.8125
361,0.4236515760421753,"C=0.5,l1=0.8",160,107,53,13,40,original discovery sample ID,0,0.9227439227439227,0.9920634920634921,0.9210526315789473,0.8865546218487395,0.78125
362,0.3075408637523651,"C=0.5,l1=0.8",160,103,57,12,45,original discovery sample ID,0,0.9225774225774226,0.9841269841269842,0.9210526315789473,0.8277310924369747,0.8125
363,0.6519419550895691,"C=0.5,l1=0.8",160,106,54,12,42,original discovery sample ID,0,0.91008991008991,0.9545454545454546,0.868421052631579,0.9007936507936507,0.6875
364,0.8753517866134644,"C=0.5,l1=0.8",160,100,60,15,45,original discovery sample ID,0,0.8525641025641026,0.9090909090909092,0.7105263157894737,0.9066293183940243,0.59375
365,0.8968387246131897,"C=0.5,l1=0.8",160,106,54,11,43,original discovery sample ID,0,0.8333333333333333,0.9090909090909092,0.6842105263157895,0.9108309990662932,0.5625
366,0.7235094308853149,"C=0.5,l1=0.8",160,99,61,15,46,original discovery sample ID,0,0.9037629037629038,0.9545454545454546,0.8421052631578947,0.9091970121381886,0.625
367,0.7622178196907043,"C=0.5,l1=0.8",160,98,62,12,50,original discovery sample ID,0,0.8781218781218781,0.9545454545454546,0.8157894736842105,0.8898225957049486,0.625
368,0.9187749028205872,"C=0.5,l1=0.8",160,96,64,13,51,original discovery sample ID,0,0.8269230769230769,0.9090909090909092,0.6842105263157895,0.9150326797385621,0.5625
369,0.44312360882759094,"C=0.5,l1=0.8",160,103,57,13,44,original discovery sample ID,0,0.9227439227439227,0.9920634920634921,0.9210526315789473,0.8713818860877685,0.78125
370,0.7787824869155884,"C=0.5,l1=0.8",160,99,61,14,47,original discovery sample ID,0,0.8781218781218781,0.9545454545454546,0.7894736842105263,0.8898225957049486,0.625
371,0.5922231078147888,"C=0.5,l1=0.8",160,100,60,12,48,original discovery sample ID,0,0.9165001665001664,1.0,0.9210526315789473,0.8965919701213818,0.6875
372,0.899319052696228,"C=0.5,l1=0.8",160,103,57,13,44,original discovery sample ID,0,0.8333333333333333,0.9090909090909092,0.6842105263157895,0.9108309990662932,0.5625
373,0.459343284368515,"C=0.5,l1=0.8",160,101,59,14,45,original discovery sample ID,0,0.9163336663336663,0.9920634920634921,0.9210526315789473,0.8755835667600373,0.78125
374,0.6219431161880493,"C=0.5,l1=0.8",160,105,55,14,41,original discovery sample ID,0,0.91008991008991,0.9545454545454546,0.8947368421052632,0.8965919701213818,0.6875
375,0.8337122201919556,"C=0.5,l1=0.8",160,99,61,13,48,original discovery sample ID,0,0.8717116217116216,0.9545454545454546,0.7368421052631579,0.8982259570494864,0.625
376,0.8070378303527832,"C=0.5,l1=0.8",160,101,59,14,45,original discovery sample ID,0,0.8781218781218781,0.9545454545454546,0.763157894736842,0.8940242763772175,0.625
377,0.8413749933242798,"C=0.5,l1=0.8",160,109,51,12,39,original discovery sample ID,0,0.8782051282051282,0.9545454545454546,0.7368421052631579,0.8982259570494864,0.625
378,0.6616335511207581,"C=0.5,l1=0.8",160,97,63,11,52,original discovery sample ID,0,0.91008991008991,0.9545454545454546,0.868421052631579,0.9007936507936507,0.6875
379,0.44248324632644653,"C=0.5,l1=0.8",160,104,56,12,44,original discovery sample ID,0,0.9227439227439227,0.9920634920634921,0.9210526315789473,0.8713818860877685,0.78125
380,0.3699822723865509,"C=0.5,l1=0.8",160,97,63,15,48,original discovery sample ID,0,0.9226606726606726,0.9920634920634921,0.9210526315789473,0.865546218487395,0.8125
381,0.2865228056907654,"C=0.5,l1=0.8",160,104,56,13,43,original discovery sample ID,0,0.916083916083916,0.9841269841269842,0.9210526315789473,0.8277310924369747,0.8125
382,0.6193205118179321,"C=0.5,l1=0.8",160,110,50,15,35,original discovery sample ID,0,0.91008991008991,0.9545454545454546,0.8947368421052632,0.8965919701213818,0.6875
383,0.21955081820487976,"C=0.5,l1=0.8",160,103,57,14,43,original discovery sample ID,0,0.9095904095904096,0.9761904761904762,0.9210526315789473,0.7857142857142857,0.84375
384,0.9055246114730835,"C=0.5,l1=0.8",160,96,64,13,51,original discovery sample ID,0,0.8333333333333333,0.9090909090909092,0.6842105263157895,0.9108309990662932,0.5625
385,0.2578522562980652,"C=0.5,l1=0.8",160,102,58,14,44,original discovery sample ID,0,0.916083916083916,0.9841269841269842,0.9210526315789473,0.8151260504201681,0.8125
386,0.4445112347602844,"C=0.5,l1=0.8",160,100,60,13,47,original discovery sample ID,0,0.9227439227439227,0.9920634920634921,0.9210526315789473,0.8713818860877685,0.78125
387,0.9173496961593628,"C=0.5,l1=0.8",160,108,52,10,42,original discovery sample ID,0,0.8269230769230769,0.9090909090909092,0.6842105263157895,0.9150326797385621,0.5625
388,0.36322087049484253,"C=0.5,l1=0.8",160,98,62,16,46,original discovery sample ID,0,0.9226606726606726,0.9920634920634921,0.9210526315789473,0.8613445378151261,0.8125
389,0.3066101670265198,"C=0.5,l1=0.8",160,99,61,11,50,original discovery sample ID,0,0.9225774225774226,0.9841269841269842,0.9210526315789473,0.8277310924369747,0.8125
390,0.3182007968425751,"C=0.5,l1=0.8",160,103,57,13,44,original discovery sample ID,0,0.9225774225774226,0.9841269841269842,0.9210526315789473,0.8403361344537815,0.8125
391,0.31973597407341003,"C=0.5,l1=0.8",160,104,56,13,43,original discovery sample ID,0,0.9225774225774226,0.9841269841269842,0.9210526315789473,0.8403361344537815,0.8125
392,0.7421253323554993,"C=0.5,l1=0.8",160,100,60,13,47,original discovery sample ID,0,0.9037629037629038,0.9545454545454546,0.8421052631578947,0.9176003734827265,0.625
393,0.619886040687561,"C=0.5,l1=0.8",160,101,59,13,46,original discovery sample ID,0,0.91008991008991,0.9545454545454546,0.8947368421052632,0.8965919701213818,0.6875
394,0.6853764653205872,"C=0.5,l1=0.8",160,104,56,15,41,original discovery sample ID,0,0.9165834165834166,0.9545454545454546,0.868421052631579,0.9007936507936507,0.6875
395,0.3483784794807434,"C=0.5,l1=0.8",160,100,60,13,47,original discovery sample ID,0,0.9290709290709291,0.9841269841269842,0.9210526315789473,0.8571428571428572,0.8125
396,0.17356935143470764,"C=0.5,l1=0.8",160,98,62,16,46,original discovery sample ID,0,0.8966033966033966,0.9682539682539683,0.9210526315789473,0.7647058823529411,0.9375
397,0.3924289345741272,"C=0.5,l1=0.8",160,107,53,12,41,original discovery sample ID,0,0.9226606726606726,0.9920634920634921,0.9210526315789473,0.8697478991596639,0.8125
398,0.44691571593284607,"C=0.5,l1=0.8",160,99,61,14,47,original discovery sample ID,0,0.9227439227439227,0.9920634920634921,0.9210526315789473,0.8713818860877685,0.78125
399,0.4138154089450836,"C=0.5,l1=0.8",160,107,53,13,40,original discovery sample ID,0,0.9227439227439227,0.9920634920634921,0.9210526315789473,0.8865546218487395,0.78125
400,0.6846939921379089,"C=0.5,l1=0.8",160,103,57,16,41,original discovery sample ID,0,0.9165834165834166,0.9545454545454546,0.868421052631579,0.9007936507936507,0.6875
401,0.667291522026062,"C=0.5,l1=0.8",160,97,63,12,51,original discovery sample ID,0,0.91008991008991,0.9545454545454546,0.868421052631579,0.9007936507936507,0.6875
402,0.2860260307788849,"C=0.5,l1=0.8",160,101,59,10,49,original discovery sample ID,0,0.916083916083916,0.9841269841269842,0.9210526315789473,0.8277310924369747,0.8125
403,0.41214990615844727,"C=0.5,l1=0.8",160,102,58,15,43,original discovery sample ID,0,0.9227439227439227,0.9920634920634921,0.9210526315789473,0.8865546218487395,0.8125
404,0.8751637935638428,"C=0.5,l1=0.8",160,99,61,13,48,original discovery sample ID,0,0.8525641025641026,0.9090909090909092,0.7105263157894737,0.9066293183940243,0.59375
405,0.5851796865463257,"C=0.5,l1=0.8",160,106,54,13,41,original discovery sample ID,0,0.9165001665001664,1.0,0.9210526315789473,0.8965919701213818,0.6875
406,0.2679368853569031,"C=0.5,l1=0.8",160,95,65,17,48,original discovery sample ID,0,0.916083916083916,0.9841269841269842,0.9210526315789473,0.819327731092437,0.8125
407,0.5021563768386841,"C=0.5,l1=0.8",160,99,61,16,45,original discovery sample ID,0,0.9163336663336663,1.0,0.9210526315789473,0.8755835667600373,0.78125
408,0.421435683965683,"C=0.5,l1=0.8",160,96,64,14,50,original discovery sample ID,0,0.9227439227439227,0.9920634920634921,0.9210526315789473,0.8865546218487395,0.78125
409,0.208431676030159,"C=0.5,l1=0.8",160,105,55,13,42,original discovery sample ID,0,0.9030969030969032,0.9761904761904762,0.9210526315789473,0.7731092436974789,0.875
410,0.45352092385292053,"C=0.5,l1=0.8",160,100,60,13,47,original discovery sample ID,0,0.9163336663336663,0.9920634920634921,0.9210526315789473,0.8755835667600373,0.78125
411,0.7620362639427185,"C=0.5,l1=0.8",160,98,62,13,49,original discovery sample ID,0,0.8781218781218781,0.9545454545454546,0.8157894736842105,0.8898225957049486,0.625
412,0.7865106463432312,"C=0.5,l1=0.8",160,101,59,14,45,original discovery sample ID,0,0.8781218781218781,0.9545454545454546,0.7894736842105263,0.8940242763772175,0.625
413,0.4238129258155823,"C=0.5,l1=0.8",160,99,61,16,45,original discovery sample ID,0,0.9227439227439227,0.9920634920634921,0.9210526315789473,0.8865546218487395,0.78125
414,0.6649070382118225,"C=0.5,l1=0.8",160,109,51,12,39,original discovery sample ID,0,0.91008991008991,0.9545454545454546,0.868421052631579,0.9007936507936507,0.6875
415,0.3672191798686981,"C=0.5,l1=0.8",160,100,60,14,46,original discovery sample ID,0,0.9226606726606726,0.9920634920634921,0.9210526315789473,0.865546218487395,0.8125
416,0.5800464153289795,"C=0.5,l1=0.8",160,103,57,11,46,original discovery sample ID,0,0.9229104229104229,1.0,0.9210526315789473,0.8965919701213818,0.6875
417,0.34796255826950073,"C=0.5,l1=0.8",160,102,58,14,44,original discovery sample ID,0,0.9290709290709291,0.9841269841269842,0.9210526315789473,0.8571428571428572,0.8125
418,0.6239255666732788,"C=0.5,l1=0.8",160,102,58,11,47,original discovery sample ID,0,0.91008991008991,0.9545454545454546,0.8947368421052632,0.8965919701213818,0.6875
419,0.44307106733322144,"C=0.5,l1=0.8",160,97,63,14,49,original discovery sample ID,0,0.9227439227439227,0.9920634920634921,0.9210526315789473,0.8713818860877685,0.78125
420,0.6260219216346741,"C=0.5,l1=0.8",160,102,58,14,44,original discovery sample ID,0,0.91008991008991,0.9545454545454546,0.8947368421052632,0.8965919701213818,0.6875
421,0.34962552785873413,"C=0.5,l1=0.8",160,98,62,13,49,original discovery sample ID,0,0.9290709290709291,0.9841269841269842,0.9210526315789473,0.8571428571428572,0.8125
422,0.4021204710006714,"C=0.5,l1=0.8",160,104,56,16,40,original discovery sample ID,0,0.9291541791541791,0.9920634920634921,0.9210526315789473,0.8697478991596639,0.8125
423,0.7577624320983887,"C=0.5,l1=0.8",160,109,51,12,39,original discovery sample ID,0,0.8909423909423909,0.9545454545454546,0.8157894736842105,0.8898225957049486,0.625
424,0.6681228876113892,"C=0.5,l1=0.8",160,97,63,16,47,original discovery sample ID,0,0.91008991008991,0.9545454545454546,0.868421052631579,0.9007936507936507,0.6875
425,0.7357357144355774,"C=0.5,l1=0.8",160,106,54,10,44,original discovery sample ID,0,0.9037629037629038,0.9545454545454546,0.8421052631578947,0.9133986928104575,0.625
426,0.5837719440460205,"C=0.5,l1=0.8",160,107,53,12,41,original discovery sample ID,0,0.9165001665001664,1.0,0.9210526315789473,0.8965919701213818,0.6875
427,0.4877709746360779,"C=0.5,l1=0.8",160,98,62,12,50,original discovery sample ID,0,0.9163336663336663,1.0,0.9210526315789473,0.8755835667600373,0.78125
428,0.2793439030647278,"C=0.5,l1=0.8",160,98,62,15,47,original discovery sample ID,0,0.916083916083916,0.9841269841269842,0.9210526315789473,0.8235294117647058,0.8125
429,0.8761206269264221,"C=0.5,l1=0.8",160,108,52,12,40,original discovery sample ID,0,0.8525641025641026,0.9090909090909092,0.6842105263157895,0.9108309990662932,0.59375
430,0.18889155983924866,"C=0.5,l1=0.8",160,106,54,12,42,original discovery sample ID,0,0.8966033966033966,0.9682539682539683,0.9210526315789473,0.7647058823529411,0.875
431,0.4191354215145111,"C=0.5,l1=0.8",160,111,49,11,38,original discovery sample ID,0,0.9227439227439227,0.9920634920634921,0.9210526315789473,0.8865546218487395,0.78125
432,0.14468546211719513,"C=0.5,l1=0.8",160,101,59,14,45,original discovery sample ID,0,0.8836163836163836,0.9682539682539683,0.9210526315789473,0.7226890756302521,0.9178921568627452
433,0.3187410533428192,"C=0.5,l1=0.8",160,98,62,15,47,original discovery sample ID,0,0.9225774225774226,0.9841269841269842,0.9210526315789473,0.8403361344537815,0.8125
434,0.724362313747406,"C=0.5,l1=0.8",160,104,56,13,43,original discovery sample ID,0,0.9037629037629038,0.9545454545454546,0.8421052631578947,0.9091970121381886,0.625
435,0.3261409401893616,"C=0.5,l1=0.8",160,103,57,14,43,original discovery sample ID,0,0.9225774225774226,0.9841269841269842,0.9210526315789473,0.8445378151260504,0.8125
436,0.44190818071365356,"C=0.5,l1=0.8",160,102,58,15,43,original discovery sample ID,0,0.9227439227439227,0.9920634920634921,0.9210526315789473,0.8713818860877685,0.78125
437,0.32959437370300293,"C=0.5,l1=0.8",160,98,62,15,47,original discovery sample ID,0,0.9225774225774226,0.9841269841269842,0.9210526315789473,0.8445378151260504,0.8125
438,0.4211983382701874,"C=0.5,l1=0.8",160,103,57,11,46,original discovery sample ID,0,0.9227439227439227,0.9920634920634921,0.9210526315789473,0.8865546218487395,0.78125
439,0.3302493989467621,"C=0.5,l1=0.8",160,99,61,15,46,original discovery sample ID,0,0.9225774225774226,0.9841269841269842,0.9210526315789473,0.8445378151260504,0.8125
440,0.5045062899589539,"C=0.5,l1=0.8",160,107,53,14,39,original discovery sample ID,0,0.9163336663336663,1.0,0.9210526315789473,0.8755835667600373,0.78125
441,0.5438626408576965,"C=0.5,l1=0.8",160,102,58,15,43,original discovery sample ID,0,0.9163336663336663,1.0,0.9210526315789473,0.888188608776844,0.71875
442,0.33671003580093384,"C=0.5,l1=0.8",160,97,63,16,47,original discovery sample ID,0,0.9290709290709291,0.9841269841269842,0.9210526315789473,0.8529411764705883,0.8125
443,0.5209590196609497,"C=0.5,l1=0.8",160,95,65,13,52,original discovery sample ID,0,0.9163336663336663,1.0,0.9210526315789473,0.8839869281045751,0.78125
444,0.4697868525981903,"C=0.5,l1=0.8",160,99,61,12,49,original discovery sample ID,0,0.9163336663336663,0.9920634920634921,0.9210526315789473,0.8755835667600373,0.78125
445,0.19943438470363617,"C=0.5,l1=0.8",160,104,56,15,41,original discovery sample ID,0,0.9030969030969032,0.9761904761904762,0.9210526315789473,0.76890756302521,0.875
446,0.9235977530479431,"C=0.5,l1=0.8",160,104,56,11,45,original discovery sample ID,0,0.8205128205128205,0.8636363636363636,0.6842105263157895,0.9150326797385621,0.5625
447,0.5433291792869568,"C=0.5,l1=0.8",160,108,52,11,41,original discovery sample ID,0,0.9163336663336663,1.0,0.9210526315789473,0.888188608776844,0.71875
448,0.6629776358604431,"C=0.5,l1=0.8",160,108,52,14,38,original discovery sample ID,0,0.91008991008991,0.9545454545454546,0.868421052631579,0.9007936507936507,0.6875
449,0.325305700302124,"C=0.5,l1=0.8",160,102,58,12,46,original discovery sample ID,0,0.9225774225774226,0.9841269841269842,0.9210526315789473,0.8445378151260504,0.8125
450,0.3230402171611786,"C=0.5,l1=0.8",160,104,56,16,40,original discovery sample ID,0,0.9225774225774226,0.9841269841269842,0.9210526315789473,0.8445378151260504,0.8125
451,0.564128041267395,"C=0.5,l1=0.8",160,102,58,13,45,original discovery sample ID,0,0.9293206793206793,1.0,0.9210526315789473,0.8923902894491129,0.6875
452,0.27778422832489014,"C=0.5,l1=0.8",160,103,57,12,45,original discovery sample ID,0,0.916083916083916,0.9841269841269842,0.9210526315789473,0.8235294117647058,0.8125
453,0.4403074383735657,"C=0.5,l1=0.8",160,102,58,15,43,original discovery sample ID,0,0.9227439227439227,0.9920634920634921,0.9210526315789473,0.8713818860877685,0.78125
454,0.30435630679130554,"C=0.5,l1=0.8",160,100,60,14,46,original discovery sample ID,0,0.9225774225774226,0.9841269841269842,0.9210526315789473,0.8277310924369747,0.8125
455,0.3801348805427551,"C=0.5,l1=0.8",160,104,56,16,40,original discovery sample ID,0,0.9226606726606726,0.9920634920634921,0.9210526315789473,0.865546218487395,0.8125
456,0.7715800404548645,"C=0.5,l1=0.8",160,102,58,14,44,original discovery sample ID,0,0.8781218781218781,0.9545454545454546,0.7894736842105263,0.8898225957049486,0.625
457,0.5246037840843201,"C=0.5,l1=0.8",160,98,62,13,49,original discovery sample ID,0,0.9163336663336663,1.0,0.9210526315789473,0.8839869281045751,0.75
458,0.6612995862960815,"C=0.5,l1=0.8",160,93,67,15,52,original discovery sample ID,0,0.91008991008991,0.9545454545454546,0.868421052631579,0.9007936507936507,0.6875
459,0.5050444602966309,"C=0.5,l1=0.8",160,95,65,15,50,original discovery sample ID,0,0.9163336663336663,1.0,0.9210526315789473,0.8755835667600373,0.78125
460,0.6577330827713013,"C=0.5,l1=0.8",160,100,60,11,49,original discovery sample ID,0,0.91008991008991,0.9545454545454546,0.868421052631579,0.9007936507936507,0.6875
461,0.5011247396469116,"C=0.5,l1=0.8",160,105,55,13,42,original discovery sample ID,0,0.9163336663336663,1.0,0.9210526315789473,0.8755835667600373,0.78125
462,0.5593992471694946,"C=0.5,l1=0.8",160,103,57,12,45,original discovery sample ID,0,0.9293206793206793,1.0,0.9210526315789473,0.8923902894491129,0.71875
463,0.4466273784637451,"C=0.5,l1=0.8",160,106,54,12,42,original discovery sample ID,0,0.9227439227439227,0.9920634920634921,0.9210526315789473,0.8713818860877685,0.78125
464,0.6920892596244812,"C=0.5,l1=0.8",160,104,56,11,45,original discovery sample ID,0,0.9165834165834166,0.9545454545454546,0.868421052631579,0.9007936507936507,0.6875
465,0.8008337020874023,"C=0.5,l1=0.8",160,104,56,14,42,original discovery sample ID,0,0.8781218781218781,0.9545454545454546,0.7894736842105263,0.8940242763772175,0.625
466,0.8790334463119507,"C=0.5,l1=0.8",160,106,54,13,41,original discovery sample ID,0,0.8525641025641026,0.9090909090909092,0.6842105263157895,0.9108309990662932,0.5625
467,0.6705302000045776,"C=0.5,l1=0.8",160,98,62,15,47,original discovery sample ID,0,0.91008991008991,0.9545454545454546,0.868421052631579,0.9007936507936507,0.6875
468,0.5271604061126709,"C=0.5,l1=0.8",160,97,63,15,48,original discovery sample ID,0,0.9163336663336663,1.0,0.9210526315789473,0.8839869281045751,0.71875
469,0.7714164853096008,"C=0.5,l1=0.8",160,104,56,15,41,original discovery sample ID,0,0.8781218781218781,0.9545454545454546,0.7894736842105263,0.8898225957049486,0.625
470,0.9324836730957031,"C=0.5,l1=0.8",160,105,55,15,40,original discovery sample ID,0,0.8076923076923077,0.8636363636363636,0.6842105263157895,0.919234360410831,0.5625
471,0.7840954065322876,"C=0.5,l1=0.8",160,108,52,15,37,original discovery sample ID,0,0.8781218781218781,0.9545454545454546,0.7894736842105263,0.8898225957049486,0.625
472,0.44913262128829956,"C=0.5,l1=0.8",160,106,54,9,45,original discovery sample ID,0,0.9163336663336663,0.9920634920634921,0.9210526315789473,0.8755835667600373,0.78125
473,0.6379964351654053,"C=0.5,l1=0.8",160,101,59,16,43,original discovery sample ID,0,0.91008991008991,0.9545454545454546,0.868421052631579,0.8965919701213818,0.6875
474,0.32223790884017944,"C=0.5,l1=0.8",160,100,60,13,47,original discovery sample ID,0,0.9225774225774226,0.9841269841269842,0.9210526315789473,0.8403361344537815,0.8125
475,0.516187846660614,"C=0.5,l1=0.8",160,105,55,11,44,original discovery sample ID,0,0.9163336663336663,1.0,0.9210526315789473,0.8797852474323062,0.78125
476,0.7721027731895447,"C=0.5,l1=0.8",160,104,56,10,46,original discovery sample ID,0,0.8781218781218781,0.9545454545454546,0.7894736842105263,0.8898225957049486,0.625
477,0.3497640788555145,"C=0.5,l1=0.8",160,99,61,12,49,original discovery sample ID,0,0.9290709290709291,0.9841269841269842,0.9210526315789473,0.8571428571428572,0.8125
478,0.46538615226745605,"C=0.5,l1=0.8",160,101,59,11,48,original discovery sample ID,0,0.9163336663336663,0.9920634920634921,0.9210526315789473,0.8755835667600373,0.78125
479,0.4916723072528839,"C=0.5,l1=0.8",160,102,58,11,47,original discovery sample ID,0,0.9163336663336663,1.0,0.9210526315789473,0.8755835667600373,0.78125
480,0.3467799425125122,"C=0.5,l1=0.8",160,102,58,14,44,original discovery sample ID,0,0.9290709290709291,0.9841269841269842,0.9210526315789473,0.8571428571428572,0.8125
481,0.772297203540802,"C=0.5,l1=0.8",160,98,62,12,50,original discovery sample ID,0,0.8781218781218781,0.9545454545454546,0.7894736842105263,0.8898225957049486,0.625
482,0.46841874718666077,"C=0.5,l1=0.8",160,104,56,13,43,original discovery sample ID,0,0.9163336663336663,0.9920634920634921,0.9210526315789473,0.8755835667600373,0.78125
483,0.7096527218818665,"C=0.5,l1=0.8",160,106,54,12,42,original discovery sample ID,0,0.9101731601731602,0.9545454545454546,0.8421052631578947,0.9007936507936507,0.65625
484,0.3077828586101532,"C=0.5,l1=0.8",160,96,64,17,47,original discovery sample ID,0,0.9225774225774226,0.9841269841269842,0.9210526315789473,0.8277310924369747,0.8125
485,0.31653591990470886,"C=0.5,l1=0.8",160,101,59,17,42,original discovery sample ID,0,0.9225774225774226,0.9841269841269842,0.9210526315789473,0.8403361344537815,0.8125
486,0.8318895101547241,"C=0.5,l1=0.8",160,103,57,13,44,original discovery sample ID,0,0.8717116217116216,0.9545454545454546,0.7368421052631579,0.8982259570494864,0.625
487,0.41708943247795105,"C=0.5,l1=0.8",160,96,64,18,46,original discovery sample ID,0,0.9227439227439227,0.9920634920634921,0.9210526315789473,0.8865546218487395,0.78125
488,0.4204710125923157,"C=0.5,l1=0.8",160,93,67,17,50,original discovery sample ID,0,0.9227439227439227,0.9920634920634921,0.9210526315789473,0.8865546218487395,0.78125
489,0.4323163628578186,"C=0.5,l1=0.8",160,101,59,15,44,original discovery sample ID,0,0.9227439227439227,0.9920634920634921,0.9210526315789473,0.8629785247432307,0.78125
490,0.7090618014335632,"C=0.5,l1=0.8",160,102,58,13,45,original discovery sample ID,0,0.9101731601731602,0.9545454545454546,0.8421052631578947,0.9007936507936507,0.65625
491,0.8241323828697205,"C=0.5,l1=0.8",160,98,62,13,49,original discovery sample ID,0,0.8781218781218781,0.9545454545454546,0.7368421052631579,0.8940242763772175,0.625
492,0.8989585041999817,"C=0.5,l1=0.8",160,95,65,14,51,original discovery sample ID,0,0.8333333333333333,0.9090909090909092,0.6842105263157895,0.9108309990662932,0.5625
493,0.438691645860672,"C=0.5,l1=0.8",160,103,57,14,43,original discovery sample ID,0,0.9227439227439227,0.9920634920634921,0.9210526315789473,0.8713818860877685,0.78125
494,0.2924211621284485,"C=0.5,l1=0.8",160,97,63,14,49,original discovery sample ID,0,0.9225774225774226,0.9841269841269842,0.9210526315789473,0.8277310924369747,0.8125
495,0.5469664335250854,"C=0.5,l1=0.8",160,102,58,13,45,original discovery sample ID,0,0.9163336663336663,1.0,0.9210526315789473,0.888188608776844,0.71875
496,0.6212688088417053,"C=0.5,l1=0.8",160,101,59,12,47,original discovery sample ID,0,0.91008991008991,0.9545454545454546,0.8947368421052632,0.8965919701213818,0.6875
497,0.9089922904968262,"C=0.5,l1=0.8",160,96,64,15,49,original discovery sample ID,0,0.8333333333333333,0.9090909090909092,0.6842105263157895,0.9108309990662932,0.5625
498,0.8571766018867493,"C=0.5,l1=0.8",160,100,60,16,44,original discovery sample ID,0,0.858974358974359,0.9545454545454546,0.7105263157894737,0.9066293183940243,0.625
499,0.3662216067314148,"C=0.5,l1=0.8",160,107,53,12,41,original discovery sample ID,0,0.9226606726606726,0.9920634920634921,0.9210526315789473,0.865546218487395,0.8125
