design,representation,model,candidate,cv_auroc
TCGA_to_GEO,fixed_log_expression,elastic_net,"C=0.1,l1=0.2",0.993627774115579
TCGA_to_GEO,fixed_log_expression,elastic_net,"C=0.1,l1=0.5",0.992089650626236
TCGA_to_GEO,fixed_log_expression,elastic_net,"C=0.1,l1=0.8",0.9909909909909911
TCGA_to_GEO,fixed_log_expression,elastic_net,"C=0.5,l1=0.2",0.99340804218853
TCGA_to_GEO,fixed_log_expression,elastic_net,"C=0.5,l1=0.5",0.9925291144803339
TCGA_to_GEO,fixed_log_expression,elastic_net,"C=0.5,l1=0.8",0.99121072291804
TCGA_to_GEO,fixed_log_expression,elastic_net,"C=2.0,l1=0.2",0.99340804218853
TCGA_to_GEO,fixed_log_expression,elastic_net,"C=2.0,l1=0.5",0.993847506042628
TCGA_to_GEO,fixed_log_expression,elastic_net,"C=2.0,l1=0.8",0.9931883102614809
TCGA_to_GEO,fixed_log_expression,svm_rbf,"C=0.1,gamma=0.001",0.9898923313557461
TCGA_to_GEO,fixed_log_expression,svm_rbf,"C=0.1,gamma=0.01",0.988573939793452
TCGA_to_GEO,fixed_log_expression,svm_rbf,"C=0.1,gamma=0.1",0.3101516150296638
TCGA_to_GEO,fixed_log_expression,svm_rbf,"C=1.0,gamma=0.001",0.9934080421885301
TCGA_to_GEO,fixed_log_expression,svm_rbf,"C=1.0,gamma=0.01",0.992968578334432
TCGA_to_GEO,fixed_log_expression,svm_rbf,"C=1.0,gamma=0.1",0.29586903977147877
TCGA_to_GEO,fixed_log_expression,svm_rbf,"C=10.0,gamma=0.001",0.994067237969677
TCGA_to_GEO,fixed_log_expression,svm_rbf,"C=10.0,gamma=0.01",0.9931883102614809
TCGA_to_GEO,fixed_log_expression,svm_rbf,"C=10.0,gamma=0.1",0.2957591738079543
TCGA_to_GEO,fixed_log_expression,xgboost,"depth=2,lr=0.02,trees=600",0.9914304548450891
TCGA_to_GEO,fixed_log_expression,xgboost,"depth=2,lr=0.05,trees=400",0.994067237969677
TCGA_to_GEO,fixed_log_expression,xgboost,"depth=2,lr=0.1,trees=250",0.9903317952098439
TCGA_to_GEO,fixed_log_expression,xgboost,"depth=3,lr=0.02,trees=600",0.9914304548450891
TCGA_to_GEO,fixed_log_expression,xgboost,"depth=3,lr=0.05,trees=400",0.994067237969677
TCGA_to_GEO,fixed_log_expression,xgboost,"depth=3,lr=0.1,trees=250",0.9903317952098439
TCGA_to_GEO,fixed_log_expression,xgboost,"depth=5,lr=0.02,trees=600",0.9914304548450891
TCGA_to_GEO,fixed_log_expression,xgboost,"depth=5,lr=0.05,trees=400",0.994067237969677
TCGA_to_GEO,fixed_log_expression,xgboost,"depth=5,lr=0.1,trees=250",0.9903317952098439
TCGA_to_GEO,target_cohort_adaptive_zscore,elastic_net,"C=0.1,l1=0.2",0.993627774115579
TCGA_to_GEO,target_cohort_adaptive_zscore,elastic_net,"C=0.1,l1=0.5",0.992089650626236
TCGA_to_GEO,target_cohort_adaptive_zscore,elastic_net,"C=0.1,l1=0.8",0.9909909909909911
TCGA_to_GEO,target_cohort_adaptive_zscore,elastic_net,"C=0.5,l1=0.2",0.99340804218853
TCGA_to_GEO,target_cohort_adaptive_zscore,elastic_net,"C=0.5,l1=0.5",0.9925291144803339
TCGA_to_GEO,target_cohort_adaptive_zscore,elastic_net,"C=0.5,l1=0.8",0.99121072291804
TCGA_to_GEO,target_cohort_adaptive_zscore,elastic_net,"C=2.0,l1=0.2",0.99340804218853
TCGA_to_GEO,target_cohort_adaptive_zscore,elastic_net,"C=2.0,l1=0.5",0.993847506042628
TCGA_to_GEO,target_cohort_adaptive_zscore,elastic_net,"C=2.0,l1=0.8",0.9931883102614809
TCGA_to_GEO,target_cohort_adaptive_zscore,svm_rbf,"C=0.1,gamma=0.001",0.989672599428697
TCGA_to_GEO,target_cohort_adaptive_zscore,svm_rbf,"C=0.1,gamma=0.01",0.988573939793452
TCGA_to_GEO,target_cohort_adaptive_zscore,svm_rbf,"C=0.1,gamma=0.1",0.3101516150296638
TCGA_to_GEO,target_cohort_adaptive_zscore,svm_rbf,"C=1.0,gamma=0.001",0.9934080421885301
TCGA_to_GEO,target_cohort_adaptive_zscore,svm_rbf,"C=1.0,gamma=0.01",0.992968578334432
TCGA_to_GEO,target_cohort_adaptive_zscore,svm_rbf,"C=1.0,gamma=0.1",0.2957591738079543
TCGA_to_GEO,target_cohort_adaptive_zscore,svm_rbf,"C=10.0,gamma=0.001",0.994067237969677
TCGA_to_GEO,target_cohort_adaptive_zscore,svm_rbf,"C=10.0,gamma=0.01",0.9931883102614809
TCGA_to_GEO,target_cohort_adaptive_zscore,svm_rbf,"C=10.0,gamma=0.1",0.2957591738079543
TCGA_to_GEO,target_cohort_adaptive_zscore,xgboost,"depth=2,lr=0.02,trees=600",0.9914304548450891
TCGA_to_GEO,target_cohort_adaptive_zscore,xgboost,"depth=2,lr=0.05,trees=400",0.994067237969677
TCGA_to_GEO,target_cohort_adaptive_zscore,xgboost,"depth=2,lr=0.1,trees=250",0.9903317952098439
TCGA_to_GEO,target_cohort_adaptive_zscore,xgboost,"depth=3,lr=0.02,trees=600",0.9914304548450891
TCGA_to_GEO,target_cohort_adaptive_zscore,xgboost,"depth=3,lr=0.05,trees=400",0.994067237969677
TCGA_to_GEO,target_cohort_adaptive_zscore,xgboost,"depth=3,lr=0.1,trees=250",0.9903317952098439
TCGA_to_GEO,target_cohort_adaptive_zscore,xgboost,"depth=5,lr=0.02,trees=600",0.9914304548450891
TCGA_to_GEO,target_cohort_adaptive_zscore,xgboost,"depth=5,lr=0.05,trees=400",0.994067237969677
TCGA_to_GEO,target_cohort_adaptive_zscore,xgboost,"depth=5,lr=0.1,trees=250",0.9903317952098439
TCGA_to_GEO,single_sample_rank,elastic_net,"C=0.1,l1=0.2",0.9953856295319711
TCGA_to_GEO,single_sample_rank,elastic_net,"C=0.1,l1=0.5",0.996044825313118
TCGA_to_GEO,single_sample_rank,elastic_net,"C=0.1,l1=0.8",0.995165897604922
TCGA_to_GEO,single_sample_rank,elastic_net,"C=0.5,l1=0.2",0.9947264337508239
TCGA_to_GEO,single_sample_rank,elastic_net,"C=0.5,l1=0.5",0.996484289167216
TCGA_to_GEO,single_sample_rank,elastic_net,"C=0.5,l1=0.8",0.99780268072951
TCGA_to_GEO,single_sample_rank,elastic_net,"C=2.0,l1=0.2",0.9921995165897605
TCGA_to_GEO,single_sample_rank,elastic_net,"C=2.0,l1=0.5",0.992968578334432
TCGA_to_GEO,single_sample_rank,elastic_net,"C=2.0,l1=0.8",0.994506701823775
TCGA_to_GEO,single_sample_rank,svm_rbf,"C=0.1,gamma=0.001",0.992089650626236
TCGA_to_GEO,single_sample_rank,svm_rbf,"C=0.1,gamma=0.01",0.987255548231158
TCGA_to_GEO,single_sample_rank,svm_rbf,"C=0.1,gamma=0.1",0.2886178861788618
TCGA_to_GEO,single_sample_rank,svm_rbf,"C=1.0,gamma=0.001",0.994946165677873
TCGA_to_GEO,single_sample_rank,svm_rbf,"C=1.0,gamma=0.01",0.9923093825532849
TCGA_to_GEO,single_sample_rank,svm_rbf,"C=1.0,gamma=0.1",0.29312239068336626
TCGA_to_GEO,single_sample_rank,svm_rbf,"C=10.0,gamma=0.001",0.996264557240167
TCGA_to_GEO,single_sample_rank,svm_rbf,"C=10.0,gamma=0.01",0.992748846407383
TCGA_to_GEO,single_sample_rank,svm_rbf,"C=10.0,gamma=0.1",0.29312239068336626
TCGA_to_GEO,single_sample_rank,xgboost,"depth=2,lr=0.02,trees=600",0.987914744012305
TCGA_to_GEO,single_sample_rank,xgboost,"depth=2,lr=0.05,trees=400",0.9918699186991871
TCGA_to_GEO,single_sample_rank,xgboost,"depth=2,lr=0.1,trees=250",0.9883542078664029
TCGA_to_GEO,single_sample_rank,xgboost,"depth=3,lr=0.02,trees=600",0.987914744012305
TCGA_to_GEO,single_sample_rank,xgboost,"depth=3,lr=0.05,trees=400",0.9918699186991871
TCGA_to_GEO,single_sample_rank,xgboost,"depth=3,lr=0.1,trees=250",0.9883542078664029
TCGA_to_GEO,single_sample_rank,xgboost,"depth=5,lr=0.02,trees=600",0.987914744012305
TCGA_to_GEO,single_sample_rank,xgboost,"depth=5,lr=0.05,trees=400",0.9918699186991871
TCGA_to_GEO,single_sample_rank,xgboost,"depth=5,lr=0.1,trees=250",0.9883542078664029
GEO_LOCO:GSE13294,fixed_log_expression,elastic_net,"C=0.1,l1=0.2",0.8648174157303371
GEO_LOCO:GSE13294,fixed_log_expression,elastic_net,"C=0.1,l1=0.5",0.848373127340824
GEO_LOCO:GSE13294,fixed_log_expression,elastic_net,"C=0.1,l1=0.8",0.8460908239700374
GEO_LOCO:GSE13294,fixed_log_expression,elastic_net,"C=0.5,l1=0.2",0.8682116104868914
GEO_LOCO:GSE13294,fixed_log_expression,elastic_net,"C=0.5,l1=0.5",0.842872191011236
GEO_LOCO:GSE13294,fixed_log_expression,elastic_net,"C=0.5,l1=0.8",0.8346207865168539
GEO_LOCO:GSE13294,fixed_log_expression,elastic_net,"C=2.0,l1=0.2",0.9033824906367042
GEO_LOCO:GSE13294,fixed_log_expression,elastic_net,"C=2.0,l1=0.5",0.8819054307116104
GEO_LOCO:GSE13294,fixed_log_expression,elastic_net,"C=2.0,l1=0.8",0.8454470973782772
GEO_LOCO:GSE13294,fixed_log_expression,svm_rbf,"C=0.1,gamma=0.001",0.7643375468164795
GEO_LOCO:GSE13294,fixed_log_expression,svm_rbf,"C=0.1,gamma=0.01",0.6068293539325843
GEO_LOCO:GSE13294,fixed_log_expression,svm_rbf,"C=0.1,gamma=0.1",0.35510299625468167
GEO_LOCO:GSE13294,fixed_log_expression,svm_rbf,"C=1.0,gamma=0.001",0.7993328651685393
GEO_LOCO:GSE13294,fixed_log_expression,svm_rbf,"C=1.0,gamma=0.01",0.6259070692883895
GEO_LOCO:GSE13294,fixed_log_expression,svm_rbf,"C=1.0,gamma=0.1",0.36335440074906367
GEO_LOCO:GSE13294,fixed_log_expression,svm_rbf,"C=10.0,gamma=0.001",0.82250702247191
GEO_LOCO:GSE13294,fixed_log_expression,svm_rbf,"C=10.0,gamma=0.01",0.6217228464419475
GEO_LOCO:GSE13294,fixed_log_expression,svm_rbf,"C=10.0,gamma=0.1",0.36300327715355807
GEO_LOCO:GSE13294,fixed_log_expression,xgboost,"depth=2,lr=0.02,trees=600",0.6082923689138577
GEO_LOCO:GSE13294,fixed_log_expression,xgboost,"depth=2,lr=0.05,trees=400",0.6184456928838952
GEO_LOCO:GSE13294,fixed_log_expression,xgboost,"depth=2,lr=0.1,trees=250",0.6098431647940075
GEO_LOCO:GSE13294,fixed_log_expression,xgboost,"depth=3,lr=0.02,trees=600",0.6016210205992509
GEO_LOCO:GSE13294,fixed_log_expression,xgboost,"depth=3,lr=0.05,trees=400",0.628803838951311
GEO_LOCO:GSE13294,fixed_log_expression,xgboost,"depth=3,lr=0.1,trees=250",0.6070926966292135
GEO_LOCO:GSE13294,fixed_log_expression,xgboost,"depth=5,lr=0.02,trees=600",0.6008017322097378
GEO_LOCO:GSE13294,fixed_log_expression,xgboost,"depth=5,lr=0.05,trees=400",0.6056296816479401
GEO_LOCO:GSE13294,fixed_log_expression,xgboost,"depth=5,lr=0.1,trees=250",0.5952130149812734
GEO_LOCO:GSE13294,target_cohort_adaptive_zscore,elastic_net,"C=0.1,l1=0.2",0.9656484082397003
GEO_LOCO:GSE13294,target_cohort_adaptive_zscore,elastic_net,"C=0.1,l1=0.5",0.9642439138576778
GEO_LOCO:GSE13294,target_cohort_adaptive_zscore,elastic_net,"C=0.1,l1=0.8",0.9613764044943819
GEO_LOCO:GSE13294,target_cohort_adaptive_zscore,elastic_net,"C=0.5,l1=0.2",0.9636587078651686
GEO_LOCO:GSE13294,target_cohort_adaptive_zscore,elastic_net,"C=0.5,l1=0.5",0.9642439138576779
GEO_LOCO:GSE13294,target_cohort_adaptive_zscore,elastic_net,"C=0.5,l1=0.8",0.9647705992509363
GEO_LOCO:GSE13294,target_cohort_adaptive_zscore,elastic_net,"C=2.0,l1=0.2",0.9638342696629214
GEO_LOCO:GSE13294,target_cohort_adaptive_zscore,elastic_net,"C=2.0,l1=0.5",0.9639513108614233
GEO_LOCO:GSE13294,target_cohort_adaptive_zscore,elastic_net,"C=2.0,l1=0.8",0.9637757490636705
GEO_LOCO:GSE13294,target_cohort_adaptive_zscore,svm_rbf,"C=0.1,gamma=0.001",0.9644779962546817
GEO_LOCO:GSE13294,target_cohort_adaptive_zscore,svm_rbf,"C=0.1,gamma=0.01",0.9699204119850188
GEO_LOCO:GSE13294,target_cohort_adaptive_zscore,svm_rbf,"C=0.1,gamma=0.1",0.26170411985018727
GEO_LOCO:GSE13294,target_cohort_adaptive_zscore,svm_rbf,"C=1.0,gamma=0.001",0.9647120786516854
GEO_LOCO:GSE13294,target_cohort_adaptive_zscore,svm_rbf,"C=1.0,gamma=0.01",0.9640098314606742
GEO_LOCO:GSE13294,target_cohort_adaptive_zscore,svm_rbf,"C=1.0,gamma=0.1",0.26170411985018727
GEO_LOCO:GSE13294,target_cohort_adaptive_zscore,svm_rbf,"C=10.0,gamma=0.001",0.9607326779026217
GEO_LOCO:GSE13294,target_cohort_adaptive_zscore,svm_rbf,"C=10.0,gamma=0.01",0.964068352059925
GEO_LOCO:GSE13294,target_cohort_adaptive_zscore,svm_rbf,"C=10.0,gamma=0.1",0.26170411985018727
GEO_LOCO:GSE13294,target_cohort_adaptive_zscore,xgboost,"depth=2,lr=0.02,trees=600",0.9597378277153559
GEO_LOCO:GSE13294,target_cohort_adaptive_zscore,xgboost,"depth=2,lr=0.05,trees=400",0.9625468164794007
GEO_LOCO:GSE13294,target_cohort_adaptive_zscore,xgboost,"depth=2,lr=0.1,trees=250",0.9655313670411985
GEO_LOCO:GSE13294,target_cohort_adaptive_zscore,xgboost,"depth=3,lr=0.02,trees=600",0.9599133895131087
GEO_LOCO:GSE13294,target_cohort_adaptive_zscore,xgboost,"depth=3,lr=0.05,trees=400",0.9606156367041199
GEO_LOCO:GSE13294,target_cohort_adaptive_zscore,xgboost,"depth=3,lr=0.1,trees=250",0.9628979400749065
GEO_LOCO:GSE13294,target_cohort_adaptive_zscore,xgboost,"depth=5,lr=0.02,trees=600",0.9600304307116105
GEO_LOCO:GSE13294,target_cohort_adaptive_zscore,xgboost,"depth=5,lr=0.05,trees=400",0.9606156367041199
GEO_LOCO:GSE13294,target_cohort_adaptive_zscore,xgboost,"depth=5,lr=0.1,trees=250",0.9627808988764046
GEO_LOCO:GSE13294,single_sample_rank,elastic_net,"C=0.1,l1=0.2",0.9544124531835206
GEO_LOCO:GSE13294,single_sample_rank,elastic_net,"C=0.1,l1=0.5",0.9542368913857677
GEO_LOCO:GSE13294,single_sample_rank,elastic_net,"C=0.1,l1=0.8",0.9510182584269663
GEO_LOCO:GSE13294,single_sample_rank,elastic_net,"C=0.5,l1=0.2",0.9457514044943821
GEO_LOCO:GSE13294,single_sample_rank,elastic_net,"C=0.5,l1=0.5",0.9527738764044944
GEO_LOCO:GSE13294,single_sample_rank,elastic_net,"C=0.5,l1=0.8",0.9547635767790261
GEO_LOCO:GSE13294,single_sample_rank,elastic_net,"C=2.0,l1=0.2",0.9297752808988764
GEO_LOCO:GSE13294,single_sample_rank,elastic_net,"C=2.0,l1=0.5",0.9349836142322098
GEO_LOCO:GSE13294,single_sample_rank,elastic_net,"C=2.0,l1=0.8",0.9397823033707866
GEO_LOCO:GSE13294,single_sample_rank,svm_rbf,"C=0.1,gamma=0.001",0.9620201310861423
GEO_LOCO:GSE13294,single_sample_rank,svm_rbf,"C=0.1,gamma=0.01",0.9635416666666666
GEO_LOCO:GSE13294,single_sample_rank,svm_rbf,"C=0.1,gamma=0.1",0.30922284644194753
GEO_LOCO:GSE13294,single_sample_rank,svm_rbf,"C=1.0,gamma=0.001",0.965063202247191
GEO_LOCO:GSE13294,single_sample_rank,svm_rbf,"C=1.0,gamma=0.01",0.9667017790262172
GEO_LOCO:GSE13294,single_sample_rank,svm_rbf,"C=1.0,gamma=0.1",0.3059456928838951
GEO_LOCO:GSE13294,single_sample_rank,svm_rbf,"C=10.0,gamma=0.001",0.9476825842696629
GEO_LOCO:GSE13294,single_sample_rank,svm_rbf,"C=10.0,gamma=0.01",0.9681062734082396
GEO_LOCO:GSE13294,single_sample_rank,svm_rbf,"C=10.0,gamma=0.1",0.3059456928838951
GEO_LOCO:GSE13294,single_sample_rank,xgboost,"depth=2,lr=0.02,trees=600",0.9487359550561797
GEO_LOCO:GSE13294,single_sample_rank,xgboost,"depth=2,lr=0.05,trees=400",0.9492626404494382
GEO_LOCO:GSE13294,single_sample_rank,xgboost,"depth=2,lr=0.1,trees=250",0.951193820224719
GEO_LOCO:GSE13294,single_sample_rank,xgboost,"depth=3,lr=0.02,trees=600",0.9490870786516854
GEO_LOCO:GSE13294,single_sample_rank,xgboost,"depth=3,lr=0.05,trees=400",0.9479751872659176
GEO_LOCO:GSE13294,single_sample_rank,xgboost,"depth=3,lr=0.1,trees=250",0.9485018726591761
GEO_LOCO:GSE13294,single_sample_rank,xgboost,"depth=5,lr=0.02,trees=600",0.949438202247191
GEO_LOCO:GSE13294,single_sample_rank,xgboost,"depth=5,lr=0.05,trees=400",0.9462780898876404
GEO_LOCO:GSE13294,single_sample_rank,xgboost,"depth=5,lr=0.1,trees=250",0.9483848314606742
GEO_LOCO:GSE13067,fixed_log_expression,elastic_net,"C=0.1,l1=0.2",0.9243975985439136
GEO_LOCO:GSE13067,fixed_log_expression,elastic_net,"C=0.1,l1=0.5",0.929450436010975
GEO_LOCO:GSE13067,fixed_log_expression,elastic_net,"C=0.1,l1=0.8",0.9344761076852028
GEO_LOCO:GSE13067,fixed_log_expression,elastic_net,"C=0.5,l1=0.2",0.9379533291679116
GEO_LOCO:GSE13067,fixed_log_expression,elastic_net,"C=0.5,l1=0.5",0.9426258455353018
GEO_LOCO:GSE13067,fixed_log_expression,elastic_net,"C=0.5,l1=0.8",0.9467278802531852
GEO_LOCO:GSE13067,fixed_log_expression,elastic_net,"C=2.0,l1=0.2",0.9406155768656107
GEO_LOCO:GSE13067,fixed_log_expression,elastic_net,"C=2.0,l1=0.5",0.9433593219418109
GEO_LOCO:GSE13067,fixed_log_expression,elastic_net,"C=2.0,l1=0.8",0.9437396430414821
GEO_LOCO:GSE13067,fixed_log_expression,svm_rbf,"C=0.1,gamma=0.001",0.5540191790497405
GEO_LOCO:GSE13067,fixed_log_expression,svm_rbf,"C=0.1,gamma=0.01",0.4943223492977643
GEO_LOCO:GSE13067,fixed_log_expression,svm_rbf,"C=0.1,gamma=0.1",0.26997364918095135
GEO_LOCO:GSE13067,fixed_log_expression,svm_rbf,"C=1.0,gamma=0.001",0.848075303577735
GEO_LOCO:GSE13067,fixed_log_expression,svm_rbf,"C=1.0,gamma=0.01",0.6478769932900493
GEO_LOCO:GSE13067,fixed_log_expression,svm_rbf,"C=1.0,gamma=0.1",0.31536768900600365
GEO_LOCO:GSE13067,fixed_log_expression,svm_rbf,"C=10.0,gamma=0.001",0.8952215370405585
GEO_LOCO:GSE13067,fixed_log_expression,svm_rbf,"C=10.0,gamma=0.01",0.6549672652196356
GEO_LOCO:GSE13067,fixed_log_expression,svm_rbf,"C=10.0,gamma=0.1",0.31028768574610843
GEO_LOCO:GSE13067,fixed_log_expression,xgboost,"depth=2,lr=0.02,trees=600",0.8171606313330255
GEO_LOCO:GSE13067,fixed_log_expression,xgboost,"depth=2,lr=0.05,trees=400",0.8061856510282253
GEO_LOCO:GSE13067,fixed_log_expression,xgboost,"depth=2,lr=0.1,trees=250",0.8206786015049847
GEO_LOCO:GSE13067,fixed_log_expression,xgboost,"depth=3,lr=0.02,trees=600",0.8122436228301322
GEO_LOCO:GSE13067,fixed_log_expression,xgboost,"depth=3,lr=0.05,trees=400",0.8064165602673113
GEO_LOCO:GSE13067,fixed_log_expression,xgboost,"depth=3,lr=0.1,trees=250",0.8159925022411778
GEO_LOCO:GSE13067,fixed_log_expression,xgboost,"depth=5,lr=0.02,trees=600",0.8084268289370025
GEO_LOCO:GSE13067,fixed_log_expression,xgboost,"depth=5,lr=0.05,trees=400",0.8151639455597512
GEO_LOCO:GSE13067,fixed_log_expression,xgboost,"depth=5,lr=0.1,trees=250",0.8131400939936433
GEO_LOCO:GSE13067,target_cohort_adaptive_zscore,elastic_net,"C=0.1,l1=0.2",0.9115210127407568
GEO_LOCO:GSE13067,target_cohort_adaptive_zscore,elastic_net,"C=0.1,l1=0.5",0.9066855016163646
GEO_LOCO:GSE13067,target_cohort_adaptive_zscore,elastic_net,"C=0.1,l1=0.8",0.9008720219499606
GEO_LOCO:GSE13067,target_cohort_adaptive_zscore,elastic_net,"C=0.5,l1=0.2",0.9149439026377986
GEO_LOCO:GSE13067,target_cohort_adaptive_zscore,elastic_net,"C=0.5,l1=0.5",0.9085599413218874
GEO_LOCO:GSE13067,target_cohort_adaptive_zscore,elastic_net,"C=0.5,l1=0.8",0.9023118089701448
GEO_LOCO:GSE13067,target_cohort_adaptive_zscore,elastic_net,"C=2.0,l1=0.2",0.9245062617152482
GEO_LOCO:GSE13067,target_cohort_adaptive_zscore,elastic_net,"C=2.0,l1=0.5",0.9214365271250441
GEO_LOCO:GSE13067,target_cohort_adaptive_zscore,elastic_net,"C=2.0,l1=0.8",0.9177963108853333
GEO_LOCO:GSE13067,target_cohort_adaptive_zscore,svm_rbf,"C=0.1,gamma=0.001",0.8936459210562061
GEO_LOCO:GSE13067,target_cohort_adaptive_zscore,svm_rbf,"C=0.1,gamma=0.01",0.9114666811550896
GEO_LOCO:GSE13067,target_cohort_adaptive_zscore,svm_rbf,"C=0.1,gamma=0.1",0.20713917035668686
GEO_LOCO:GSE13067,target_cohort_adaptive_zscore,svm_rbf,"C=1.0,gamma=0.001",0.9072016516802044
GEO_LOCO:GSE13067,target_cohort_adaptive_zscore,svm_rbf,"C=1.0,gamma=0.01",0.9290972807041373
GEO_LOCO:GSE13067,target_cohort_adaptive_zscore,svm_rbf,"C=1.0,gamma=0.1",0.1955937084023797
GEO_LOCO:GSE13067,target_cohort_adaptive_zscore,svm_rbf,"C=10.0,gamma=0.001",0.8996495612724458
GEO_LOCO:GSE13067,target_cohort_adaptive_zscore,svm_rbf,"C=10.0,gamma=0.01",0.9323028442585096
GEO_LOCO:GSE13067,target_cohort_adaptive_zscore,svm_rbf,"C=10.0,gamma=0.1",0.1955937084023797
GEO_LOCO:GSE13067,target_cohort_adaptive_zscore,xgboost,"depth=2,lr=0.02,trees=600",0.8813126511097226
GEO_LOCO:GSE13067,target_cohort_adaptive_zscore,xgboost,"depth=2,lr=0.05,trees=400",0.8881584309038059
GEO_LOCO:GSE13067,target_cohort_adaptive_zscore,xgboost,"depth=2,lr=0.1,trees=250",0.8841378935644237
GEO_LOCO:GSE13067,target_cohort_adaptive_zscore,xgboost,"depth=3,lr=0.02,trees=600",0.8855505147917742
GEO_LOCO:GSE13067,target_cohort_adaptive_zscore,xgboost,"depth=3,lr=0.05,trees=400",0.8850886963136019
GEO_LOCO:GSE13067,target_cohort_adaptive_zscore,xgboost,"depth=3,lr=0.1,trees=250",0.8871532965689604
GEO_LOCO:GSE13067,target_cohort_adaptive_zscore,xgboost,"depth=5,lr=0.02,trees=600",0.8859308358914454
GEO_LOCO:GSE13067,target_cohort_adaptive_zscore,xgboost,"depth=5,lr=0.05,trees=400",0.8844095514927602
GEO_LOCO:GSE13067,target_cohort_adaptive_zscore,xgboost,"depth=5,lr=0.1,trees=250",0.8880226019396377
GEO_LOCO:GSE13067,single_sample_rank,elastic_net,"C=0.1,l1=0.2",0.9627013664393796
GEO_LOCO:GSE13067,single_sample_rank,elastic_net,"C=0.1,l1=0.5",0.9610714188693598
GEO_LOCO:GSE13067,single_sample_rank,elastic_net,"C=0.1,l1=0.8",0.9557469234739615
GEO_LOCO:GSE13067,single_sample_rank,elastic_net,"C=0.5,l1=0.2",0.9631903507103855
GEO_LOCO:GSE13067,single_sample_rank,elastic_net,"C=0.5,l1=0.5",0.9615332373475319
GEO_LOCO:GSE13067,single_sample_rank,elastic_net,"C=0.5,l1=0.8",0.9582190106218249
GEO_LOCO:GSE13067,single_sample_rank,elastic_net,"C=2.0,l1=0.2",0.9647388009019042
GEO_LOCO:GSE13067,single_sample_rank,elastic_net,"C=2.0,l1=0.5",0.9628100296107143
GEO_LOCO:GSE13067,single_sample_rank,elastic_net,"C=2.0,l1=0.8",0.96218521637554
GEO_LOCO:GSE13067,single_sample_rank,svm_rbf,"C=0.1,gamma=0.001",0.9466192170818505
GEO_LOCO:GSE13067,single_sample_rank,svm_rbf,"C=0.1,gamma=0.01",0.8878731900790524
GEO_LOCO:GSE13067,single_sample_rank,svm_rbf,"C=0.1,gamma=0.1",0.21561489772079
GEO_LOCO:GSE13067,single_sample_rank,svm_rbf,"C=1.0,gamma=0.001",0.9527315204694249
GEO_LOCO:GSE13067,single_sample_rank,svm_rbf,"C=1.0,gamma=0.01",0.9109505310912499
GEO_LOCO:GSE13067,single_sample_rank,svm_rbf,"C=1.0,gamma=0.1",0.20401510418081553
GEO_LOCO:GSE13067,single_sample_rank,svm_rbf,"C=10.0,gamma=0.001",0.957730026350819
GEO_LOCO:GSE13067,single_sample_rank,svm_rbf,"C=10.0,gamma=0.01",0.9166145988970689
GEO_LOCO:GSE13067,single_sample_rank,svm_rbf,"C=10.0,gamma=0.1",0.20401510418081553
GEO_LOCO:GSE13067,single_sample_rank,xgboost,"depth=2,lr=0.02,trees=600",0.9462932275678466
GEO_LOCO:GSE13067,single_sample_rank,xgboost,"depth=2,lr=0.05,trees=400",0.9468365434245197
GEO_LOCO:GSE13067,single_sample_rank,xgboost,"depth=2,lr=0.1,trees=250",0.9419738665072941
GEO_LOCO:GSE13067,single_sample_rank,xgboost,"depth=3,lr=0.02,trees=600",0.9455054195756704
GEO_LOCO:GSE13067,single_sample_rank,xgboost,"depth=3,lr=0.05,trees=400",0.9469723723886881
GEO_LOCO:GSE13067,single_sample_rank,xgboost,"depth=3,lr=0.1,trees=250",0.9438483062128168
GEO_LOCO:GSE13067,single_sample_rank,xgboost,"depth=5,lr=0.02,trees=600",0.9455325853685039
GEO_LOCO:GSE13067,single_sample_rank,xgboost,"depth=5,lr=0.05,trees=400",0.9464562223248485
GEO_LOCO:GSE13067,single_sample_rank,xgboost,"depth=5,lr=0.1,trees=250",0.9440927983483198
GEO_LOCO:GSE18088,fixed_log_expression,elastic_net,"C=0.1,l1=0.2",0.8675583530028849
GEO_LOCO:GSE18088,fixed_log_expression,elastic_net,"C=0.1,l1=0.5",0.8694990820875951
GEO_LOCO:GSE18088,fixed_log_expression,elastic_net,"C=0.1,l1=0.8",0.8634408602150537
GEO_LOCO:GSE18088,fixed_log_expression,elastic_net,"C=0.5,l1=0.2",0.8647259375819564
GEO_LOCO:GSE18088,fixed_log_expression,elastic_net,"C=0.5,l1=0.5",0.8649357461316549
GEO_LOCO:GSE18088,fixed_log_expression,elastic_net,"C=0.5,l1=0.8",0.8673747705218988
GEO_LOCO:GSE18088,fixed_log_expression,elastic_net,"C=2.0,l1=0.2",0.8655913978494625
GEO_LOCO:GSE18088,fixed_log_expression,elastic_net,"C=2.0,l1=0.5",0.8641489640702859
GEO_LOCO:GSE18088,fixed_log_expression,elastic_net,"C=2.0,l1=0.8",0.862680304222397
GEO_LOCO:GSE18088,fixed_log_expression,svm_rbf,"C=0.1,gamma=0.001",0.7403094676108052
GEO_LOCO:GSE18088,fixed_log_expression,svm_rbf,"C=0.1,gamma=0.01",0.7037241017571466
GEO_LOCO:GSE18088,fixed_log_expression,svm_rbf,"C=0.1,gamma=0.1",0.2189352216102806
GEO_LOCO:GSE18088,fixed_log_expression,svm_rbf,"C=1.0,gamma=0.001",0.8367951744033568
GEO_LOCO:GSE18088,fixed_log_expression,svm_rbf,"C=1.0,gamma=0.01",0.7693417256753213
GEO_LOCO:GSE18088,fixed_log_expression,svm_rbf,"C=1.0,gamma=0.1",0.3907684238132704
GEO_LOCO:GSE18088,fixed_log_expression,svm_rbf,"C=10.0,gamma=0.001",0.788198269079465
GEO_LOCO:GSE18088,fixed_log_expression,svm_rbf,"C=10.0,gamma=0.01",0.7972200367164962
GEO_LOCO:GSE18088,fixed_log_expression,svm_rbf,"C=10.0,gamma=0.1",0.3908995541568319
GEO_LOCO:GSE18088,fixed_log_expression,xgboost,"depth=2,lr=0.02,trees=600",0.7153947023341202
GEO_LOCO:GSE18088,fixed_log_expression,xgboost,"depth=2,lr=0.05,trees=400",0.7325334382376082
GEO_LOCO:GSE18088,fixed_log_expression,xgboost,"depth=2,lr=0.1,trees=250",0.7435090479937058
GEO_LOCO:GSE18088,fixed_log_expression,xgboost,"depth=3,lr=0.02,trees=600",0.7541830579596118
GEO_LOCO:GSE18088,fixed_log_expression,xgboost,"depth=3,lr=0.05,trees=400",0.787149226330973
GEO_LOCO:GSE18088,fixed_log_expression,xgboost,"depth=3,lr=0.1,trees=250",0.7715971675845791
GEO_LOCO:GSE18088,fixed_log_expression,xgboost,"depth=5,lr=0.02,trees=600",0.7589824285339628
GEO_LOCO:GSE18088,fixed_log_expression,xgboost,"depth=5,lr=0.05,trees=400",0.770364542355101
GEO_LOCO:GSE18088,fixed_log_expression,xgboost,"depth=5,lr=0.1,trees=250",0.767833726724364
GEO_LOCO:GSE18088,target_cohort_adaptive_zscore,elastic_net,"C=0.1,l1=0.2",0.9065040650406504
GEO_LOCO:GSE18088,target_cohort_adaptive_zscore,elastic_net,"C=0.1,l1=0.5",0.9013899816417518
GEO_LOCO:GSE18088,target_cohort_adaptive_zscore,elastic_net,"C=0.1,l1=0.8",0.8990296354576448
GEO_LOCO:GSE18088,target_cohort_adaptive_zscore,elastic_net,"C=0.5,l1=0.2",0.9081038552321007
GEO_LOCO:GSE18088,target_cohort_adaptive_zscore,elastic_net,"C=0.5,l1=0.5",0.9016784683975871
GEO_LOCO:GSE18088,target_cohort_adaptive_zscore,elastic_net,"C=0.5,l1=0.8",0.9004196170993969
GEO_LOCO:GSE18088,target_cohort_adaptive_zscore,elastic_net,"C=2.0,l1=0.2",0.9235247836349332
GEO_LOCO:GSE18088,target_cohort_adaptive_zscore,elastic_net,"C=2.0,l1=0.5",0.9202989771833202
GEO_LOCO:GSE18088,target_cohort_adaptive_zscore,elastic_net,"C=2.0,l1=0.8",0.9147652766850249
GEO_LOCO:GSE18088,target_cohort_adaptive_zscore,svm_rbf,"C=0.1,gamma=0.001",0.8784290584841332
GEO_LOCO:GSE18088,target_cohort_adaptive_zscore,svm_rbf,"C=0.1,gamma=0.01",0.8873065827432469
GEO_LOCO:GSE18088,target_cohort_adaptive_zscore,svm_rbf,"C=0.1,gamma=0.1",0.1990034093889326
GEO_LOCO:GSE18088,target_cohort_adaptive_zscore,svm_rbf,"C=1.0,gamma=0.001",0.9003671649619722
GEO_LOCO:GSE18088,target_cohort_adaptive_zscore,svm_rbf,"C=1.0,gamma=0.01",0.8993705743509048
GEO_LOCO:GSE18088,target_cohort_adaptive_zscore,svm_rbf,"C=1.0,gamma=0.1",0.19441384736428008
GEO_LOCO:GSE18088,target_cohort_adaptive_zscore,svm_rbf,"C=10.0,gamma=0.001",0.8796747967479676
GEO_LOCO:GSE18088,target_cohort_adaptive_zscore,svm_rbf,"C=10.0,gamma=0.01",0.9009441384736427
GEO_LOCO:GSE18088,target_cohort_adaptive_zscore,svm_rbf,"C=10.0,gamma=0.1",0.19441384736428008
GEO_LOCO:GSE18088,target_cohort_adaptive_zscore,xgboost,"depth=2,lr=0.02,trees=600",0.8553632310516653
GEO_LOCO:GSE18088,target_cohort_adaptive_zscore,xgboost,"depth=2,lr=0.05,trees=400",0.8604773144505639
GEO_LOCO:GSE18088,target_cohort_adaptive_zscore,xgboost,"depth=2,lr=0.1,trees=250",0.8679517440335693
GEO_LOCO:GSE18088,target_cohort_adaptive_zscore,xgboost,"depth=3,lr=0.02,trees=600",0.8545239968528716
GEO_LOCO:GSE18088,target_cohort_adaptive_zscore,xgboost,"depth=3,lr=0.05,trees=400",0.8538683451350643
GEO_LOCO:GSE18088,target_cohort_adaptive_zscore,xgboost,"depth=3,lr=0.1,trees=250",0.8686860739575137
GEO_LOCO:GSE18088,target_cohort_adaptive_zscore,xgboost,"depth=5,lr=0.02,trees=600",0.8557828481510621
GEO_LOCO:GSE18088,target_cohort_adaptive_zscore,xgboost,"depth=5,lr=0.05,trees=400",0.8538421190663518
GEO_LOCO:GSE18088,target_cohort_adaptive_zscore,xgboost,"depth=5,lr=0.1,trees=250",0.8603461841070024
GEO_LOCO:GSE18088,single_sample_rank,elastic_net,"C=0.1,l1=0.2",0.9594282717020719
GEO_LOCO:GSE18088,single_sample_rank,elastic_net,"C=0.1,l1=0.5",0.9542617361657487
GEO_LOCO:GSE18088,single_sample_rank,elastic_net,"C=0.1,l1=0.8",0.9522947810123263
GEO_LOCO:GSE18088,single_sample_rank,elastic_net,"C=0.5,l1=0.2",0.9587726199842644
GEO_LOCO:GSE18088,single_sample_rank,elastic_net,"C=0.5,l1=0.5",0.958641489640703
GEO_LOCO:GSE18088,single_sample_rank,elastic_net,"C=0.5,l1=0.8",0.9546026750590086
GEO_LOCO:GSE18088,single_sample_rank,elastic_net,"C=2.0,l1=0.2",0.9554419092578023
GEO_LOCO:GSE18088,single_sample_rank,elastic_net,"C=2.0,l1=0.5",0.9592446892210859
GEO_LOCO:GSE18088,single_sample_rank,elastic_net,"C=2.0,l1=0.8",0.9575399947547862
GEO_LOCO:GSE18088,single_sample_rank,svm_rbf,"C=0.1,gamma=0.001",0.9419879360083923
GEO_LOCO:GSE18088,single_sample_rank,svm_rbf,"C=0.1,gamma=0.01",0.9420141620771048
GEO_LOCO:GSE18088,single_sample_rank,svm_rbf,"C=0.1,gamma=0.1",0.198950957251508
GEO_LOCO:GSE18088,single_sample_rank,svm_rbf,"C=1.0,gamma=0.001",0.9545895620246526
GEO_LOCO:GSE18088,single_sample_rank,svm_rbf,"C=1.0,gamma=0.01",0.9516260162601625
GEO_LOCO:GSE18088,single_sample_rank,svm_rbf,"C=1.0,gamma=0.1",0.1941778127458694
GEO_LOCO:GSE18088,single_sample_rank,svm_rbf,"C=10.0,gamma=0.001",0.9346446367689484
GEO_LOCO:GSE18088,single_sample_rank,svm_rbf,"C=10.0,gamma=0.01",0.9531602412798322
GEO_LOCO:GSE18088,single_sample_rank,svm_rbf,"C=10.0,gamma=0.1",0.1941778127458694
GEO_LOCO:GSE18088,single_sample_rank,xgboost,"depth=2,lr=0.02,trees=600",0.9495410437975347
GEO_LOCO:GSE18088,single_sample_rank,xgboost,"depth=2,lr=0.05,trees=400",0.9493312352478365
GEO_LOCO:GSE18088,single_sample_rank,xgboost,"depth=2,lr=0.1,trees=250",0.9439286650931025
GEO_LOCO:GSE18088,single_sample_rank,xgboost,"depth=3,lr=0.02,trees=600",0.9469184369263047
GEO_LOCO:GSE18088,single_sample_rank,xgboost,"depth=3,lr=0.05,trees=400",0.9464988198269079
GEO_LOCO:GSE18088,single_sample_rank,xgboost,"depth=3,lr=0.1,trees=250",0.9461841070023603
GEO_LOCO:GSE18088,single_sample_rank,xgboost,"depth=5,lr=0.02,trees=600",0.9471544715447153
GEO_LOCO:GSE18088,single_sample_rank,xgboost,"depth=5,lr=0.05,trees=400",0.9456071334906897
GEO_LOCO:GSE18088,single_sample_rank,xgboost,"depth=5,lr=0.1,trees=250",0.9475740886441122
GEO_LOCO:GSE26682,fixed_log_expression,elastic_net,"C=0.1,l1=0.2",0.9776702508960574
GEO_LOCO:GSE26682,fixed_log_expression,elastic_net,"C=0.1,l1=0.5",0.9781003584229391
GEO_LOCO:GSE26682,fixed_log_expression,elastic_net,"C=0.1,l1=0.8",0.9759139784946237
GEO_LOCO:GSE26682,fixed_log_expression,elastic_net,"C=0.5,l1=0.2",0.9766666666666667
GEO_LOCO:GSE26682,fixed_log_expression,elastic_net,"C=0.5,l1=0.5",0.9773476702508961
GEO_LOCO:GSE26682,fixed_log_expression,elastic_net,"C=0.5,l1=0.8",0.9772759856630824
GEO_LOCO:GSE26682,fixed_log_expression,elastic_net,"C=2.0,l1=0.2",0.9724372759856631
GEO_LOCO:GSE26682,fixed_log_expression,elastic_net,"C=2.0,l1=0.5",0.9743369175627239
GEO_LOCO:GSE26682,fixed_log_expression,elastic_net,"C=2.0,l1=0.8",0.9744086021505376
GEO_LOCO:GSE26682,fixed_log_expression,svm_rbf,"C=0.1,gamma=0.001",0.9489964157706093
GEO_LOCO:GSE26682,fixed_log_expression,svm_rbf,"C=0.1,gamma=0.01",0.8260394265232974
GEO_LOCO:GSE26682,fixed_log_expression,svm_rbf,"C=0.1,gamma=0.1",0.25120071684587814
GEO_LOCO:GSE26682,fixed_log_expression,svm_rbf,"C=1.0,gamma=0.001",0.9633333333333334
GEO_LOCO:GSE26682,fixed_log_expression,svm_rbf,"C=1.0,gamma=0.01",0.8891756272401434
GEO_LOCO:GSE26682,fixed_log_expression,svm_rbf,"C=1.0,gamma=0.1",0.2636917562724014
GEO_LOCO:GSE26682,fixed_log_expression,svm_rbf,"C=10.0,gamma=0.001",0.9815770609318997
GEO_LOCO:GSE26682,fixed_log_expression,svm_rbf,"C=10.0,gamma=0.01",0.902258064516129
GEO_LOCO:GSE26682,fixed_log_expression,svm_rbf,"C=10.0,gamma=0.1",0.2630645161290322
GEO_LOCO:GSE26682,fixed_log_expression,xgboost,"depth=2,lr=0.02,trees=600",0.9468458781362007
GEO_LOCO:GSE26682,fixed_log_expression,xgboost,"depth=2,lr=0.05,trees=400",0.9555913978494623
GEO_LOCO:GSE26682,fixed_log_expression,xgboost,"depth=2,lr=0.1,trees=250",0.9472043010752688
GEO_LOCO:GSE26682,fixed_log_expression,xgboost,"depth=3,lr=0.02,trees=600",0.9484229390681004
GEO_LOCO:GSE26682,fixed_log_expression,xgboost,"depth=3,lr=0.05,trees=400",0.952831541218638
GEO_LOCO:GSE26682,fixed_log_expression,xgboost,"depth=3,lr=0.1,trees=250",0.9517562724014337
GEO_LOCO:GSE26682,fixed_log_expression,xgboost,"depth=5,lr=0.02,trees=600",0.9472401433691757
GEO_LOCO:GSE26682,fixed_log_expression,xgboost,"depth=5,lr=0.05,trees=400",0.9541935483870968
GEO_LOCO:GSE26682,fixed_log_expression,xgboost,"depth=5,lr=0.1,trees=250",0.9423297491039426
GEO_LOCO:GSE26682,target_cohort_adaptive_zscore,elastic_net,"C=0.1,l1=0.2",0.9400716845878136
GEO_LOCO:GSE26682,target_cohort_adaptive_zscore,elastic_net,"C=0.1,l1=0.5",0.9382078853046594
GEO_LOCO:GSE26682,target_cohort_adaptive_zscore,elastic_net,"C=0.1,l1=0.8",0.9355913978494623
GEO_LOCO:GSE26682,target_cohort_adaptive_zscore,elastic_net,"C=0.5,l1=0.2",0.9431541218637992
GEO_LOCO:GSE26682,target_cohort_adaptive_zscore,elastic_net,"C=0.5,l1=0.5",0.9403942652329749
GEO_LOCO:GSE26682,target_cohort_adaptive_zscore,elastic_net,"C=0.5,l1=0.8",0.9363440860215055
GEO_LOCO:GSE26682,target_cohort_adaptive_zscore,elastic_net,"C=2.0,l1=0.2",0.9533691756272401
GEO_LOCO:GSE26682,target_cohort_adaptive_zscore,elastic_net,"C=2.0,l1=0.5",0.951899641577061
GEO_LOCO:GSE26682,target_cohort_adaptive_zscore,elastic_net,"C=2.0,l1=0.8",0.9440501792114696
GEO_LOCO:GSE26682,target_cohort_adaptive_zscore,svm_rbf,"C=0.1,gamma=0.001",0.9225806451612902
GEO_LOCO:GSE26682,target_cohort_adaptive_zscore,svm_rbf,"C=0.1,gamma=0.01",0.9342652329749104
GEO_LOCO:GSE26682,target_cohort_adaptive_zscore,svm_rbf,"C=0.1,gamma=0.1",0.20340501792114693
GEO_LOCO:GSE26682,target_cohort_adaptive_zscore,svm_rbf,"C=1.0,gamma=0.001",0.9335125448028673
GEO_LOCO:GSE26682,target_cohort_adaptive_zscore,svm_rbf,"C=1.0,gamma=0.01",0.9501433691756273
GEO_LOCO:GSE26682,target_cohort_adaptive_zscore,svm_rbf,"C=1.0,gamma=0.1",0.20340501792114693
GEO_LOCO:GSE26682,target_cohort_adaptive_zscore,svm_rbf,"C=10.0,gamma=0.001",0.9479928315412187
GEO_LOCO:GSE26682,target_cohort_adaptive_zscore,svm_rbf,"C=10.0,gamma=0.01",0.9523297491039426
GEO_LOCO:GSE26682,target_cohort_adaptive_zscore,svm_rbf,"C=10.0,gamma=0.1",0.2032974910394265
GEO_LOCO:GSE26682,target_cohort_adaptive_zscore,xgboost,"depth=2,lr=0.02,trees=600",0.9136200716845878
GEO_LOCO:GSE26682,target_cohort_adaptive_zscore,xgboost,"depth=2,lr=0.05,trees=400",0.9121146953405018
GEO_LOCO:GSE26682,target_cohort_adaptive_zscore,xgboost,"depth=2,lr=0.1,trees=250",0.9038351254480287
GEO_LOCO:GSE26682,target_cohort_adaptive_zscore,xgboost,"depth=3,lr=0.02,trees=600",0.9144444444444444
GEO_LOCO:GSE26682,target_cohort_adaptive_zscore,xgboost,"depth=3,lr=0.05,trees=400",0.917921146953405
GEO_LOCO:GSE26682,target_cohort_adaptive_zscore,xgboost,"depth=3,lr=0.1,trees=250",0.9074910394265232
GEO_LOCO:GSE26682,target_cohort_adaptive_zscore,xgboost,"depth=5,lr=0.02,trees=600",0.9146594982078854
GEO_LOCO:GSE26682,target_cohort_adaptive_zscore,xgboost,"depth=5,lr=0.05,trees=400",0.9180286738351254
GEO_LOCO:GSE26682,target_cohort_adaptive_zscore,xgboost,"depth=5,lr=0.1,trees=250",0.9050896057347669
GEO_LOCO:GSE26682,single_sample_rank,elastic_net,"C=0.1,l1=0.2",0.9681720430107528
GEO_LOCO:GSE26682,single_sample_rank,elastic_net,"C=0.1,l1=0.5",0.9649820788530465
GEO_LOCO:GSE26682,single_sample_rank,elastic_net,"C=0.1,l1=0.8",0.9595340501792115
GEO_LOCO:GSE26682,single_sample_rank,elastic_net,"C=0.5,l1=0.2",0.9725089605734767
GEO_LOCO:GSE26682,single_sample_rank,elastic_net,"C=0.5,l1=0.5",0.9706810035842293
GEO_LOCO:GSE26682,single_sample_rank,elastic_net,"C=0.5,l1=0.8",0.9688172043010754
GEO_LOCO:GSE26682,single_sample_rank,elastic_net,"C=2.0,l1=0.2",0.9764516129032258
GEO_LOCO:GSE26682,single_sample_rank,elastic_net,"C=2.0,l1=0.5",0.9763799283154122
GEO_LOCO:GSE26682,single_sample_rank,elastic_net,"C=2.0,l1=0.8",0.9767025089605735
GEO_LOCO:GSE26682,single_sample_rank,svm_rbf,"C=0.1,gamma=0.001",0.9502508960573477
GEO_LOCO:GSE26682,single_sample_rank,svm_rbf,"C=0.1,gamma=0.01",0.942652329749104
GEO_LOCO:GSE26682,single_sample_rank,svm_rbf,"C=0.1,gamma=0.1",0.19559139784946233
GEO_LOCO:GSE26682,single_sample_rank,svm_rbf,"C=1.0,gamma=0.001",0.9565232974910395
GEO_LOCO:GSE26682,single_sample_rank,svm_rbf,"C=1.0,gamma=0.01",0.9502867383512545
GEO_LOCO:GSE26682,single_sample_rank,svm_rbf,"C=1.0,gamma=0.1",0.1950358422939068
GEO_LOCO:GSE26682,single_sample_rank,svm_rbf,"C=10.0,gamma=0.001",0.979247311827957
GEO_LOCO:GSE26682,single_sample_rank,svm_rbf,"C=10.0,gamma=0.01",0.9518637992831541
GEO_LOCO:GSE26682,single_sample_rank,svm_rbf,"C=10.0,gamma=0.1",0.1950358422939068
GEO_LOCO:GSE26682,single_sample_rank,xgboost,"depth=2,lr=0.02,trees=600",0.9544086021505376
GEO_LOCO:GSE26682,single_sample_rank,xgboost,"depth=2,lr=0.05,trees=400",0.9559139784946237
GEO_LOCO:GSE26682,single_sample_rank,xgboost,"depth=2,lr=0.1,trees=250",0.9563440860215054
GEO_LOCO:GSE26682,single_sample_rank,xgboost,"depth=3,lr=0.02,trees=600",0.9546236559139785
GEO_LOCO:GSE26682,single_sample_rank,xgboost,"depth=3,lr=0.05,trees=400",0.9562724014336917
GEO_LOCO:GSE26682,single_sample_rank,xgboost,"depth=3,lr=0.1,trees=250",0.9555197132616488
GEO_LOCO:GSE26682,single_sample_rank,xgboost,"depth=5,lr=0.02,trees=600",0.9544086021505376
GEO_LOCO:GSE26682,single_sample_rank,xgboost,"depth=5,lr=0.05,trees=400",0.9563799283154123
GEO_LOCO:GSE26682,single_sample_rank,xgboost,"depth=5,lr=0.1,trees=250",0.9556989247311828
GEO_LOCO:GSE39084,fixed_log_expression,elastic_net,"C=0.1,l1=0.2",0.9245354569586651
GEO_LOCO:GSE39084,fixed_log_expression,elastic_net,"C=0.1,l1=0.5",0.9060349964786826
GEO_LOCO:GSE39084,fixed_log_expression,elastic_net,"C=0.1,l1=0.8",0.8609350452353866
GEO_LOCO:GSE39084,fixed_log_expression,elastic_net,"C=0.5,l1=0.2",0.8941979522184299
GEO_LOCO:GSE39084,fixed_log_expression,elastic_net,"C=0.5,l1=0.5",0.923316539357495
GEO_LOCO:GSE39084,fixed_log_expression,elastic_net,"C=0.5,l1=0.8",0.9267565956985753
GEO_LOCO:GSE39084,fixed_log_expression,elastic_net,"C=2.0,l1=0.2",0.8775394116691045
GEO_LOCO:GSE39084,fixed_log_expression,elastic_net,"C=2.0,l1=0.5",0.8915975946692669
GEO_LOCO:GSE39084,fixed_log_expression,elastic_net,"C=2.0,l1=0.8",0.9091500081261173
GEO_LOCO:GSE39084,fixed_log_expression,svm_rbf,"C=0.1,gamma=0.001",0.650008126117341
GEO_LOCO:GSE39084,fixed_log_expression,svm_rbf,"C=0.1,gamma=0.01",0.8988569261606804
GEO_LOCO:GSE39084,fixed_log_expression,svm_rbf,"C=0.1,gamma=0.1",0.21577550246492225
GEO_LOCO:GSE39084,fixed_log_expression,svm_rbf,"C=1.0,gamma=0.001",0.9025543095508965
GEO_LOCO:GSE39084,fixed_log_expression,svm_rbf,"C=1.0,gamma=0.01",0.9180887372013652
GEO_LOCO:GSE39084,fixed_log_expression,svm_rbf,"C=1.0,gamma=0.1",0.5294436318327104
GEO_LOCO:GSE39084,fixed_log_expression,svm_rbf,"C=10.0,gamma=0.001",0.9201338100655506
GEO_LOCO:GSE39084,fixed_log_expression,svm_rbf,"C=10.0,gamma=0.01",0.9238853675713743
GEO_LOCO:GSE39084,fixed_log_expression,svm_rbf,"C=10.0,gamma=0.1",0.5309875941275258
GEO_LOCO:GSE39084,fixed_log_expression,xgboost,"depth=2,lr=0.02,trees=600",0.897786987377431
GEO_LOCO:GSE39084,fixed_log_expression,xgboost,"depth=2,lr=0.05,trees=400",0.8937645592935696
GEO_LOCO:GSE39084,fixed_log_expression,xgboost,"depth=2,lr=0.1,trees=250",0.8920580746519312
GEO_LOCO:GSE39084,fixed_log_expression,xgboost,"depth=3,lr=0.02,trees=600",0.9000352131751449
GEO_LOCO:GSE39084,fixed_log_expression,xgboost,"depth=3,lr=0.05,trees=400",0.8952814345305813
GEO_LOCO:GSE39084,fixed_log_expression,xgboost,"depth=3,lr=0.1,trees=250",0.9022157213283493
GEO_LOCO:GSE39084,fixed_log_expression,xgboost,"depth=5,lr=0.02,trees=600",0.8912048323311123
GEO_LOCO:GSE39084,fixed_log_expression,xgboost,"depth=5,lr=0.05,trees=400",0.897150441519042
GEO_LOCO:GSE39084,fixed_log_expression,xgboost,"depth=5,lr=0.1,trees=250",0.880342922151796
GEO_LOCO:GSE39084,target_cohort_adaptive_zscore,elastic_net,"C=0.1,l1=0.2",0.9035971612763422
GEO_LOCO:GSE39084,target_cohort_adaptive_zscore,elastic_net,"C=0.1,l1=0.5",0.901755241345685
GEO_LOCO:GSE39084,target_cohort_adaptive_zscore,elastic_net,"C=0.1,l1=0.8",0.8966357874207703
GEO_LOCO:GSE39084,target_cohort_adaptive_zscore,elastic_net,"C=0.5,l1=0.2",0.8969608321144157
GEO_LOCO:GSE39084,target_cohort_adaptive_zscore,elastic_net,"C=0.5,l1=0.5",0.8946584322010944
GEO_LOCO:GSE39084,target_cohort_adaptive_zscore,elastic_net,"C=0.5,l1=0.8",0.8918142911316972
GEO_LOCO:GSE39084,target_cohort_adaptive_zscore,elastic_net,"C=2.0,l1=0.2",0.9041930765480254
GEO_LOCO:GSE39084,target_cohort_adaptive_zscore,elastic_net,"C=2.0,l1=0.5",0.9017823284034889
GEO_LOCO:GSE39084,target_cohort_adaptive_zscore,elastic_net,"C=2.0,l1=0.8",0.8963649168427326
GEO_LOCO:GSE39084,target_cohort_adaptive_zscore,svm_rbf,"C=0.1,gamma=0.001",0.8791375480795276
GEO_LOCO:GSE39084,target_cohort_adaptive_zscore,svm_rbf,"C=0.1,gamma=0.01",0.8967441356519855
GEO_LOCO:GSE39084,target_cohort_adaptive_zscore,svm_rbf,"C=0.1,gamma=0.1",0.18837694349639744
GEO_LOCO:GSE39084,target_cohort_adaptive_zscore,svm_rbf,"C=1.0,gamma=0.001",0.8918955523051085
GEO_LOCO:GSE39084,target_cohort_adaptive_zscore,svm_rbf,"C=1.0,gamma=0.01",0.9040576412590065
GEO_LOCO:GSE39084,target_cohort_adaptive_zscore,svm_rbf,"C=1.0,gamma=0.1",0.18836339996749552
GEO_LOCO:GSE39084,target_cohort_adaptive_zscore,svm_rbf,"C=10.0,gamma=0.001",0.8889701500623002
GEO_LOCO:GSE39084,target_cohort_adaptive_zscore,svm_rbf,"C=10.0,gamma=0.01",0.906847608212796
GEO_LOCO:GSE39084,target_cohort_adaptive_zscore,svm_rbf,"C=10.0,gamma=0.1",0.18836339996749552
GEO_LOCO:GSE39084,target_cohort_adaptive_zscore,xgboost,"depth=2,lr=0.02,trees=600",0.8761579717211115
GEO_LOCO:GSE39084,target_cohort_adaptive_zscore,xgboost,"depth=2,lr=0.05,trees=400",0.8731783953626958
GEO_LOCO:GSE39084,target_cohort_adaptive_zscore,xgboost,"depth=2,lr=0.1,trees=250",0.8577116853567366
GEO_LOCO:GSE39084,target_cohort_adaptive_zscore,xgboost,"depth=3,lr=0.02,trees=600",0.8716344330678804
GEO_LOCO:GSE39084,target_cohort_adaptive_zscore,xgboost,"depth=3,lr=0.05,trees=400",0.8691153366921286
GEO_LOCO:GSE39084,target_cohort_adaptive_zscore,xgboost,"depth=3,lr=0.1,trees=250",0.8638875345359988
GEO_LOCO:GSE39084,target_cohort_adaptive_zscore,xgboost,"depth=5,lr=0.02,trees=600",0.8719865648193293
GEO_LOCO:GSE39084,target_cohort_adaptive_zscore,xgboost,"depth=5,lr=0.05,trees=400",0.873015873015873
GEO_LOCO:GSE39084,target_cohort_adaptive_zscore,xgboost,"depth=5,lr=0.1,trees=250",0.8629936616284739
GEO_LOCO:GSE39084,single_sample_rank,elastic_net,"C=0.1,l1=0.2",0.9629719919822308
GEO_LOCO:GSE39084,single_sample_rank,elastic_net,"C=0.1,l1=0.5",0.9618885096700796
GEO_LOCO:GSE39084,single_sample_rank,elastic_net,"C=0.1,l1=0.8",0.9610758979359662
GEO_LOCO:GSE39084,single_sample_rank,elastic_net,"C=0.5,l1=0.2",0.9614280296874153
GEO_LOCO:GSE39084,single_sample_rank,elastic_net,"C=0.5,l1=0.5",0.9630532531556422
GEO_LOCO:GSE39084,single_sample_rank,elastic_net,"C=0.5,l1=0.8",0.9596402838723658
GEO_LOCO:GSE39084,single_sample_rank,elastic_net,"C=2.0,l1=0.2",0.9531393899994582
GEO_LOCO:GSE39084,single_sample_rank,elastic_net,"C=2.0,l1=0.5",0.9598840673925998
GEO_LOCO:GSE39084,single_sample_rank,elastic_net,"C=2.0,l1=0.8",0.9636491684273255
GEO_LOCO:GSE39084,single_sample_rank,svm_rbf,"C=0.1,gamma=0.001",0.9257543745598352
GEO_LOCO:GSE39084,single_sample_rank,svm_rbf,"C=0.1,gamma=0.01",0.9167072972533723
GEO_LOCO:GSE39084,single_sample_rank,svm_rbf,"C=0.1,gamma=0.1",0.21190205319898153
GEO_LOCO:GSE39084,single_sample_rank,svm_rbf,"C=1.0,gamma=0.001",0.9435234844791159
GEO_LOCO:GSE39084,single_sample_rank,svm_rbf,"C=1.0,gamma=0.01",0.9356276071293137
GEO_LOCO:GSE39084,single_sample_rank,svm_rbf,"C=1.0,gamma=0.1",0.21145511674521913
GEO_LOCO:GSE39084,single_sample_rank,svm_rbf,"C=10.0,gamma=0.001",0.9468281055311771
GEO_LOCO:GSE39084,single_sample_rank,svm_rbf,"C=10.0,gamma=0.01",0.9385259223143181
GEO_LOCO:GSE39084,single_sample_rank,svm_rbf,"C=10.0,gamma=0.1",0.21145511674521913
GEO_LOCO:GSE39084,single_sample_rank,xgboost,"depth=2,lr=0.02,trees=600",0.9474781949184681
GEO_LOCO:GSE39084,single_sample_rank,xgboost,"depth=2,lr=0.05,trees=400",0.9423045668779457
GEO_LOCO:GSE39084,single_sample_rank,xgboost,"depth=2,lr=0.1,trees=250",0.9373205482420498
GEO_LOCO:GSE39084,single_sample_rank,xgboost,"depth=3,lr=0.02,trees=600",0.9440652256351915
GEO_LOCO:GSE39084,single_sample_rank,xgboost,"depth=3,lr=0.05,trees=400",0.9377810282247141
GEO_LOCO:GSE39084,single_sample_rank,xgboost,"depth=3,lr=0.1,trees=250",0.940056341080232
GEO_LOCO:GSE39084,single_sample_rank,xgboost,"depth=5,lr=0.02,trees=600",0.9439839644617802
GEO_LOCO:GSE39084,single_sample_rank,xgboost,"depth=5,lr=0.05,trees=400",0.9386749011322392
GEO_LOCO:GSE39084,single_sample_rank,xgboost,"depth=5,lr=0.1,trees=250",0.941275258681402
