cohort,sample_id,label,probability,prediction
GSE13294,GSM335510,0,0.06495894956837509,0
GSE13294,GSM335511,1,0.5424545513946627,1
GSE13294,GSM335512,0,0.17092290507391258,0
GSE13294,GSM335513,0,0.003326532359533906,0
GSE13294,GSM335514,0,0.0025720715933757014,0
GSE13294,GSM335515,0,0.07389323494924348,0
GSE13294,GSM335516,0,0.008840667639427945,0
GSE13294,GSM335517,0,0.004187559368140477,0
GSE13294,GSM335518,1,0.8817723839213725,1
GSE13294,GSM335519,1,0.3993211508993564,1
GSE13294,GSM335520,0,0.029686637347688057,0
GSE13294,GSM335521,0,0.03476692341596124,0
GSE13294,GSM335522,0,0.03192963133953418,0
GSE13294,GSM335523,0,0.09384564491218825,0
GSE13294,GSM335524,0,0.01593873766555554,0
GSE13294,GSM335525,1,0.8651620346018103,1
GSE13294,GSM335526,0,0.018172102235575378,0
GSE13294,GSM335527,1,0.631503460899053,1
GSE13294,GSM335528,0,0.011508980824735485,0
GSE13294,GSM335529,1,0.39030719592962837,1
GSE13294,GSM335530,1,0.9330217681908837,1
GSE13294,GSM335531,0,0.00513454002010033,0
GSE13294,GSM335532,1,0.8967015148795217,1
GSE13294,GSM335533,0,0.022920989486808815,0
GSE13294,GSM335534,0,0.0038916115821710515,0
GSE13294,GSM335535,0,0.008775287335719155,0
GSE13294,GSM335536,0,0.010748555565672549,0
GSE13294,GSM335537,0,0.008556439667889527,0
GSE13294,GSM335538,0,0.006866479216550373,0
GSE13294,GSM335539,0,0.0031290481903735443,0
GSE13294,GSM335540,0,0.003387714539016571,0
GSE13294,GSM335541,1,0.71356549035792,1
GSE13294,GSM335542,1,0.7613114894245261,1
GSE13294,GSM335543,1,0.42078487697399114,1
GSE13294,GSM335544,1,0.965969168564843,1
GSE13294,GSM335545,1,0.8272107834250547,1
GSE13294,GSM335546,1,0.7963338971042911,1
GSE13294,GSM335547,0,0.21039069430801696,0
GSE13294,GSM335548,0,0.06717347985407701,0
GSE13294,GSM335549,0,0.007181055882604376,0
GSE13294,GSM335550,0,0.03932878118425869,0
GSE13294,GSM335551,1,0.7960740778388841,1
GSE13294,GSM335552,0,0.01195798912559496,0
GSE13294,GSM335553,0,0.005352207671432001,0
GSE13294,GSM335554,0,0.0027052548468686263,0
GSE13294,GSM335555,1,0.8976000327761962,1
GSE13294,GSM335556,0,0.0038471345298730464,0
GSE13294,GSM335557,0,0.0045402897427311946,0
GSE13294,GSM335558,0,0.004132877451577017,0
GSE13294,GSM335559,1,0.8695577019722311,1
GSE13294,GSM335560,1,0.90273770009888,1
GSE13294,GSM335561,0,0.002633134494006579,0
GSE13294,GSM335562,1,0.5605369301983241,1
GSE13294,GSM335563,1,0.5204851911138229,1
GSE13294,GSM335564,0,0.009002113026271026,0
GSE13294,GSM335565,1,0.9796636257408231,1
GSE13294,GSM335566,1,0.9526142621911768,1
GSE13294,GSM335567,0,0.005885554935923315,0
GSE13294,GSM335568,0,0.0011959095666901768,0
GSE13294,GSM335569,0,0.0019040117588563438,0
GSE13294,GSM335570,0,0.6130728409480483,1
GSE13294,GSM335571,0,0.004992691320013678,0
GSE13294,GSM335572,0,0.06526399726149598,0
GSE13294,GSM335573,1,0.04801840499855611,0
GSE13294,GSM335574,1,0.8620203086505046,1
GSE13294,GSM335575,0,0.008466593435529076,0
GSE13294,GSM335576,1,0.9545404131238312,1
GSE13294,GSM335577,1,0.7526681826418039,1
GSE13294,GSM335578,1,0.14724513569545022,0
GSE13294,GSM335579,0,0.1092881261689472,0
GSE13294,GSM335580,0,0.06546755115577292,0
GSE13294,GSM335581,0,0.11744581772263439,0
GSE13294,GSM335582,0,0.0032488104582403788,0
GSE13294,GSM335583,0,0.00578082675628897,0
GSE13294,GSM335584,0,0.006611060698483708,0
GSE13294,GSM335585,1,0.9232546172565993,1
GSE13294,GSM335586,0,0.005452388154937279,0
GSE13294,GSM335587,0,0.06759814353205121,0
GSE13294,GSM335588,0,0.007117684048622875,0
GSE13294,GSM335589,0,0.005673770221195162,0
GSE13294,GSM335590,0,0.02595644793086492,0
GSE13294,GSM335591,0,0.0030942303313013474,0
GSE13294,GSM335592,0,0.002614007563779956,0
GSE13294,GSM335593,0,0.011870459231998925,0
GSE13294,GSM335594,0,0.0034165472147249013,0
GSE13294,GSM335595,1,0.5472370285827705,1
GSE13294,GSM335596,0,0.01572046281614282,0
GSE13294,GSM335597,1,0.8386196348367704,1
GSE13294,GSM335598,0,0.0013451143593085657,0
GSE13294,GSM335599,0,0.16236848428896486,0
GSE13294,GSM335600,0,0.0016438161033559343,0
GSE13294,GSM335601,0,0.007174815681512941,0
GSE13294,GSM335602,0,0.006464276476601284,0
GSE13294,GSM335603,0,0.0024619326296020116,0
GSE13294,GSM335604,0,0.009242267405476599,0
GSE13294,GSM335605,0,0.0038301535718161684,0
GSE13294,GSM335606,0,0.0025945642062783496,0
GSE13294,GSM335607,0,0.18865643165296653,0
GSE13294,GSM335608,0,0.4399726807540472,1
GSE13294,GSM335609,0,0.12291163294384273,0
GSE13294,GSM335610,0,0.0021518312979676123,0
GSE13294,GSM335611,0,0.010065510777272323,0
GSE13294,GSM335612,0,0.0054521760977476914,0
GSE13294,GSM335613,0,0.007882590420971874,0
GSE13294,GSM335614,1,0.9739010118849409,1
GSE13294,GSM335615,0,0.013623650138045248,0
GSE13294,GSM335616,0,0.0028456491627316858,0
GSE13294,GSM335617,0,0.0049349026195422965,0
GSE13294,GSM335618,1,0.05202622241994907,0
GSE13294,GSM335619,1,0.9357355663985133,1
GSE13294,GSM335620,1,0.19100656613616165,0
GSE13294,GSM335621,1,0.9241820252525773,1
GSE13294,GSM335622,1,0.7059942683458131,1
GSE13294,GSM335623,1,0.9375430928062953,1
GSE13294,GSM335624,1,0.64644115385068,1
GSE13294,GSM335625,1,0.06191887937181534,0
GSE13294,GSM335626,1,0.16704372409699744,0
GSE13294,GSM335627,1,0.5096248865762313,1
GSE13294,GSM335628,1,0.3207686798112484,1
GSE13294,GSM335629,1,0.9753132228598491,1
GSE13294,GSM335630,1,0.8484794104375224,1
GSE13294,GSM335631,1,0.01412840423953651,0
GSE13294,GSM335632,1,0.8309589584010469,1
GSE13294,GSM335633,1,0.38715934898205173,1
GSE13294,GSM335634,1,0.908540654870625,1
GSE13294,GSM335635,1,0.9516384763646573,1
GSE13294,GSM335636,1,0.002194034466650653,0
GSE13294,GSM335637,1,0.5878510606116699,1
GSE13294,GSM335638,1,0.42355709911782596,1
GSE13294,GSM335639,1,0.13002997034003475,0
GSE13294,GSM335640,1,0.942028997301523,1
GSE13294,GSM335641,1,0.944858737545661,1
GSE13294,GSM335642,1,0.5328624610602226,1
GSE13294,GSM335643,1,0.8849078755611659,1
GSE13294,GSM335644,1,0.9369903881877659,1
GSE13294,GSM335645,1,0.9809283300791898,1
GSE13294,GSM335646,1,0.7659585574009411,1
GSE13294,GSM335647,1,0.4187178676200384,1
GSE13294,GSM335648,1,0.009577233689646018,0
GSE13294,GSM335649,1,0.863536776317609,1
GSE13294,GSM335650,1,0.5456375328244958,1
GSE13294,GSM335651,1,0.0037389441681061003,0
GSE13294,GSM335652,1,0.9409426491506299,1
GSE13294,GSM335653,1,0.9143369866586589,1
GSE13294,GSM335654,1,0.6162888897364962,1
GSE13294,GSM335655,1,0.8387319441296165,1
GSE13294,GSM335656,1,0.6495667709163517,1
GSE13294,GSM335657,1,0.9568407965505255,1
GSE13294,GSM335658,1,0.9189076111836028,1
GSE13294,GSM335659,1,0.9263301810303699,1
GSE13294,GSM335660,1,0.8882610182742158,1
GSE13294,GSM335661,1,0.22802335238824858,0
GSE13294,GSM335662,1,0.8576734375659848,1
GSE13294,GSM335663,1,0.4656483444116813,1
GSE13294,GSM335664,1,0.8857728462100934,1
GSE13067,GSM327282,1,0.4876431727923533,1
GSE13067,GSM327283,0,0.016222148102183774,0
GSE13067,GSM327284,0,0.005648858602927637,0
GSE13067,GSM327285,0,0.003038686508872203,0
GSE13067,GSM327286,0,0.05877488689762971,0
GSE13067,GSM327287,0,0.0286659214203746,0
GSE13067,GSM327288,1,0.5,1
GSE13067,GSM327289,0,0.010402313680956059,0
GSE13067,GSM327290,0,0.0034932407638678174,0
GSE13067,GSM327291,0,0.05053379855860305,0
GSE13067,GSM327292,0,0.004124165159033367,0
GSE13067,GSM327293,0,0.0963005191762642,0
GSE13067,GSM327294,0,0.008154131993021738,0
GSE13067,GSM327295,0,0.005952753167207311,0
GSE13067,GSM327296,0,0.12745670587226293,0
GSE13067,GSM327297,0,0.06155587772073184,0
GSE13067,GSM327298,0,0.12489874251269999,0
GSE13067,GSM327299,0,0.008506996291055353,0
GSE13067,GSM327300,0,0.044589439630442256,0
GSE13067,GSM327301,0,0.017486859946036395,0
GSE13067,GSM327302,0,0.164435347042692,0
GSE13067,GSM327303,0,0.01661333482381832,0
GSE13067,GSM327304,0,0.026457680339752494,0
GSE13067,GSM327305,0,0.0342360749029383,0
GSE13067,GSM327306,0,0.0022889793075170093,0
GSE13067,GSM327307,0,0.05673729389947489,0
GSE13067,GSM327308,0,0.006316842161851492,0
GSE13067,GSM327309,1,0.8194676775384847,1
GSE13067,GSM327310,1,0.7576910398891294,1
GSE13067,GSM327311,1,0.7804775440472569,1
GSE13067,GSM327312,0,0.023489602580868074,0
GSE13067,GSM327313,1,0.9644894496712353,1
GSE13067,GSM327314,0,0.015721954612160374,0
GSE13067,GSM327315,0,0.020221865099581213,0
GSE13067,GSM327316,0,0.02318243439246002,0
GSE13067,GSM327317,0,0.02075446218066871,0
GSE13067,GSM327318,0,0.005367576000225152,0
GSE13067,GSM327319,0,0.005314525898820625,0
GSE13067,GSM327320,0,0.00689981737380521,0
GSE13067,GSM327321,0,0.005154555326990145,0
GSE13067,GSM327322,0,0.05071350358140094,0
GSE13067,GSM327323,0,0.001976913676149475,0
GSE13067,GSM327324,1,0.5625220759172941,1
GSE13067,GSM327325,1,0.9309293646259779,1
GSE13067,GSM327326,0,0.0041089190734119605,0
GSE13067,GSM327327,0,0.14731762002837082,0
GSE13067,GSM327328,0,0.028969502039486797,0
GSE13067,GSM327329,0,0.017877096286590392,0
GSE13067,GSM327330,0,0.06004841758067906,0
GSE13067,GSM327331,1,0.512989081012433,1
GSE13067,GSM327332,0,0.007910858163864606,0
GSE13067,GSM327333,0,0.07305382388706406,0
GSE13067,GSM327334,0,0.10082585309954475,0
GSE13067,GSM327335,0,0.015362568655071537,0
GSE13067,GSM327336,0,0.012573812571873115,0
GSE13067,GSM327337,0,0.005035529652680375,0
GSE13067,GSM327338,0,0.0035026423762967887,0
GSE13067,GSM327339,0,0.1474163800759767,0
GSE13067,GSM327340,0,0.007203220199512943,0
GSE13067,GSM327341,0,0.010365063209145656,0
GSE13067,GSM327342,0,0.013372190297315083,0
GSE13067,GSM327343,0,0.41624050809767404,1
GSE13067,GSM327344,0,0.010141807663407785,0
GSE13067,GSM327345,0,0.9447487523117964,1
GSE13067,GSM327346,0,0.11737256021511809,0
GSE13067,GSM327347,0,0.08074700119053986,0
GSE13067,GSM327348,0,0.04374866202143018,0
GSE13067,GSM327349,0,0.039713617126143706,0
GSE13067,GSM327350,0,0.0045272803889968355,0
GSE13067,GSM327351,0,0.0939131992766911,0
GSE13067,GSM327352,1,0.9467488977229712,1
GSE13067,GSM327353,1,0.48385752989613673,1
GSE13067,GSM327354,0,0.008626096487716084,0
GSE13067,GSM327355,0,0.04252741790840765,0
GSE18088,GSM452148,1,0.35715496315045964,1
GSE18088,GSM452149,0,0.0024070590487501238,0
GSE18088,GSM452150,0,0.00147022868573441,0
GSE18088,GSM452151,0,0.02169105046135093,0
GSE18088,GSM452152,0,0.0008022266849735704,0
GSE18088,GSM452153,1,0.5890781715580681,1
GSE18088,GSM452154,0,0.0044121601618936695,0
GSE18088,GSM452155,0,0.005021319752492167,0
GSE18088,GSM452156,0,0.0040923076801495616,0
GSE18088,GSM452157,1,0.957321629964867,1
GSE18088,GSM452158,0,0.013189422853753236,0
GSE18088,GSM452159,1,0.9343575675171256,1
GSE18088,GSM452160,0,0.0014743271767295946,0
GSE18088,GSM452161,0,0.004071230785263931,0
GSE18088,GSM452162,0,0.17868822751398789,0
GSE18088,GSM452163,1,0.8146317674946187,1
GSE18088,GSM452164,0,0.0032791860349333864,0
GSE18088,GSM452165,0,0.008898005105286932,0
GSE18088,GSM452166,0,0.00189768021896363,0
GSE18088,GSM452167,0,0.0019272428272431891,0
GSE18088,GSM452168,1,0.6918575966289919,1
GSE18088,GSM452169,1,0.988704746196835,1
GSE18088,GSM452170,0,0.003324599168955832,0
GSE18088,GSM452171,0,0.004730564291715543,0
GSE18088,GSM452172,0,0.037522800412760994,0
GSE18088,GSM452173,1,0.9506299351313535,1
GSE18088,GSM452174,1,0.956342171910566,1
GSE18088,GSM452175,1,0.9578791435825947,1
GSE18088,GSM452176,0,0.0016450954860121889,0
GSE18088,GSM452177,0,0.005986887592126821,0
GSE18088,GSM452178,0,0.0021286138999439506,0
GSE18088,GSM452179,1,0.9767903485426431,1
GSE18088,GSM452180,1,0.9745172103162244,1
GSE18088,GSM452181,0,0.022126820005505907,0
GSE18088,GSM452182,1,0.7231744022871068,1
GSE18088,GSM452183,1,0.9646354550737782,1
GSE18088,GSM452184,1,0.24290425679220862,0
GSE18088,GSM452185,0,0.021832700664298745,0
GSE18088,GSM452186,0,0.03591203010630601,0
GSE18088,GSM452187,0,0.0006819031495918893,0
GSE18088,GSM452188,1,0.9335979844091458,1
GSE18088,GSM452189,1,0.933238085130189,1
GSE18088,GSM452190,0,0.6086794645567669,1
GSE18088,GSM452191,0,0.009491288920941693,0
GSE18088,GSM452192,0,0.0012034765572126206,0
GSE18088,GSM452193,0,0.015997402833285195,0
GSE18088,GSM452194,0,0.0016960955507118916,0
GSE18088,GSM452195,0,0.011069829728887563,0
GSE18088,GSM452196,0,0.02637008524290256,0
GSE18088,GSM452197,1,0.939268064611853,1
GSE18088,GSM452198,0,0.006146371707874232,0
GSE18088,GSM452199,0,0.019971324043568286,0
GSE18088,GSM452200,1,0.0017712650701624262,0
GSE26682,GSM656542,0,0.0038101663660457877,0
GSE26682,GSM656543,0,0.006088988576363396,0
GSE26682,GSM656545,1,0.9276357225356159,1
GSE26682,GSM656546,0,0.007643973422189831,0
GSE26682,GSM656548,0,0.008010199554206269,0
GSE26682,GSM656550,0,0.059820124059851626,0
GSE26682,GSM656552,0,0.006794379052463389,0
GSE26682,GSM656553,0,0.00445803273298407,0
GSE26682,GSM656555,0,0.021096294032386453,0
GSE26682,GSM656556,0,0.2657950984386635,0
GSE26682,GSM656557,0,0.15643605535669983,0
GSE26682,GSM656558,0,0.007505981807180936,0
GSE26682,GSM656559,1,0.9294838805160119,1
GSE26682,GSM656560,0,0.014878155999559186,0
GSE26682,GSM656561,0,0.013753491797815057,0
GSE26682,GSM656567,0,0.013736642166868887,0
GSE26682,GSM656568,0,0.006454701218944135,0
GSE26682,GSM656569,0,0.005452522231622911,0
GSE26682,GSM656570,0,0.07236913673315735,0
GSE26682,GSM656574,0,0.004404017973434221,0
GSE26682,GSM656580,0,0.004937062689503301,0
GSE26682,GSM656582,0,0.003738551384818294,0
GSE26682,GSM656583,1,0.21284232695459693,0
GSE26682,GSM656584,0,0.01447278294939592,0
GSE26682,GSM656585,0,0.03968056775526973,0
GSE26682,GSM656586,0,0.05699925340592716,0
GSE26682,GSM656587,0,0.6045489721149068,1
GSE26682,GSM656590,1,0.6459393358879988,1
GSE26682,GSM656592,0,0.00511838801651428,0
GSE26682,GSM656596,0,0.007184085693314816,0
GSE26682,GSM656598,0,0.007368797969745666,0
GSE26682,GSM656601,0,0.005268794407460776,0
GSE26682,GSM656603,1,0.877767110497719,1
GSE26682,GSM656612,1,0.5635845987675254,1
GSE26682,GSM656613,0,0.007638513792518133,0
GSE26682,GSM656617,0,0.02108290745981459,0
GSE26682,GSM656618,0,0.003000614095150753,0
GSE26682,GSM656625,0,0.11441980794668669,0
GSE26682,GSM656634,0,0.15154051564000404,0
GSE26682,GSM656635,0,0.008830720239423561,0
GSE26682,GSM656636,0,0.003434230232394096,0
GSE26682,GSM656639,0,0.016646788147652393,0
GSE26682,GSM656640,0,0.018167747818640157,0
GSE26682,GSM656642,0,0.015126652855463895,0
GSE26682,GSM656644,0,0.008468529068492672,0
GSE26682,GSM656657,0,0.043619940668390575,0
GSE26682,GSM656662,0,0.024697029098577395,0
GSE26682,GSM656663,0,0.01117974265258192,0
GSE26682,GSM656669,1,0.5457706792327072,1
GSE26682,GSM656672,0,0.005511388979558625,0
GSE26682,GSM656675,0,0.009811184152762345,0
GSE26682,GSM656676,0,0.009432537460079481,0
GSE26682,GSM656678,0,0.017267609860582966,0
GSE26682,GSM656679,1,0.9367532809063216,1
GSE26682,GSM656683,0,0.0051680959857016975,0
GSE26682,GSM656687,0,0.1348035171029551,0
GSE26682,GSM656691,0,0.08369509451968679,0
GSE26682,GSM656692,0,0.12774445783078958,0
GSE26682,GSM656693,0,0.0399042118265413,0
GSE26682,GSM656695,0,0.0019941156407763156,0
GSE26682,GSM656698,0,0.008536998188433708,0
GSE26682,GSM656699,0,0.011143592698968809,0
GSE26682,GSM656700,0,0.018085254033169667,0
GSE26682,GSM656701,0,0.14265665011615544,0
GSE26682,GSM656702,0,0.026760365307684407,0
GSE26682,GSM656703,0,0.006173636842275562,0
GSE26682,GSM656704,0,0.019738511237498223,0
GSE26682,GSM656705,0,0.6904521432015435,1
GSE26682,GSM656707,0,0.05832189411528137,0
GSE26682,GSM656710,0,0.04469565539343364,0
GSE26682,GSM656711,0,0.1680033776284417,0
GSE26682,GSM656714,0,0.00649238743469267,0
GSE26682,GSM656715,0,0.19762566748008806,0
GSE26682,GSM656720,0,0.004657790196633238,0
GSE26682,GSM656721,0,0.007857427154428963,0
GSE26682,GSM656726,0,0.062036859734846996,0
GSE26682,GSM656732,0,0.0038517065744366093,0
GSE26682,GSM656735,0,0.011603859102560397,0
GSE26682,GSM656736,1,0.8626275313557877,1
GSE26682,GSM656737,0,0.029688926470232004,0
GSE26682,GSM656739,0,0.009015603861526294,0
GSE26682,GSM656742,0,0.0040419320691490335,0
GSE26682,GSM656749,0,0.005910299343735822,0
GSE26682,GSM656768,0,0.004755483550169633,0
GSE26682,GSM656769,0,0.004938441730600036,0
GSE26682,GSM656770,0,0.011893006620178897,0
GSE26682,GSM656772,0,0.009002009218920939,0
GSE26682,GSM656775,0,0.013316889891481302,0
GSE26682,GSM656776,0,0.007618043256789804,0
GSE26682,GSM656777,0,0.05118152638269038,0
GSE26682,GSM656783,0,0.008499065464904504,0
GSE26682,GSM656785,0,0.06521359036734692,0
GSE26682,GSM656787,0,0.3012115253879163,0
GSE26682,GSM656794,0,0.006743925322753154,0
GSE26682,GSM656800,0,0.008950701736678519,0
GSE26682,GSM656803,0,0.00575018431271774,0
GSE26682,GSM656804,0,0.014601254459380014,0
GSE26682,GSM656806,0,0.007221551103250583,0
GSE26682,GSM656809,0,0.007212050589276598,0
GSE26682,GSM656811,0,0.09965605762016427,0
GSE26682,GSM656816,0,0.1386773538956969,0
GSE26682,GSM656819,0,0.01152055620167047,0
GSE26682,GSM656820,1,0.8975313990596872,1
GSE26682,GSM656822,0,0.47253098265223475,1
GSE26682,GSM656824,0,0.016479678869021266,0
GSE26682,GSM656825,0,0.09102216844394441,0
GSE26682,GSM656830,0,0.004015423992426758,0
GSE26682,GSM656831,0,0.00907840397056485,0
GSE26682,GSM656832,0,0.003652122873806947,0
GSE26682,GSM656833,0,0.012543488071359616,0
GSE26682,GSM656834,0,0.003986857652789214,0
GSE26682,GSM656836,0,0.0036453471452301146,0
GSE26682,GSM656837,1,0.8483008061179247,1
GSE26682,GSM656840,0,0.004624268006946612,0
GSE26682,GSM656841,0,0.42731674586376933,1
GSE26682,GSM656842,1,0.6227560183037261,1
GSE26682,GSM656843,0,0.006058446932715154,0
GSE26682,GSM656845,0,0.1476163855440243,0
GSE26682,GSM656846,0,0.033273920460514576,0
GSE26682,GSM656847,0,0.08173630896577273,0
GSE26682,GSM656849,1,0.8092663354862536,1
GSE26682,GSM656850,1,0.027139540821946133,0
GSE26682,GSM656851,1,0.7310006087948753,1
GSE26682,GSM656853,0,0.0054331508841567715,0
GSE26682,GSM656854,1,0.8619498522852499,1
GSE26682,GSM656857,0,0.004921865469433485,0
GSE26682,GSM656858,0,0.008032854654218578,0
GSE26682,GSM656859,0,0.2568087126766138,0
GSE26682,GSM656860,0,0.04511277535530119,0
GSE26682,GSM656861,0,0.002823151944265933,0
GSE26682,GSM656863,0,0.004629637311719095,0
GSE26682,GSM656864,1,0.8826853050267744,1
GSE26682,GSM656865,1,0.021516798623484743,0
GSE26682,GSM656867,0,0.11325287130192527,0
GSE26682,GSM656868,0,0.020461636005081545,0
GSE26682,GSM656869,0,0.027255639873421982,0
GSE26682,GSM656870,0,0.00895772763428287,0
GSE39084,GSM955440,0,0.04290061544120551,0
GSE39084,GSM955441,0,0.00416708172645411,0
GSE39084,GSM955442,0,0.19023507954029883,0
GSE39084,GSM955443,0,0.0007943065181211931,0
GSE39084,GSM955444,0,0.1238349838880008,0
GSE39084,GSM955445,0,0.0009501012795671386,0
GSE39084,GSM955446,0,0.01442143165319868,0
GSE39084,GSM955447,1,0.41812541273766246,1
GSE39084,GSM955448,1,0.9306813517527414,1
GSE39084,GSM955449,0,0.002105781109551645,0
GSE39084,GSM955450,0,0.0014381256446012747,0
GSE39084,GSM955451,0,0.002272078366877406,0
GSE39084,GSM955452,0,0.00847562147184212,0
GSE39084,GSM955453,0,0.0014833042667748587,0
GSE39084,GSM955455,0,0.4785915942623028,1
GSE39084,GSM955456,0,0.0031134208610337577,0
GSE39084,GSM955457,0,0.2429331033755065,0
GSE39084,GSM955458,1,0.45089091081006805,1
GSE39084,GSM955459,1,0.5568465501483387,1
GSE39084,GSM955460,1,0.7812290086666627,1
GSE39084,GSM955461,1,0.015847091502479704,0
GSE39084,GSM955462,0,0.12177157410425768,0
GSE39084,GSM955463,0,0.05091101302421546,0
GSE39084,GSM955464,0,0.004129340140144806,0
GSE39084,GSM955466,1,0.6966014346147252,1
GSE39084,GSM955467,1,0.48433430216315565,1
GSE39084,GSM955468,1,0.9334145261357768,1
GSE39084,GSM955469,1,0.7163713338617155,1
GSE39084,GSM955470,1,0.9400723711856769,1
GSE39084,GSM955471,1,0.9738717210328328,1
GSE39084,GSM955472,1,0.9341347126244852,1
GSE39084,GSM955473,1,0.8339662546619602,1
GSE39084,GSM955474,0,0.08287637753839186,0
GSE39084,GSM955475,0,0.005394844236400543,0
GSE39084,GSM955476,0,0.01840606672073483,0
GSE39084,GSM955477,0,0.3150194103087303,1
GSE39084,GSM955478,0,0.09035684967083848,0
GSE39084,GSM955479,0,0.26056141834362784,0
GSE39084,GSM955480,0,0.003711071225628063,0
GSE39084,GSM955482,0,0.0025496233425701086,0
GSE39084,GSM955483,0,0.1550394160586222,0
GSE39084,GSM955484,0,0.0019134034316579391,0
GSE39084,GSM955485,0,0.0585549708049832,0
GSE39084,GSM955486,0,0.007133302783958889,0
GSE39084,GSM955487,0,0.3079698243116044,0
GSE39084,GSM955488,0,0.7525895101761512,1
GSE39084,GSM955489,0,0.009748907919160651,0
GSE39084,GSM955490,0,0.001803578911344729,0
GSE39084,GSM955491,0,0.01597542656877935,0
GSE39084,GSM955492,0,0.0007152073391962307,0
GSE39084,GSM955493,0,0.002859558264209024,0
GSE39084,GSM955494,0,0.43981178918246766,1
GSE39084,GSM955495,0,0.004970442231887198,0
GSE39084,GSM955496,0,0.002733146121764843,0
GSE39084,GSM955497,0,0.060767818673962096,0
GSE39084,GSM955498,0,0.009488391317254477,0
GSE39084,GSM955499,0,0.12678691482979187,0
GSE39084,GSM955500,0,0.5282439565670565,1
GSE39084,GSM955501,0,0.018668818807640996,0
GSE39084,GSM955502,0,0.0146653939599964,0
GSE39084,GSM955503,0,0.018390629630374425,0
GSE39084,GSM955504,0,0.092620242833773,0
GSE39084,GSM955505,0,0.01189993707769371,0
GSE39084,GSM955506,0,0.0020187101014548224,0
GSE39084,GSM955507,0,0.0018921020029581427,0
GSE39084,GSM955508,1,0.9670282503677415,1
GSE39084,GSM955509,1,0.20872476882016885,0
