design,cohort,representation,model,auroc_probe_mean,balanced_accuracy_probe_mean,brier_probe_mean,brier_skill_probe_mean,ici_probe_mean,auroc_highest_mean,balanced_accuracy_highest_mean,brier_highest_mean,brier_skill_highest_mean,ici_highest_mean,delta_auroc,delta_balanced_accuracy,delta_brier,delta_brier_skill,delta_ici
TCGA_to_GEO,GSE13294,fixed_log_expression,elastic_net,0.9567099567099566,0.9484681984681984,0.0599629320204257,0.7601382880801315,0.0440038812319754,0.95004995004995,0.928987678987679,0.0781951025128364,0.6872065704510663,0.0757727963036697,0.0066600066600066565,0.01948051948051943,-0.0182321704924107,0.07293171762906525,-0.031768915071694305
TCGA_to_GEO,GSE13067,fixed_log_expression,elastic_net,0.9985569985569986,0.9047619047619048,0.2158177196979522,-0.7053648384790572,0.319769921409665,0.9985569985569986,0.9206349206349208,0.1770929545164108,-0.3993665496852319,0.2647901363539088,0.0,-0.01587301587301604,0.03872476518154139,-0.3059982887938253,0.05497978505575618
TCGA_to_GEO,GSE18088,fixed_log_expression,elastic_net,0.9473684210526316,0.5,0.6025049686431885,-1.619870676344762,0.6031056821192902,0.9473684210526316,0.5,0.5613325834274292,-1.440840908432892,0.5722426079443571,0.0,0.0,0.04117238521575928,-0.17902976791186997,0.03086307417493306
TCGA_to_GEO,GSE26682,fixed_log_expression,elastic_net,0.9519140989729225,0.5,0.8590679168701172,-6.527472330408604,0.8479356338315986,0.9486461251167132,0.5,0.8525906205177307,-6.470715852706483,0.8453518730134596,0.0032679738562092497,0.0,0.006477296352386475,-0.056756477702120556,0.002583760818139047
TCGA_to_GEO,GSE39084,fixed_log_expression,elastic_net,0.9669117647058824,0.7156862745098039,0.4208249449729919,-1.3150529141957854,0.5120545889535482,0.9644607843137254,0.7254901960784313,0.4239324331283569,-1.3321479072465614,0.51028453030092,0.002450980392156965,-0.009803921568627416,-0.0031074881553649902,0.017094993050775997,0.001770058652628137
TCGA_to_GEO,GSE13294,fixed_log_expression,svm_rbf,0.9304029304029304,0.5,0.2532210905914371,-0.0129265237194933,0.3324849431062819,0.9242424242424244,0.5,0.2556250284564652,-0.0225426754356603,0.319553783127982,0.006160506160506007,0.0,-0.002403937865028072,0.009616151716167,0.012931159978299911
TCGA_to_GEO,GSE13067,fixed_log_expression,svm_rbf,0.9552669552669552,0.5,0.2039702870109347,-0.6117478956304163,0.3425152526509967,0.9552669552669552,0.5,0.204622843255657,-0.6169043140952062,0.3389318056734255,0.0,0.0,-0.0006525562447222966,0.005156418464789869,0.003583446977571181
TCGA_to_GEO,GSE18088,fixed_log_expression,svm_rbf,0.8993808049535602,0.5,0.234779308455719,-0.0208902127741714,0.3033920058708722,0.8777089783281733,0.5,0.2348142399375169,-0.0210421052391409,0.2924188288951803,0.021671826625386914,0.0,-3.493148179789518e-05,0.0001518924649695011,0.01097317697569189
TCGA_to_GEO,GSE26682,fixed_log_expression,svm_rbf,0.5,0.5,0.2021437716406391,-0.7712588468362074,0.2966806661255166,0.5,0.5,0.2021437716406391,-0.7712588468362074,0.2966806661255166,0.0,0.0,0.0,0.0,0.0
TCGA_to_GEO,GSE39084,fixed_log_expression,svm_rbf,0.6482843137254902,0.5,0.2175978684906778,-0.1970549407532509,0.1866242658867603,0.6715686274509804,0.5,0.2175976159766845,-0.1970535516168345,0.1698652913108397,-0.023284313725490224,0.0,2.5251399329850877e-07,-1.3891364163964859e-06,0.0167589745759206
TCGA_to_GEO,GSE13294,fixed_log_expression,xgboost,0.9155844155844156,0.8519813519813519,0.2275137156248092,0.0899072564292302,0.2530686159729213,0.8881951381951381,0.736929736929737,0.27008917927742,-0.0804016870029997,0.2943024042413916,0.027389277389277544,0.11505161505161499,-0.04257546365261078,0.1703089434322299,-0.041233788268470295
TCGA_to_GEO,GSE13067,fixed_log_expression,xgboost,0.9004329004329005,0.8001443001443002,0.0930523872375488,0.2647115836755882,0.1233169080782712,0.935064935064935,0.8398268398268398,0.0835032686591148,0.3401675336546712,0.1423888326264551,-0.03463203463203457,-0.03968253968253965,0.009549118578434004,-0.07545594997908295,-0.019071924548183905
TCGA_to_GEO,GSE18088,fixed_log_expression,xgboost,0.9226006191950464,0.9001547987616099,0.1843354403972625,0.1984547181487453,0.226811251711315,0.8978328173374612,0.8390092879256965,0.2016109824180603,0.1233355269158957,0.2354447627714059,0.024767801857585203,0.06114551083591335,-0.017275542020797813,0.0751191912328496,-0.008633511060090915
TCGA_to_GEO,GSE26682,fixed_log_expression,xgboost,0.5238095238095238,0.5,0.1132160797715187,0.0079586362130557,0.1449222987803229,0.5238095238095238,0.5,0.1132160797715187,0.0079586362130557,0.1449222987803229,0.0,0.0,0.0,0.0,0.0
TCGA_to_GEO,GSE39084,fixed_log_expression,xgboost,0.7414215686274509,0.6464460784313726,0.1672070324420929,0.0801564109895158,0.1041535917489799,0.6568627450980392,0.5526960784313726,0.1804429739713668,0.007342512061929,0.1737280094402537,0.08455882352941169,0.09375,-0.013235941529273904,0.0728138989275868,-0.06957441769127382
TCGA_to_GEO,GSE13294,target_cohort_adaptive_zscore,elastic_net,0.9582084582084582,0.7692307692307692,0.1129189059138298,0.548305575328045,0.1453333394452086,0.9545454545454548,0.8205128205128205,0.1026885136961937,0.5892288475605971,0.125324075232399,0.003663003663003428,-0.05128205128205132,0.010230392217636108,-0.0409232722325521,0.020009264212809602
TCGA_to_GEO,GSE13067,target_cohort_adaptive_zscore,elastic_net,0.9971139971139972,0.9466089466089466,0.0282124727964401,0.7770685410774804,0.0682007306428515,0.9971139971139972,0.9466089466089466,0.0311122462153434,0.7541548913777476,0.0682150292076128,0.0,0.0,-0.002899773418903299,0.022913649699732752,-1.429856476130309e-05
TCGA_to_GEO,GSE18088,target_cohort_adaptive_zscore,elastic_net,0.9458204334365324,0.9210526315789472,0.0411665141582489,0.8209957611911437,0.0371612424002177,0.9473684210526316,0.9210526315789472,0.0424287393689155,0.815507230824638,0.051057473875838,-0.0015479876160992,0.0,-0.001262225210666601,0.005488530366505651,-0.013896231475620295
TCGA_to_GEO,GSE26682,target_cohort_adaptive_zscore,elastic_net,0.9640522875816994,0.9234360410831,0.0629791766405105,0.4481530502494198,0.0852524105163285,0.9486461251167132,0.9276377217553688,0.059590820223093,0.4778430883439621,0.0847417195649941,0.015406162464986162,-0.004201680672268893,0.0033883564174175054,-0.029690038094542293,0.0005106909513343943
TCGA_to_GEO,GSE39084,target_cohort_adaptive_zscore,elastic_net,0.9754901960784312,0.8964460784313726,0.0558383911848068,0.6928204190826006,0.0392115329559008,0.9865196078431372,0.9080882352941176,0.0501530803740024,0.724096595834685,0.0386545903432057,-0.011029411764705954,-0.011642156862745057,0.005685310810804402,-0.031276176752084384,0.0005569426126951008
TCGA_to_GEO,GSE13294,target_cohort_adaptive_zscore,svm_rbf,0.952047952047952,0.7435897435897436,0.1832212173770992,0.2670846241284033,0.2199894768580207,0.9502164502164504,0.7884615384615384,0.1699104521700697,0.3203299012011447,0.2021393373847672,0.001831501831501603,-0.04487179487179482,0.013310765207029507,-0.053245277072741404,0.017850139473253507
TCGA_to_GEO,GSE13067,target_cohort_adaptive_zscore,svm_rbf,0.9942279942279942,0.9466089466089466,0.0251487966481685,0.8012773298046597,0.0334818724124998,0.98989898989899,0.9386724386724388,0.0260769928468092,0.7939428386304077,0.0312812314274745,0.0043290043290042934,0.007936507936507797,-0.0009281961986407003,0.007334491174252,0.002200640985025301
TCGA_to_GEO,GSE18088,target_cohort_adaptive_zscore,svm_rbf,0.9953560371517028,0.9210526315789472,0.0458629515989696,0.8005742553537063,0.0616730405199468,0.9938080495356036,0.9210526315789472,0.0490757912232098,0.7866038737678072,0.0614760628587607,0.0015479876160992,0.0,-0.0032128396242401963,0.013970381585899139,0.00019697766118609988
TCGA_to_GEO,GSE26682,target_cohort_adaptive_zscore,svm_rbf,0.9584500466853408,0.9276377217553688,0.0448108654610668,0.6073505444263472,0.0488179888906555,0.9603174603174603,0.9234360410831,0.043082899368351,0.6224916254693831,0.0482012341742395,-0.0018674136321195078,0.004201680672268893,0.0017279660927157978,-0.015141081043035909,0.000616754716416
TCGA_to_GEO,GSE39084,target_cohort_adaptive_zscore,svm_rbf,0.9558823529411764,0.9276960784313726,0.0541061932401575,0.7023496305697706,0.0259280696839747,0.9558823529411764,0.9276960784313726,0.0535694669963668,0.705302282663369,0.0249613850277903,0.0,0.0,0.0005367262437907042,-0.002952652093598407,0.0009666846561844009
TCGA_to_GEO,GSE13294,target_cohort_adaptive_zscore,xgboost,0.9352314352314351,0.7883782883782884,0.2021370381116867,0.1914181917027516,0.2406493178636221,0.9450549450549453,0.8204295704295704,0.1959539651870727,0.2161515128838789,0.2403766311132129,-0.009823509823510101,-0.03205128205128205,0.006183072924614008,-0.02473332118112731,0.0002726867504092012
TCGA_to_GEO,GSE13067,target_cohort_adaptive_zscore,xgboost,0.98989898989899,0.9682539682539684,0.0368079654872417,0.7091480245192845,0.0555006383382238,0.9913419913419912,0.9682539682539684,0.0328481867909431,0.740437704376328,0.0483023775320072,-0.0014430014430012461,0.0,0.003959778696298606,-0.03128967985704356,0.007198260806216598
TCGA_to_GEO,GSE18088,target_cohort_adaptive_zscore,xgboost,0.9613003095975232,0.9179566563467492,0.0699568167328834,0.6958069687265176,0.0785101265716372,0.9489164086687306,0.9326625386996904,0.0755917280912399,0.6713046993679677,0.0827256132564354,0.012383900928792602,-0.014705882352941235,-0.005634911358356504,0.024502269358549933,-0.004215486684798209
TCGA_to_GEO,GSE26682,target_cohort_adaptive_zscore,xgboost,0.9766573295985062,0.8856209150326797,0.0436964817345142,0.6171151887604586,0.0542824429802375,0.973389355742297,0.8856209150326797,0.044365432113409,0.611253596948378,0.0536001300286649,0.0032679738562091387,0.0,-0.000668950378894799,0.005861591812080569,0.0006823129515726029
TCGA_to_GEO,GSE39084,target_cohort_adaptive_zscore,xgboost,0.9534313725490196,0.8982843137254901,0.0691659599542617,0.6195024580457339,0.0388639280369571,0.9644607843137256,0.8376225490196079,0.0626062527298927,0.6555888866366563,0.0453956510754268,-0.011029411764706065,0.06066176470588225,0.0065597072243689936,-0.03608642859092237,-0.006531723038469696
TCGA_to_GEO,GSE13294,single_sample_rank,elastic_net,0.9575424575424576,0.916083916083916,0.0615621879696846,0.7537409980067145,0.032647126459285,0.96003996003996,0.9095071595071595,0.063410960137844,0.7463456015132028,0.0456071380130444,-0.0024975024975023574,0.006576756576756493,-0.0018487721681594016,0.007395396493511619,-0.0129600115537594
TCGA_to_GEO,GSE13067,single_sample_rank,elastic_net,1.0,0.9841269841269842,0.0095670176669955,0.9244026136443472,0.0286126961594541,0.9971139971139972,0.9841269841269842,0.0227246209979057,0.8204328649573855,0.0395434053615283,0.0028860028860028253,0.0,-0.0131576033309102,0.10396974868696163,-0.010930709202074198
TCGA_to_GEO,GSE18088,single_sample_rank,elastic_net,0.978328173374613,0.9210526315789472,0.0646156296133995,0.719032037795605,0.0880432081989284,0.9643962848297212,0.9210526315789472,0.0487527772784233,0.7880084344038838,0.0537357523297107,0.013931888544891802,0.0,0.015862852334976203,-0.06897639660827881,0.0343074558692177
TCGA_to_GEO,GSE26682,single_sample_rank,elastic_net,0.9789915966386554,0.8713818860877685,0.1128201559185981,0.0114278681437118,0.1662034659523422,0.969654528478058,0.8839869281045751,0.0990144312381744,0.1323987582122801,0.1405108098741052,0.009337068160597428,-0.012605042016806678,0.013805724680423709,-0.12097089006856829,0.02569265607823701
TCGA_to_GEO,GSE39084,single_sample_rank,elastic_net,0.9901960784313726,0.8125,0.0796751528978347,0.5616890179431614,0.1029559411185579,0.9840686274509804,0.8982843137254901,0.0421467646956443,0.7681411437270249,0.0291880334485649,0.006127450980392135,-0.08578431372549011,0.03752838820219039,-0.20645212578386352,0.073767907669993
TCGA_to_GEO,GSE13294,single_sample_rank,svm_rbf,0.5,0.5,0.250924492694811,-0.0037397497490567,0.0305761103162968,0.5,0.5,0.250924492694811,-0.0037397497490567,0.0305761103162968,0.0,0.0,0.0,0.0,0.0
TCGA_to_GEO,GSE13067,single_sample_rank,svm_rbf,0.5,0.5,0.2748952678465265,-1.1721882925361893,0.3851532681192609,0.5,0.5,0.2748952678465265,-1.1721882925361893,0.3851532681192609,0.0,0.0,0.0,0.0,0.0
TCGA_to_GEO,GSE18088,single_sample_rank,svm_rbf,0.5,0.5,0.2607091497945176,-0.1336408696173374,0.1753113507301738,0.5,0.5,0.2607091497945176,-0.1336408696173374,0.1753113507301738,0.0,0.0,0.0,0.0,0.0
TCGA_to_GEO,GSE26682,single_sample_rank,svm_rbf,0.5,0.5,0.2760622308440377,-1.4189598556077234,0.402415055454041,0.5,0.5,0.2760622308440377,-1.4189598556077234,0.402415055454041,0.0,0.0,0.0,0.0,0.0
TCGA_to_GEO,GSE39084,single_sample_rank,svm_rbf,0.5,0.5,0.2688002872917643,-0.4787309922214828,0.2949959466186559,0.5,0.5,0.2688002872917643,-0.4787309922214828,0.2949959466186559,0.0,0.0,0.0,0.0,0.0
TCGA_to_GEO,GSE13294,single_sample_rank,xgboost,0.935980685980686,0.8708791208791209,0.1789808571338653,0.2840467711220253,0.2024113441894379,0.9447219447219448,0.812021312021312,0.0991025939583778,0.6035731235680939,0.0779065375926375,-0.008741258741258862,0.05885780885780889,0.0798782631754875,-0.3195263524460686,0.1245048065968004
TCGA_to_GEO,GSE13067,single_sample_rank,xgboost,0.953823953823954,0.8412698412698413,0.0778050422668457,0.3851942114671759,0.1517973260673629,0.974025974025974,0.8095238095238095,0.0805354267358779,0.3636190522284734,0.1505835414545901,-0.02020202020202,0.031746031746031744,-0.0027303844690321905,0.021575159238702513,0.0012137846127728003
TCGA_to_GEO,GSE18088,single_sample_rank,xgboost,0.9380804953560372,0.903250773993808,0.1213917732238769,0.4721524907339468,0.1198511275275655,0.9458204334365324,0.7972136222910217,0.0786051824688911,0.6582013040942489,0.1367231959295455,-0.007739938080495223,0.10603715170278638,0.042786590754985795,-0.18604881336030216,-0.01687206840197998
TCGA_to_GEO,GSE26682,single_sample_rank,xgboost,0.9318394024276376,0.8604108309990663,0.0671161785721778,0.4119031019508838,0.124868093571748,0.9206349206349206,0.6949112978524743,0.1158602535724639,-0.015210597246301,0.2104709285269187,0.011204481792717047,0.16549953314659205,-0.0487440750002861,0.4271136991971848,-0.08560283495517071
TCGA_to_GEO,GSE39084,single_sample_rank,xgboost,0.9926470588235294,0.9276960784313726,0.1238804683089256,0.3185056100015109,0.1850480058373599,0.963235294117647,0.7549019607843137,0.1035178080201149,0.4305251958305198,0.1532059471925564,0.02941176470588247,0.17279411764705888,0.020362660288810702,-0.1120195858290089,0.031842058644803495
TCGA_to_GEO,GSE13294,single_sample_rank,compact_rank_20,0.951048951048951,0.8971028971028971,0.0736975414394256,0.7051975635893772,0.0485011031353031,0.9525474525474524,0.916083916083916,0.0717540564529382,0.7129718271259005,0.0520199765694643,-0.0014985014985013922,-0.018981018981018893,0.001943484986487401,-0.007774263536523218,-0.003518873434161199
TCGA_to_GEO,GSE13067,single_sample_rank,compact_rank_20,1.0,1.0,0.0061375800798398,0.9515016038712796,0.0202625113117451,0.9971139971139972,0.9466089466089466,0.0186447408335437,0.8526715717106987,0.022216794472627,0.0028860028860028253,0.053391053391053434,-0.0125071607537039,0.09883003216058084,-0.0019542831608819027
TCGA_to_GEO,GSE18088,single_sample_rank,compact_rank_20,0.9690402476780184,0.8947368421052632,0.0612548901811891,0.7336455317043957,0.0755275908200315,0.9613003095975232,0.9210526315789472,0.0537536001787705,0.7662633701204853,0.0577717070308752,0.007739938080495223,-0.02631578947368407,0.007501290002418601,-0.03261783841608956,0.01775588378915631
TCGA_to_GEO,GSE26682,single_sample_rank,compact_rank_20,0.9789915966386556,0.8856209150326797,0.1126712287861804,0.0127328230215586,0.1438290608063205,0.9743230625583568,0.9024276377217552,0.0841447206094451,0.2626926885533726,0.0984821835850768,0.004668534080298881,-0.01680672268907546,0.0285265081767353,-0.24995986553181399,0.0453468772212437
TCGA_to_GEO,GSE39084,single_sample_rank,compact_rank_20,0.982843137254902,0.6875,0.1053492041866458,0.4204502725565525,0.1234782004194265,0.971813725490196,0.71875,0.0809774614393975,0.5545247249982164,0.0821935289952029,0.011029411764706065,-0.03125,0.024371742747248293,-0.13407445244166388,0.04128467142422361
