cohort,sample_id,label,decision_score,probability,setting
GSE13294,GSM335510,0,-0.39513838137745905,0.2228640681861564,"C=10.0,gamma=0.001"
GSE13294,GSM335511,1,-0.39513838137745905,0.2228640681861564,"C=10.0,gamma=0.001"
GSE13294,GSM335512,0,-0.39513838137745905,0.2228640681861564,"C=10.0,gamma=0.001"
GSE13294,GSM335513,0,-0.39513838137745905,0.2228640681861564,"C=10.0,gamma=0.001"
GSE13294,GSM335514,0,-0.39513838137745905,0.2228640681861564,"C=10.0,gamma=0.001"
GSE13294,GSM335515,0,-0.39513838137745905,0.2228640681861564,"C=10.0,gamma=0.001"
GSE13294,GSM335516,0,-0.39513838137745905,0.2228640681861564,"C=10.0,gamma=0.001"
GSE13294,GSM335517,0,-0.39513838137745905,0.2228640681861564,"C=10.0,gamma=0.001"
GSE13294,GSM335518,1,-0.39513838137745905,0.2228640681861564,"C=10.0,gamma=0.001"
GSE13294,GSM335519,1,-0.39513838137745905,0.2228640681861564,"C=10.0,gamma=0.001"
GSE13294,GSM335520,0,-0.39513838137745905,0.2228640681861564,"C=10.0,gamma=0.001"
GSE13294,GSM335521,0,-0.39513838137745905,0.2228640681861564,"C=10.0,gamma=0.001"
GSE13294,GSM335522,0,-0.39513838137745905,0.2228640681861564,"C=10.0,gamma=0.001"
GSE13294,GSM335523,0,-0.39513838137745905,0.2228640681861564,"C=10.0,gamma=0.001"
GSE13294,GSM335524,0,-0.39513838137745905,0.2228640681861564,"C=10.0,gamma=0.001"
GSE13294,GSM335525,1,-0.39513838137745905,0.2228640681861564,"C=10.0,gamma=0.001"
GSE13294,GSM335526,0,-0.39513838137745905,0.2228640681861564,"C=10.0,gamma=0.001"
GSE13294,GSM335527,1,-0.39513838137745905,0.2228640681861564,"C=10.0,gamma=0.001"
GSE13294,GSM335528,0,-0.39513838137745905,0.2228640681861564,"C=10.0,gamma=0.001"
GSE13294,GSM335529,1,-0.39513838137745905,0.2228640681861564,"C=10.0,gamma=0.001"
GSE13294,GSM335530,1,-0.39513838137745905,0.2228640681861564,"C=10.0,gamma=0.001"
GSE13294,GSM335531,0,-0.39513838137745905,0.2228640681861564,"C=10.0,gamma=0.001"
GSE13294,GSM335532,1,-0.39513838137745905,0.2228640681861564,"C=10.0,gamma=0.001"
GSE13294,GSM335533,0,-0.39513838137745905,0.2228640681861564,"C=10.0,gamma=0.001"
GSE13294,GSM335534,0,-0.39513838137745905,0.2228640681861564,"C=10.0,gamma=0.001"
GSE13294,GSM335535,0,-0.39513838137745905,0.2228640681861564,"C=10.0,gamma=0.001"
GSE13294,GSM335536,0,-0.39513838137745905,0.2228640681861564,"C=10.0,gamma=0.001"
GSE13294,GSM335537,0,-0.39513838137745905,0.2228640681861564,"C=10.0,gamma=0.001"
GSE13294,GSM335538,0,-0.39513838137745905,0.2228640681861564,"C=10.0,gamma=0.001"
GSE13294,GSM335539,0,-0.39513838137745905,0.2228640681861564,"C=10.0,gamma=0.001"
GSE13294,GSM335540,0,-0.39513838137745905,0.2228640681861564,"C=10.0,gamma=0.001"
GSE13294,GSM335541,1,-0.39513838137745905,0.2228640681861564,"C=10.0,gamma=0.001"
GSE13294,GSM335542,1,-0.39513838137745905,0.2228640681861564,"C=10.0,gamma=0.001"
GSE13294,GSM335543,1,-0.39513838137745905,0.2228640681861564,"C=10.0,gamma=0.001"
GSE13294,GSM335544,1,-0.39513838137745905,0.2228640681861564,"C=10.0,gamma=0.001"
GSE13294,GSM335545,1,-0.39513838137745905,0.2228640681861564,"C=10.0,gamma=0.001"
GSE13294,GSM335546,1,-0.39513838137745905,0.2228640681861564,"C=10.0,gamma=0.001"
GSE13294,GSM335547,0,-0.39513838137745905,0.2228640681861564,"C=10.0,gamma=0.001"
GSE13294,GSM335548,0,-0.39513838137745905,0.2228640681861564,"C=10.0,gamma=0.001"
GSE13294,GSM335549,0,-0.39513838137745905,0.2228640681861564,"C=10.0,gamma=0.001"
GSE13294,GSM335550,0,-0.39513838137745905,0.2228640681861564,"C=10.0,gamma=0.001"
GSE13294,GSM335551,1,-0.39513838137745905,0.2228640681861564,"C=10.0,gamma=0.001"
GSE13294,GSM335552,0,-0.39513838137745905,0.2228640681861564,"C=10.0,gamma=0.001"
GSE13294,GSM335553,0,-0.39513838137745905,0.2228640681861564,"C=10.0,gamma=0.001"
GSE13294,GSM335554,0,-0.39513838137745905,0.2228640681861564,"C=10.0,gamma=0.001"
GSE13294,GSM335555,1,-0.39513838137745905,0.2228640681861564,"C=10.0,gamma=0.001"
GSE13294,GSM335556,0,-0.39513838137745905,0.2228640681861564,"C=10.0,gamma=0.001"
GSE13294,GSM335557,0,-0.39513838137745905,0.2228640681861564,"C=10.0,gamma=0.001"
GSE13294,GSM335558,0,-0.39513838137745905,0.2228640681861564,"C=10.0,gamma=0.001"
GSE13294,GSM335559,1,-0.39513838137745905,0.2228640681861564,"C=10.0,gamma=0.001"
GSE13294,GSM335560,1,-0.39513838137745905,0.2228640681861564,"C=10.0,gamma=0.001"
GSE13294,GSM335561,0,-0.39513838137745905,0.2228640681861564,"C=10.0,gamma=0.001"
GSE13294,GSM335562,1,-0.39513838137745905,0.2228640681861564,"C=10.0,gamma=0.001"
GSE13294,GSM335563,1,-0.39513838137745905,0.2228640681861564,"C=10.0,gamma=0.001"
GSE13294,GSM335564,0,-0.39513838137745905,0.2228640681861564,"C=10.0,gamma=0.001"
GSE13294,GSM335565,1,-0.39513838137745905,0.2228640681861564,"C=10.0,gamma=0.001"
GSE13294,GSM335566,1,-0.39513838137745905,0.2228640681861564,"C=10.0,gamma=0.001"
GSE13294,GSM335567,0,-0.39513838137745905,0.2228640681861564,"C=10.0,gamma=0.001"
GSE13294,GSM335568,0,-0.39513838137745905,0.2228640681861564,"C=10.0,gamma=0.001"
GSE13294,GSM335569,0,-0.39513838137745905,0.2228640681861564,"C=10.0,gamma=0.001"
GSE13294,GSM335570,0,-0.39513838137745905,0.2228640681861564,"C=10.0,gamma=0.001"
GSE13294,GSM335571,0,-0.39513838137745905,0.2228640681861564,"C=10.0,gamma=0.001"
GSE13294,GSM335572,0,-0.39513838137745905,0.2228640681861564,"C=10.0,gamma=0.001"
GSE13294,GSM335573,1,-0.39513838137745905,0.2228640681861564,"C=10.0,gamma=0.001"
GSE13294,GSM335574,1,-0.39513838137745905,0.2228640681861564,"C=10.0,gamma=0.001"
GSE13294,GSM335575,0,-0.39513838137745905,0.2228640681861564,"C=10.0,gamma=0.001"
GSE13294,GSM335576,1,-0.39513838137745905,0.2228640681861564,"C=10.0,gamma=0.001"
GSE13294,GSM335577,1,-0.39513838137745905,0.2228640681861564,"C=10.0,gamma=0.001"
GSE13294,GSM335578,1,-0.39513838137745905,0.2228640681861564,"C=10.0,gamma=0.001"
GSE13294,GSM335579,0,-0.39513838137745905,0.2228640681861564,"C=10.0,gamma=0.001"
GSE13294,GSM335580,0,-0.39513838137745905,0.2228640681861564,"C=10.0,gamma=0.001"
GSE13294,GSM335581,0,-0.39513838137745905,0.2228640681861564,"C=10.0,gamma=0.001"
GSE13294,GSM335582,0,-0.39513838137745905,0.2228640681861564,"C=10.0,gamma=0.001"
GSE13294,GSM335583,0,-0.39513838137745905,0.2228640681861564,"C=10.0,gamma=0.001"
GSE13294,GSM335584,0,-0.39513838137745905,0.2228640681861564,"C=10.0,gamma=0.001"
GSE13294,GSM335585,1,-0.39513838137745905,0.2228640681861564,"C=10.0,gamma=0.001"
GSE13294,GSM335586,0,-0.39513838137745905,0.2228640681861564,"C=10.0,gamma=0.001"
GSE13294,GSM335587,0,-0.39513838137745905,0.2228640681861564,"C=10.0,gamma=0.001"
GSE13294,GSM335588,0,-0.39513838137745905,0.2228640681861564,"C=10.0,gamma=0.001"
GSE13294,GSM335589,0,-0.39513838137745905,0.2228640681861564,"C=10.0,gamma=0.001"
GSE13294,GSM335590,0,-0.39513838137745905,0.2228640681861564,"C=10.0,gamma=0.001"
GSE13294,GSM335591,0,-0.39513838137745905,0.2228640681861564,"C=10.0,gamma=0.001"
GSE13294,GSM335592,0,-0.39513838137745905,0.2228640681861564,"C=10.0,gamma=0.001"
GSE13294,GSM335593,0,-0.39513838137745905,0.2228640681861564,"C=10.0,gamma=0.001"
GSE13294,GSM335594,0,-0.39513838137745905,0.2228640681861564,"C=10.0,gamma=0.001"
GSE13294,GSM335595,1,-0.39513838137745905,0.2228640681861564,"C=10.0,gamma=0.001"
GSE13294,GSM335596,0,-0.39513838137745905,0.2228640681861564,"C=10.0,gamma=0.001"
GSE13294,GSM335597,1,-0.39513838137745905,0.2228640681861564,"C=10.0,gamma=0.001"
GSE13294,GSM335598,0,-0.39513838137745905,0.2228640681861564,"C=10.0,gamma=0.001"
GSE13294,GSM335599,0,-0.39513838137745905,0.2228640681861564,"C=10.0,gamma=0.001"
GSE13294,GSM335600,0,-0.39513838137745905,0.2228640681861564,"C=10.0,gamma=0.001"
GSE13294,GSM335601,0,-0.39513838137745905,0.2228640681861564,"C=10.0,gamma=0.001"
GSE13294,GSM335602,0,-0.39513838137745905,0.2228640681861564,"C=10.0,gamma=0.001"
GSE13294,GSM335603,0,-0.39513838137745905,0.2228640681861564,"C=10.0,gamma=0.001"
GSE13294,GSM335604,0,-0.39513838137745905,0.2228640681861564,"C=10.0,gamma=0.001"
GSE13294,GSM335605,0,-0.39513838137745905,0.2228640681861564,"C=10.0,gamma=0.001"
GSE13294,GSM335606,0,-0.39513838137745905,0.2228640681861564,"C=10.0,gamma=0.001"
GSE13294,GSM335607,0,-0.39513838137745905,0.2228640681861564,"C=10.0,gamma=0.001"
GSE13294,GSM335608,0,-0.39513838137745905,0.2228640681861564,"C=10.0,gamma=0.001"
GSE13294,GSM335609,0,-0.39513838137745905,0.2228640681861564,"C=10.0,gamma=0.001"
GSE13294,GSM335610,0,-0.39513838137745905,0.2228640681861564,"C=10.0,gamma=0.001"
GSE13294,GSM335611,0,-0.39513838137745905,0.2228640681861564,"C=10.0,gamma=0.001"
GSE13294,GSM335612,0,-0.39513838137745905,0.2228640681861564,"C=10.0,gamma=0.001"
GSE13294,GSM335613,0,-0.39513838137745905,0.2228640681861564,"C=10.0,gamma=0.001"
GSE13294,GSM335614,1,-0.39513838137745905,0.2228640681861564,"C=10.0,gamma=0.001"
GSE13294,GSM335615,0,-0.39513838137745905,0.2228640681861564,"C=10.0,gamma=0.001"
GSE13294,GSM335616,0,-0.39513838137745905,0.2228640681861564,"C=10.0,gamma=0.001"
GSE13294,GSM335617,0,-0.39513838137745905,0.2228640681861564,"C=10.0,gamma=0.001"
GSE13294,GSM335618,1,-0.39513838137745905,0.2228640681861564,"C=10.0,gamma=0.001"
GSE13294,GSM335619,1,-0.39513838137745905,0.2228640681861564,"C=10.0,gamma=0.001"
GSE13294,GSM335620,1,-0.39513838137745905,0.2228640681861564,"C=10.0,gamma=0.001"
GSE13294,GSM335621,1,-0.39513838137745905,0.2228640681861564,"C=10.0,gamma=0.001"
GSE13294,GSM335622,1,-0.39513838137745905,0.2228640681861564,"C=10.0,gamma=0.001"
GSE13294,GSM335623,1,-0.39513838137745905,0.2228640681861564,"C=10.0,gamma=0.001"
GSE13294,GSM335624,1,-0.39513838137745905,0.2228640681861564,"C=10.0,gamma=0.001"
GSE13294,GSM335625,1,-0.39513838137745905,0.2228640681861564,"C=10.0,gamma=0.001"
GSE13294,GSM335626,1,-0.39513838137745905,0.2228640681861564,"C=10.0,gamma=0.001"
GSE13294,GSM335627,1,-0.39513838137745905,0.2228640681861564,"C=10.0,gamma=0.001"
GSE13294,GSM335628,1,-0.39513838137745905,0.2228640681861564,"C=10.0,gamma=0.001"
GSE13294,GSM335629,1,-0.39513838137745905,0.2228640681861564,"C=10.0,gamma=0.001"
GSE13294,GSM335630,1,-0.39513838137745905,0.2228640681861564,"C=10.0,gamma=0.001"
GSE13294,GSM335631,1,-0.39513838137745905,0.2228640681861564,"C=10.0,gamma=0.001"
GSE13294,GSM335632,1,-0.39513838137745905,0.2228640681861564,"C=10.0,gamma=0.001"
GSE13294,GSM335633,1,-0.39513838137745905,0.2228640681861564,"C=10.0,gamma=0.001"
GSE13294,GSM335634,1,-0.39513838137745905,0.2228640681861564,"C=10.0,gamma=0.001"
GSE13294,GSM335635,1,-0.39513838137745905,0.2228640681861564,"C=10.0,gamma=0.001"
GSE13294,GSM335636,1,-0.39513838137745905,0.2228640681861564,"C=10.0,gamma=0.001"
GSE13294,GSM335637,1,-0.39513838137745905,0.2228640681861564,"C=10.0,gamma=0.001"
GSE13294,GSM335638,1,-0.39513838137745905,0.2228640681861564,"C=10.0,gamma=0.001"
GSE13294,GSM335639,1,-0.39513838137745905,0.2228640681861564,"C=10.0,gamma=0.001"
GSE13294,GSM335640,1,-0.39513838137745905,0.2228640681861564,"C=10.0,gamma=0.001"
GSE13294,GSM335641,1,-0.39513838137745905,0.2228640681861564,"C=10.0,gamma=0.001"
GSE13294,GSM335642,1,-0.39513838137745905,0.2228640681861564,"C=10.0,gamma=0.001"
GSE13294,GSM335643,1,-0.39513838137745905,0.2228640681861564,"C=10.0,gamma=0.001"
GSE13294,GSM335644,1,-0.39513838137745905,0.2228640681861564,"C=10.0,gamma=0.001"
GSE13294,GSM335645,1,-0.39513838137745905,0.2228640681861564,"C=10.0,gamma=0.001"
GSE13294,GSM335646,1,-0.39513838137745905,0.2228640681861564,"C=10.0,gamma=0.001"
GSE13294,GSM335647,1,-0.39513838137745905,0.2228640681861564,"C=10.0,gamma=0.001"
GSE13294,GSM335648,1,-0.39513838137745905,0.2228640681861564,"C=10.0,gamma=0.001"
GSE13294,GSM335649,1,-0.39513838137745905,0.2228640681861564,"C=10.0,gamma=0.001"
GSE13294,GSM335650,1,-0.39513838137745905,0.2228640681861564,"C=10.0,gamma=0.001"
GSE13294,GSM335651,1,-0.39513838137745905,0.2228640681861564,"C=10.0,gamma=0.001"
GSE13294,GSM335652,1,-0.39513838137745905,0.2228640681861564,"C=10.0,gamma=0.001"
GSE13294,GSM335653,1,-0.39513838137745905,0.2228640681861564,"C=10.0,gamma=0.001"
GSE13294,GSM335654,1,-0.39513838137745905,0.2228640681861564,"C=10.0,gamma=0.001"
GSE13294,GSM335655,1,-0.39513838137745905,0.2228640681861564,"C=10.0,gamma=0.001"
GSE13294,GSM335656,1,-0.39513838137745905,0.2228640681861564,"C=10.0,gamma=0.001"
GSE13294,GSM335657,1,-0.39513838137745905,0.2228640681861564,"C=10.0,gamma=0.001"
GSE13294,GSM335658,1,-0.39513838137745905,0.2228640681861564,"C=10.0,gamma=0.001"
GSE13294,GSM335659,1,-0.39513838137745905,0.2228640681861564,"C=10.0,gamma=0.001"
GSE13294,GSM335660,1,-0.39513838137745905,0.2228640681861564,"C=10.0,gamma=0.001"
GSE13294,GSM335661,1,-0.39513838137745905,0.2228640681861564,"C=10.0,gamma=0.001"
GSE13294,GSM335662,1,-0.39513838137745905,0.2228640681861564,"C=10.0,gamma=0.001"
GSE13294,GSM335663,1,-0.39513838137745905,0.2228640681861564,"C=10.0,gamma=0.001"
GSE13294,GSM335664,1,-0.39513838137745905,0.2228640681861564,"C=10.0,gamma=0.001"
GSE13067,GSM327282,1,-0.39513838137745905,0.2228640681861564,"C=10.0,gamma=0.001"
GSE13067,GSM327283,0,-0.39513838137745905,0.2228640681861564,"C=10.0,gamma=0.001"
GSE13067,GSM327284,0,-0.39513838137745905,0.2228640681861564,"C=10.0,gamma=0.001"
GSE13067,GSM327285,0,-0.39513838137745905,0.2228640681861564,"C=10.0,gamma=0.001"
GSE13067,GSM327286,0,-0.39513838137745905,0.2228640681861564,"C=10.0,gamma=0.001"
GSE13067,GSM327287,0,-0.39513838137745905,0.2228640681861564,"C=10.0,gamma=0.001"
GSE13067,GSM327288,1,-0.39513838137745905,0.2228640681861564,"C=10.0,gamma=0.001"
GSE13067,GSM327289,0,-0.39513838137745905,0.2228640681861564,"C=10.0,gamma=0.001"
GSE13067,GSM327290,0,-0.39513838137745905,0.2228640681861564,"C=10.0,gamma=0.001"
GSE13067,GSM327291,0,-0.39513838137745905,0.2228640681861564,"C=10.0,gamma=0.001"
GSE13067,GSM327292,0,-0.39513838137745905,0.2228640681861564,"C=10.0,gamma=0.001"
GSE13067,GSM327293,0,-0.39513838137745905,0.2228640681861564,"C=10.0,gamma=0.001"
GSE13067,GSM327294,0,-0.39513838137745905,0.2228640681861564,"C=10.0,gamma=0.001"
GSE13067,GSM327295,0,-0.39513838137745905,0.2228640681861564,"C=10.0,gamma=0.001"
GSE13067,GSM327296,0,-0.39513838137745905,0.2228640681861564,"C=10.0,gamma=0.001"
GSE13067,GSM327297,0,-0.39513838137745905,0.2228640681861564,"C=10.0,gamma=0.001"
GSE13067,GSM327298,0,-0.39513838137745905,0.2228640681861564,"C=10.0,gamma=0.001"
GSE13067,GSM327299,0,-0.39513838137745905,0.2228640681861564,"C=10.0,gamma=0.001"
GSE13067,GSM327300,0,-0.39513838137745905,0.2228640681861564,"C=10.0,gamma=0.001"
GSE13067,GSM327301,0,-0.39513838137745905,0.2228640681861564,"C=10.0,gamma=0.001"
GSE13067,GSM327302,0,-0.39513838137745905,0.2228640681861564,"C=10.0,gamma=0.001"
GSE13067,GSM327303,0,-0.39513838137745905,0.2228640681861564,"C=10.0,gamma=0.001"
GSE13067,GSM327304,0,-0.39513838137745905,0.2228640681861564,"C=10.0,gamma=0.001"
GSE13067,GSM327305,0,-0.39513838137745905,0.2228640681861564,"C=10.0,gamma=0.001"
GSE13067,GSM327306,0,-0.39513838137745905,0.2228640681861564,"C=10.0,gamma=0.001"
GSE13067,GSM327307,0,-0.39513838137745905,0.2228640681861564,"C=10.0,gamma=0.001"
GSE13067,GSM327308,0,-0.39513838137745905,0.2228640681861564,"C=10.0,gamma=0.001"
GSE13067,GSM327309,1,-0.39513838137745905,0.2228640681861564,"C=10.0,gamma=0.001"
GSE13067,GSM327310,1,-0.39513838137745905,0.2228640681861564,"C=10.0,gamma=0.001"
GSE13067,GSM327311,1,-0.39513838137745905,0.2228640681861564,"C=10.0,gamma=0.001"
GSE13067,GSM327312,0,-0.39513838137745905,0.2228640681861564,"C=10.0,gamma=0.001"
GSE13067,GSM327313,1,-0.39513838137745905,0.2228640681861564,"C=10.0,gamma=0.001"
GSE13067,GSM327314,0,-0.39513838137745905,0.2228640681861564,"C=10.0,gamma=0.001"
GSE13067,GSM327315,0,-0.39513838137745905,0.2228640681861564,"C=10.0,gamma=0.001"
GSE13067,GSM327316,0,-0.39513838137745905,0.2228640681861564,"C=10.0,gamma=0.001"
GSE13067,GSM327317,0,-0.39513838137745905,0.2228640681861564,"C=10.0,gamma=0.001"
GSE13067,GSM327318,0,-0.39513838137745905,0.2228640681861564,"C=10.0,gamma=0.001"
GSE13067,GSM327319,0,-0.39513838137745905,0.2228640681861564,"C=10.0,gamma=0.001"
GSE13067,GSM327320,0,-0.39513838137745905,0.2228640681861564,"C=10.0,gamma=0.001"
GSE13067,GSM327321,0,-0.39513838137745905,0.2228640681861564,"C=10.0,gamma=0.001"
GSE13067,GSM327322,0,-0.39513838137745905,0.2228640681861564,"C=10.0,gamma=0.001"
GSE13067,GSM327323,0,-0.39513838137745905,0.2228640681861564,"C=10.0,gamma=0.001"
GSE13067,GSM327324,1,-0.39513838137745905,0.2228640681861564,"C=10.0,gamma=0.001"
GSE13067,GSM327325,1,-0.39513838137745905,0.2228640681861564,"C=10.0,gamma=0.001"
GSE13067,GSM327326,0,-0.39513838137745905,0.2228640681861564,"C=10.0,gamma=0.001"
GSE13067,GSM327327,0,-0.39513838137745905,0.2228640681861564,"C=10.0,gamma=0.001"
GSE13067,GSM327328,0,-0.39513838137745905,0.2228640681861564,"C=10.0,gamma=0.001"
GSE13067,GSM327329,0,-0.39513838137745905,0.2228640681861564,"C=10.0,gamma=0.001"
GSE13067,GSM327330,0,-0.39513838137745905,0.2228640681861564,"C=10.0,gamma=0.001"
GSE13067,GSM327331,1,-0.39513838137745905,0.2228640681861564,"C=10.0,gamma=0.001"
GSE13067,GSM327332,0,-0.39513838137745905,0.2228640681861564,"C=10.0,gamma=0.001"
GSE13067,GSM327333,0,-0.39513838137745905,0.2228640681861564,"C=10.0,gamma=0.001"
GSE13067,GSM327334,0,-0.39513838137745905,0.2228640681861564,"C=10.0,gamma=0.001"
GSE13067,GSM327335,0,-0.39513838137745905,0.2228640681861564,"C=10.0,gamma=0.001"
GSE13067,GSM327336,0,-0.39513838137745905,0.2228640681861564,"C=10.0,gamma=0.001"
GSE13067,GSM327337,0,-0.39513838137745905,0.2228640681861564,"C=10.0,gamma=0.001"
GSE13067,GSM327338,0,-0.39513838137745905,0.2228640681861564,"C=10.0,gamma=0.001"
GSE13067,GSM327339,0,-0.39513838137745905,0.2228640681861564,"C=10.0,gamma=0.001"
GSE13067,GSM327340,0,-0.39513838137745905,0.2228640681861564,"C=10.0,gamma=0.001"
GSE13067,GSM327341,0,-0.39513838137745905,0.2228640681861564,"C=10.0,gamma=0.001"
GSE13067,GSM327342,0,-0.39513838137745905,0.2228640681861564,"C=10.0,gamma=0.001"
GSE13067,GSM327343,0,-0.39513838137745905,0.2228640681861564,"C=10.0,gamma=0.001"
GSE13067,GSM327344,0,-0.39513838137745905,0.2228640681861564,"C=10.0,gamma=0.001"
GSE13067,GSM327345,0,-0.39513838137745905,0.2228640681861564,"C=10.0,gamma=0.001"
GSE13067,GSM327346,0,-0.39513838137745905,0.2228640681861564,"C=10.0,gamma=0.001"
GSE13067,GSM327347,0,-0.39513838137745905,0.2228640681861564,"C=10.0,gamma=0.001"
GSE13067,GSM327348,0,-0.39513838137745905,0.2228640681861564,"C=10.0,gamma=0.001"
GSE13067,GSM327349,0,-0.39513838137745905,0.2228640681861564,"C=10.0,gamma=0.001"
GSE13067,GSM327350,0,-0.39513838137745905,0.2228640681861564,"C=10.0,gamma=0.001"
GSE13067,GSM327351,0,-0.39513838137745905,0.2228640681861564,"C=10.0,gamma=0.001"
GSE13067,GSM327352,1,-0.39513838137745905,0.2228640681861564,"C=10.0,gamma=0.001"
GSE13067,GSM327353,1,-0.39513838137745905,0.2228640681861564,"C=10.0,gamma=0.001"
GSE13067,GSM327354,0,-0.39513838137745905,0.2228640681861564,"C=10.0,gamma=0.001"
GSE13067,GSM327355,0,-0.39513838137745905,0.2228640681861564,"C=10.0,gamma=0.001"
GSE18088,GSM452148,1,-0.39513838137745905,0.2228640681861564,"C=10.0,gamma=0.001"
GSE18088,GSM452149,0,-0.39513838137745905,0.2228640681861564,"C=10.0,gamma=0.001"
GSE18088,GSM452150,0,-0.39513838137745905,0.2228640681861564,"C=10.0,gamma=0.001"
GSE18088,GSM452151,0,-0.39513838137745905,0.2228640681861564,"C=10.0,gamma=0.001"
GSE18088,GSM452152,0,-0.39513838137745905,0.2228640681861564,"C=10.0,gamma=0.001"
GSE18088,GSM452153,1,-0.39513838137745905,0.2228640681861564,"C=10.0,gamma=0.001"
GSE18088,GSM452154,0,-0.39513838137745905,0.2228640681861564,"C=10.0,gamma=0.001"
GSE18088,GSM452155,0,-0.39513838137745905,0.2228640681861564,"C=10.0,gamma=0.001"
GSE18088,GSM452156,0,-0.39513838137745905,0.2228640681861564,"C=10.0,gamma=0.001"
GSE18088,GSM452157,1,-0.39513838137745905,0.2228640681861564,"C=10.0,gamma=0.001"
GSE18088,GSM452158,0,-0.39513838137745905,0.2228640681861564,"C=10.0,gamma=0.001"
GSE18088,GSM452159,1,-0.39513838137745905,0.2228640681861564,"C=10.0,gamma=0.001"
GSE18088,GSM452160,0,-0.39513838137745905,0.2228640681861564,"C=10.0,gamma=0.001"
GSE18088,GSM452161,0,-0.39513838137745905,0.2228640681861564,"C=10.0,gamma=0.001"
GSE18088,GSM452162,0,-0.39513838137745905,0.2228640681861564,"C=10.0,gamma=0.001"
GSE18088,GSM452163,1,-0.39513838137745905,0.2228640681861564,"C=10.0,gamma=0.001"
GSE18088,GSM452164,0,-0.39513838137745905,0.2228640681861564,"C=10.0,gamma=0.001"
GSE18088,GSM452165,0,-0.39513838137745905,0.2228640681861564,"C=10.0,gamma=0.001"
GSE18088,GSM452166,0,-0.39513838137745905,0.2228640681861564,"C=10.0,gamma=0.001"
GSE18088,GSM452167,0,-0.39513838137745905,0.2228640681861564,"C=10.0,gamma=0.001"
GSE18088,GSM452168,1,-0.39513838137745905,0.2228640681861564,"C=10.0,gamma=0.001"
GSE18088,GSM452169,1,-0.39513838137745905,0.2228640681861564,"C=10.0,gamma=0.001"
GSE18088,GSM452170,0,-0.39513838137745905,0.2228640681861564,"C=10.0,gamma=0.001"
GSE18088,GSM452171,0,-0.39513838137745905,0.2228640681861564,"C=10.0,gamma=0.001"
GSE18088,GSM452172,0,-0.39513838137745905,0.2228640681861564,"C=10.0,gamma=0.001"
GSE18088,GSM452173,1,-0.39513838137745905,0.2228640681861564,"C=10.0,gamma=0.001"
GSE18088,GSM452174,1,-0.39513838137745905,0.2228640681861564,"C=10.0,gamma=0.001"
GSE18088,GSM452175,1,-0.39513838137745905,0.2228640681861564,"C=10.0,gamma=0.001"
GSE18088,GSM452176,0,-0.39513838137745905,0.2228640681861564,"C=10.0,gamma=0.001"
GSE18088,GSM452177,0,-0.39513838137745905,0.2228640681861564,"C=10.0,gamma=0.001"
GSE18088,GSM452178,0,-0.39513838137745905,0.2228640681861564,"C=10.0,gamma=0.001"
GSE18088,GSM452179,1,-0.39513838137745905,0.2228640681861564,"C=10.0,gamma=0.001"
GSE18088,GSM452180,1,-0.39513838137745905,0.2228640681861564,"C=10.0,gamma=0.001"
GSE18088,GSM452181,0,-0.39513838137745905,0.2228640681861564,"C=10.0,gamma=0.001"
GSE18088,GSM452182,1,-0.39513838137745905,0.2228640681861564,"C=10.0,gamma=0.001"
GSE18088,GSM452183,1,-0.39513838137745905,0.2228640681861564,"C=10.0,gamma=0.001"
GSE18088,GSM452184,1,-0.39513838137745905,0.2228640681861564,"C=10.0,gamma=0.001"
GSE18088,GSM452185,0,-0.39513838137745905,0.2228640681861564,"C=10.0,gamma=0.001"
GSE18088,GSM452186,0,-0.39513838137745905,0.2228640681861564,"C=10.0,gamma=0.001"
GSE18088,GSM452187,0,-0.39513838137745905,0.2228640681861564,"C=10.0,gamma=0.001"
GSE18088,GSM452188,1,-0.39513838137745905,0.2228640681861564,"C=10.0,gamma=0.001"
GSE18088,GSM452189,1,-0.39513838137745905,0.2228640681861564,"C=10.0,gamma=0.001"
GSE18088,GSM452190,0,-0.39513838137745905,0.2228640681861564,"C=10.0,gamma=0.001"
GSE18088,GSM452191,0,-0.39513838137745905,0.2228640681861564,"C=10.0,gamma=0.001"
GSE18088,GSM452192,0,-0.39513838137745905,0.2228640681861564,"C=10.0,gamma=0.001"
GSE18088,GSM452193,0,-0.39513838137745905,0.2228640681861564,"C=10.0,gamma=0.001"
GSE18088,GSM452194,0,-0.39513838137745905,0.2228640681861564,"C=10.0,gamma=0.001"
GSE18088,GSM452195,0,-0.39513838137745905,0.2228640681861564,"C=10.0,gamma=0.001"
GSE18088,GSM452196,0,-0.39513838137745905,0.2228640681861564,"C=10.0,gamma=0.001"
GSE18088,GSM452197,1,-0.39513838137745905,0.2228640681861564,"C=10.0,gamma=0.001"
GSE18088,GSM452198,0,-0.39513838137745905,0.2228640681861564,"C=10.0,gamma=0.001"
GSE18088,GSM452199,0,-0.39513838137745905,0.2228640681861564,"C=10.0,gamma=0.001"
GSE18088,GSM452200,1,-0.39513838137745905,0.2228640681861564,"C=10.0,gamma=0.001"
GSE26682,GSM656542,0,-0.39513838137745905,0.2228640681861564,"C=10.0,gamma=0.001"
GSE26682,GSM656543,0,-0.39513838137745905,0.2228640681861564,"C=10.0,gamma=0.001"
GSE26682,GSM656545,1,-0.39513838137745905,0.2228640681861564,"C=10.0,gamma=0.001"
GSE26682,GSM656546,0,-0.39513838137745905,0.2228640681861564,"C=10.0,gamma=0.001"
GSE26682,GSM656548,0,-0.39513838137745905,0.2228640681861564,"C=10.0,gamma=0.001"
GSE26682,GSM656550,0,-0.39513838137745905,0.2228640681861564,"C=10.0,gamma=0.001"
GSE26682,GSM656552,0,-0.39513838137745905,0.2228640681861564,"C=10.0,gamma=0.001"
GSE26682,GSM656553,0,-0.39513838137745905,0.2228640681861564,"C=10.0,gamma=0.001"
GSE26682,GSM656555,0,-0.3951383833611436,0.22286406709694434,"C=10.0,gamma=0.001"
GSE26682,GSM656556,0,-0.39513838137745905,0.2228640681861564,"C=10.0,gamma=0.001"
GSE26682,GSM656557,0,-0.3951383813774602,0.2228640681861557,"C=10.0,gamma=0.001"
GSE26682,GSM656558,0,-0.39513838137745905,0.2228640681861564,"C=10.0,gamma=0.001"
GSE26682,GSM656559,1,-0.39513838137745905,0.2228640681861564,"C=10.0,gamma=0.001"
GSE26682,GSM656560,0,-0.39513838137745905,0.2228640681861564,"C=10.0,gamma=0.001"
GSE26682,GSM656561,0,-0.39513838137745905,0.2228640681861564,"C=10.0,gamma=0.001"
GSE26682,GSM656567,0,-0.39513838137745905,0.2228640681861564,"C=10.0,gamma=0.001"
GSE26682,GSM656568,0,-0.39513838137745905,0.2228640681861564,"C=10.0,gamma=0.001"
GSE26682,GSM656569,0,-0.39513838137745905,0.2228640681861564,"C=10.0,gamma=0.001"
GSE26682,GSM656570,0,-0.39513838137745905,0.2228640681861564,"C=10.0,gamma=0.001"
GSE26682,GSM656574,0,-0.39513838137745905,0.2228640681861564,"C=10.0,gamma=0.001"
GSE26682,GSM656580,0,-0.39513838137745905,0.2228640681861564,"C=10.0,gamma=0.001"
GSE26682,GSM656582,0,-0.39513838137745905,0.2228640681861564,"C=10.0,gamma=0.001"
GSE26682,GSM656583,1,-0.39513838137745905,0.2228640681861564,"C=10.0,gamma=0.001"
GSE26682,GSM656584,0,-0.39513838137745905,0.2228640681861564,"C=10.0,gamma=0.001"
GSE26682,GSM656585,0,-0.39513838137745905,0.2228640681861564,"C=10.0,gamma=0.001"
GSE26682,GSM656586,0,-0.3951383813774592,0.2228640681861562,"C=10.0,gamma=0.001"
GSE26682,GSM656587,0,-0.39513838137745905,0.2228640681861564,"C=10.0,gamma=0.001"
GSE26682,GSM656590,1,-0.39513838137745905,0.2228640681861564,"C=10.0,gamma=0.001"
GSE26682,GSM656592,0,-0.39513838137745905,0.2228640681861564,"C=10.0,gamma=0.001"
GSE26682,GSM656596,0,-0.39513838137745905,0.2228640681861564,"C=10.0,gamma=0.001"
GSE26682,GSM656598,0,-0.39513838137745905,0.2228640681861564,"C=10.0,gamma=0.001"
GSE26682,GSM656601,0,-0.39513838137745905,0.2228640681861564,"C=10.0,gamma=0.001"
GSE26682,GSM656603,1,-0.39513838137745905,0.2228640681861564,"C=10.0,gamma=0.001"
GSE26682,GSM656612,1,-0.39513838137745905,0.2228640681861564,"C=10.0,gamma=0.001"
GSE26682,GSM656613,0,-0.39513838137745905,0.2228640681861564,"C=10.0,gamma=0.001"
GSE26682,GSM656617,0,-0.39513838137745905,0.2228640681861564,"C=10.0,gamma=0.001"
GSE26682,GSM656618,0,-0.39513838137745905,0.2228640681861564,"C=10.0,gamma=0.001"
GSE26682,GSM656625,0,-0.39513838137745905,0.2228640681861564,"C=10.0,gamma=0.001"
GSE26682,GSM656634,0,-0.39513838137745905,0.2228640681861564,"C=10.0,gamma=0.001"
GSE26682,GSM656635,0,-0.39513838137745905,0.2228640681861564,"C=10.0,gamma=0.001"
GSE26682,GSM656636,0,-0.39513838137745905,0.2228640681861564,"C=10.0,gamma=0.001"
GSE26682,GSM656639,0,-0.39513838137745905,0.2228640681861564,"C=10.0,gamma=0.001"
GSE26682,GSM656640,0,-0.39513838137745905,0.2228640681861564,"C=10.0,gamma=0.001"
GSE26682,GSM656642,0,-0.39513838137745905,0.2228640681861564,"C=10.0,gamma=0.001"
GSE26682,GSM656644,0,-0.39513838137745905,0.2228640681861564,"C=10.0,gamma=0.001"
GSE26682,GSM656657,0,-0.39513838137745905,0.2228640681861564,"C=10.0,gamma=0.001"
GSE26682,GSM656662,0,-0.39513838137745905,0.2228640681861564,"C=10.0,gamma=0.001"
GSE26682,GSM656663,0,-0.39513838137745905,0.2228640681861564,"C=10.0,gamma=0.001"
GSE26682,GSM656669,1,-0.39513838137745905,0.2228640681861564,"C=10.0,gamma=0.001"
GSE26682,GSM656672,0,-0.39513838137745905,0.2228640681861564,"C=10.0,gamma=0.001"
GSE26682,GSM656675,0,-0.39513838137745905,0.2228640681861564,"C=10.0,gamma=0.001"
GSE26682,GSM656676,0,-0.39513838137745905,0.2228640681861564,"C=10.0,gamma=0.001"
GSE26682,GSM656678,0,-0.39513838137745905,0.2228640681861564,"C=10.0,gamma=0.001"
GSE26682,GSM656679,1,-0.39513838137745905,0.2228640681861564,"C=10.0,gamma=0.001"
GSE26682,GSM656683,0,-0.39513838137745905,0.2228640681861564,"C=10.0,gamma=0.001"
GSE26682,GSM656687,0,-0.39513838137745905,0.2228640681861564,"C=10.0,gamma=0.001"
GSE26682,GSM656691,0,-0.39513838137745905,0.2228640681861564,"C=10.0,gamma=0.001"
GSE26682,GSM656692,0,-0.39513838137745905,0.2228640681861564,"C=10.0,gamma=0.001"
GSE26682,GSM656693,0,-0.39513838137745905,0.2228640681861564,"C=10.0,gamma=0.001"
GSE26682,GSM656695,0,-0.39513838137745905,0.2228640681861564,"C=10.0,gamma=0.001"
GSE26682,GSM656698,0,-0.39513838137745905,0.2228640681861564,"C=10.0,gamma=0.001"
GSE26682,GSM656699,0,-0.39513838137745905,0.2228640681861564,"C=10.0,gamma=0.001"
GSE26682,GSM656700,0,-0.39513838137745905,0.2228640681861564,"C=10.0,gamma=0.001"
GSE26682,GSM656701,0,-0.39513838137745905,0.2228640681861564,"C=10.0,gamma=0.001"
GSE26682,GSM656702,0,-0.39513838137745905,0.2228640681861564,"C=10.0,gamma=0.001"
GSE26682,GSM656703,0,-0.39513838137745905,0.2228640681861564,"C=10.0,gamma=0.001"
GSE26682,GSM656704,0,-0.39513838137745905,0.2228640681861564,"C=10.0,gamma=0.001"
GSE26682,GSM656705,0,-0.39513838137745905,0.2228640681861564,"C=10.0,gamma=0.001"
GSE26682,GSM656707,0,-0.39513838137745905,0.2228640681861564,"C=10.0,gamma=0.001"
GSE26682,GSM656710,0,-0.39513838137745905,0.2228640681861564,"C=10.0,gamma=0.001"
GSE26682,GSM656711,0,-0.39513838137745905,0.2228640681861564,"C=10.0,gamma=0.001"
GSE26682,GSM656714,0,-0.39513838137745905,0.2228640681861564,"C=10.0,gamma=0.001"
GSE26682,GSM656715,0,-0.39513838137745905,0.2228640681861564,"C=10.0,gamma=0.001"
GSE26682,GSM656720,0,-0.39513838137745905,0.2228640681861564,"C=10.0,gamma=0.001"
GSE26682,GSM656721,0,-0.39513838137745905,0.2228640681861564,"C=10.0,gamma=0.001"
GSE26682,GSM656726,0,-0.39513838137745905,0.2228640681861564,"C=10.0,gamma=0.001"
GSE26682,GSM656732,0,-0.39513838137745905,0.2228640681861564,"C=10.0,gamma=0.001"
GSE26682,GSM656735,0,-0.39513838137745905,0.2228640681861564,"C=10.0,gamma=0.001"
GSE26682,GSM656736,1,-0.39513838137745905,0.2228640681861564,"C=10.0,gamma=0.001"
GSE26682,GSM656737,0,-0.39513838137745905,0.2228640681861564,"C=10.0,gamma=0.001"
GSE26682,GSM656739,0,-0.39513838137745905,0.2228640681861564,"C=10.0,gamma=0.001"
GSE26682,GSM656742,0,-0.39513838137745905,0.2228640681861564,"C=10.0,gamma=0.001"
GSE26682,GSM656749,0,-0.39513838137745905,0.2228640681861564,"C=10.0,gamma=0.001"
GSE26682,GSM656768,0,-0.39513838137745905,0.2228640681861564,"C=10.0,gamma=0.001"
GSE26682,GSM656769,0,-0.39513838137745905,0.2228640681861564,"C=10.0,gamma=0.001"
GSE26682,GSM656770,0,-0.39513838137745905,0.2228640681861564,"C=10.0,gamma=0.001"
GSE26682,GSM656772,0,-0.39513838137745905,0.2228640681861564,"C=10.0,gamma=0.001"
GSE26682,GSM656775,0,-0.39513838137745905,0.2228640681861564,"C=10.0,gamma=0.001"
GSE26682,GSM656776,0,-0.39513838137745905,0.2228640681861564,"C=10.0,gamma=0.001"
GSE26682,GSM656777,0,-0.39513838137745905,0.2228640681861564,"C=10.0,gamma=0.001"
GSE26682,GSM656783,0,-0.39513838137745905,0.2228640681861564,"C=10.0,gamma=0.001"
GSE26682,GSM656785,0,-0.39513838137745905,0.2228640681861564,"C=10.0,gamma=0.001"
GSE26682,GSM656787,0,-0.39513838137745905,0.2228640681861564,"C=10.0,gamma=0.001"
GSE26682,GSM656794,0,-0.39513838137745905,0.2228640681861564,"C=10.0,gamma=0.001"
GSE26682,GSM656800,0,-0.39513838137745905,0.2228640681861564,"C=10.0,gamma=0.001"
GSE26682,GSM656803,0,-0.39513838137745905,0.2228640681861564,"C=10.0,gamma=0.001"
GSE26682,GSM656804,0,-0.39513838137745905,0.2228640681861564,"C=10.0,gamma=0.001"
GSE26682,GSM656806,0,-0.39513838137745905,0.2228640681861564,"C=10.0,gamma=0.001"
GSE26682,GSM656809,0,-0.39513838137745905,0.2228640681861564,"C=10.0,gamma=0.001"
GSE26682,GSM656811,0,-0.39513838137745905,0.2228640681861564,"C=10.0,gamma=0.001"
GSE26682,GSM656816,0,-0.39513838137745905,0.2228640681861564,"C=10.0,gamma=0.001"
GSE26682,GSM656819,0,-0.39513838137745905,0.2228640681861564,"C=10.0,gamma=0.001"
GSE26682,GSM656820,1,-0.39513838137745905,0.2228640681861564,"C=10.0,gamma=0.001"
GSE26682,GSM656822,0,-0.39513838137745905,0.2228640681861564,"C=10.0,gamma=0.001"
GSE26682,GSM656824,0,-0.39513838137745905,0.2228640681861564,"C=10.0,gamma=0.001"
GSE26682,GSM656825,0,-0.39513838137745905,0.2228640681861564,"C=10.0,gamma=0.001"
GSE26682,GSM656830,0,-0.39513838137745905,0.2228640681861564,"C=10.0,gamma=0.001"
GSE26682,GSM656831,0,-0.39513838137745905,0.2228640681861564,"C=10.0,gamma=0.001"
GSE26682,GSM656832,0,-0.39513838137745905,0.2228640681861564,"C=10.0,gamma=0.001"
GSE26682,GSM656833,0,-0.39513838137745905,0.2228640681861564,"C=10.0,gamma=0.001"
GSE26682,GSM656834,0,-0.39513838137745905,0.2228640681861564,"C=10.0,gamma=0.001"
GSE26682,GSM656836,0,-0.39513838137745905,0.2228640681861564,"C=10.0,gamma=0.001"
GSE26682,GSM656837,1,-0.39513823516406626,0.22286414846978292,"C=10.0,gamma=0.001"
GSE26682,GSM656840,0,-0.39513838137745905,0.2228640681861564,"C=10.0,gamma=0.001"
GSE26682,GSM656841,0,-0.39513838137745905,0.2228640681861564,"C=10.0,gamma=0.001"
GSE26682,GSM656842,1,-0.39513838137745905,0.2228640681861564,"C=10.0,gamma=0.001"
GSE26682,GSM656843,0,-0.39513838137745905,0.2228640681861564,"C=10.0,gamma=0.001"
GSE26682,GSM656845,0,-0.39513838137745905,0.2228640681861564,"C=10.0,gamma=0.001"
GSE26682,GSM656846,0,-0.39513838137745905,0.2228640681861564,"C=10.0,gamma=0.001"
GSE26682,GSM656847,0,-0.39513838137745905,0.2228640681861564,"C=10.0,gamma=0.001"
GSE26682,GSM656849,1,-0.39513838137745905,0.2228640681861564,"C=10.0,gamma=0.001"
GSE26682,GSM656850,1,-0.39513838137745905,0.2228640681861564,"C=10.0,gamma=0.001"
GSE26682,GSM656851,1,-0.39513838137745905,0.2228640681861564,"C=10.0,gamma=0.001"
GSE26682,GSM656853,0,-0.39513838194166956,0.2228640678763567,"C=10.0,gamma=0.001"
GSE26682,GSM656854,1,-0.39513838137745905,0.2228640681861564,"C=10.0,gamma=0.001"
GSE26682,GSM656857,0,-0.39513838137745905,0.2228640681861564,"C=10.0,gamma=0.001"
GSE26682,GSM656858,0,-0.39513838137745905,0.2228640681861564,"C=10.0,gamma=0.001"
GSE26682,GSM656859,0,-0.39513838137745905,0.2228640681861564,"C=10.0,gamma=0.001"
GSE26682,GSM656860,0,-0.39513838137745905,0.2228640681861564,"C=10.0,gamma=0.001"
GSE26682,GSM656861,0,-0.39513838137745905,0.2228640681861564,"C=10.0,gamma=0.001"
GSE26682,GSM656863,0,-0.39513838137745905,0.2228640681861564,"C=10.0,gamma=0.001"
GSE26682,GSM656864,1,-0.39513838137745905,0.2228640681861564,"C=10.0,gamma=0.001"
GSE26682,GSM656865,1,-0.39513838137745905,0.2228640681861564,"C=10.0,gamma=0.001"
GSE26682,GSM656867,0,-0.39513838137745905,0.2228640681861564,"C=10.0,gamma=0.001"
GSE26682,GSM656868,0,-0.39513838137745905,0.2228640681861564,"C=10.0,gamma=0.001"
GSE26682,GSM656869,0,-0.39513838137745905,0.2228640681861564,"C=10.0,gamma=0.001"
GSE26682,GSM656870,0,-0.39513838137745905,0.2228640681861564,"C=10.0,gamma=0.001"
GSE39084,GSM955440,0,-0.39513838137745905,0.2228640681861564,"C=10.0,gamma=0.001"
GSE39084,GSM955441,0,-0.39513838137745905,0.2228640681861564,"C=10.0,gamma=0.001"
GSE39084,GSM955442,0,-0.39513838137745905,0.2228640681861564,"C=10.0,gamma=0.001"
GSE39084,GSM955443,0,-0.39513838137745905,0.2228640681861564,"C=10.0,gamma=0.001"
GSE39084,GSM955444,0,-0.39513838137745905,0.2228640681861564,"C=10.0,gamma=0.001"
GSE39084,GSM955445,0,-0.39513838137745905,0.2228640681861564,"C=10.0,gamma=0.001"
GSE39084,GSM955446,0,-0.39513838137745905,0.2228640681861564,"C=10.0,gamma=0.001"
GSE39084,GSM955447,1,-0.39513838137745905,0.2228640681861564,"C=10.0,gamma=0.001"
GSE39084,GSM955448,1,-0.39513838137745905,0.2228640681861564,"C=10.0,gamma=0.001"
GSE39084,GSM955449,0,-0.39513838137745905,0.2228640681861564,"C=10.0,gamma=0.001"
GSE39084,GSM955450,0,-0.39513838137745905,0.2228640681861564,"C=10.0,gamma=0.001"
GSE39084,GSM955451,0,-0.39513838137745905,0.2228640681861564,"C=10.0,gamma=0.001"
GSE39084,GSM955452,0,-0.39513838137745905,0.2228640681861564,"C=10.0,gamma=0.001"
GSE39084,GSM955453,0,-0.39513838137745905,0.2228640681861564,"C=10.0,gamma=0.001"
GSE39084,GSM955455,0,-0.39513838137745905,0.2228640681861564,"C=10.0,gamma=0.001"
GSE39084,GSM955456,0,-0.39513838137745905,0.2228640681861564,"C=10.0,gamma=0.001"
GSE39084,GSM955457,0,-0.39513838137745905,0.2228640681861564,"C=10.0,gamma=0.001"
GSE39084,GSM955458,1,-0.39513838137745905,0.2228640681861564,"C=10.0,gamma=0.001"
GSE39084,GSM955459,1,-0.39513838137745905,0.2228640681861564,"C=10.0,gamma=0.001"
GSE39084,GSM955460,1,-0.39513838137745905,0.2228640681861564,"C=10.0,gamma=0.001"
GSE39084,GSM955461,1,-0.39513838137745905,0.2228640681861564,"C=10.0,gamma=0.001"
GSE39084,GSM955462,0,-0.39513838137745905,0.2228640681861564,"C=10.0,gamma=0.001"
GSE39084,GSM955463,0,-0.39513838137745905,0.2228640681861564,"C=10.0,gamma=0.001"
GSE39084,GSM955464,0,-0.39513838137745905,0.2228640681861564,"C=10.0,gamma=0.001"
GSE39084,GSM955466,1,-0.39513838137745905,0.2228640681861564,"C=10.0,gamma=0.001"
GSE39084,GSM955467,1,-0.39513838137745905,0.2228640681861564,"C=10.0,gamma=0.001"
GSE39084,GSM955468,1,-0.39513838137745905,0.2228640681861564,"C=10.0,gamma=0.001"
GSE39084,GSM955469,1,-0.39513838137745905,0.2228640681861564,"C=10.0,gamma=0.001"
GSE39084,GSM955470,1,-0.39513838137745905,0.2228640681861564,"C=10.0,gamma=0.001"
GSE39084,GSM955471,1,-0.39513838137745905,0.2228640681861564,"C=10.0,gamma=0.001"
GSE39084,GSM955472,1,-0.39513838137745905,0.2228640681861564,"C=10.0,gamma=0.001"
GSE39084,GSM955473,1,-0.39513838137745905,0.2228640681861564,"C=10.0,gamma=0.001"
GSE39084,GSM955474,0,-0.39513838137745905,0.2228640681861564,"C=10.0,gamma=0.001"
GSE39084,GSM955475,0,-0.39513838137745905,0.2228640681861564,"C=10.0,gamma=0.001"
GSE39084,GSM955476,0,-0.39513838137745905,0.2228640681861564,"C=10.0,gamma=0.001"
GSE39084,GSM955477,0,-0.39513838137745905,0.2228640681861564,"C=10.0,gamma=0.001"
GSE39084,GSM955478,0,-0.39513838137745905,0.2228640681861564,"C=10.0,gamma=0.001"
GSE39084,GSM955479,0,-0.39513838137745905,0.2228640681861564,"C=10.0,gamma=0.001"
GSE39084,GSM955480,0,-0.39513838137745905,0.2228640681861564,"C=10.0,gamma=0.001"
GSE39084,GSM955482,0,-0.39513838137745905,0.2228640681861564,"C=10.0,gamma=0.001"
GSE39084,GSM955483,0,-0.39513838137745905,0.2228640681861564,"C=10.0,gamma=0.001"
GSE39084,GSM955484,0,-0.39513838137745905,0.2228640681861564,"C=10.0,gamma=0.001"
GSE39084,GSM955485,0,-0.39513838137745905,0.2228640681861564,"C=10.0,gamma=0.001"
GSE39084,GSM955486,0,-0.39513838137745905,0.2228640681861564,"C=10.0,gamma=0.001"
GSE39084,GSM955487,0,-0.39513838137745905,0.2228640681861564,"C=10.0,gamma=0.001"
GSE39084,GSM955488,0,-0.39513838137745905,0.2228640681861564,"C=10.0,gamma=0.001"
GSE39084,GSM955489,0,-0.39513838137745905,0.2228640681861564,"C=10.0,gamma=0.001"
GSE39084,GSM955490,0,-0.39513838137745905,0.2228640681861564,"C=10.0,gamma=0.001"
GSE39084,GSM955491,0,-0.39513838137745905,0.2228640681861564,"C=10.0,gamma=0.001"
GSE39084,GSM955492,0,-0.39513838137745905,0.2228640681861564,"C=10.0,gamma=0.001"
GSE39084,GSM955493,0,-0.39513838137745905,0.2228640681861564,"C=10.0,gamma=0.001"
GSE39084,GSM955494,0,-0.39513838137745905,0.2228640681861564,"C=10.0,gamma=0.001"
GSE39084,GSM955495,0,-0.39513838137745905,0.2228640681861564,"C=10.0,gamma=0.001"
GSE39084,GSM955496,0,-0.39513838137745905,0.2228640681861564,"C=10.0,gamma=0.001"
GSE39084,GSM955497,0,-0.39513838137745905,0.2228640681861564,"C=10.0,gamma=0.001"
GSE39084,GSM955498,0,-0.39513838137745905,0.2228640681861564,"C=10.0,gamma=0.001"
GSE39084,GSM955499,0,-0.39513838137745905,0.2228640681861564,"C=10.0,gamma=0.001"
GSE39084,GSM955500,0,-0.39513838137745905,0.2228640681861564,"C=10.0,gamma=0.001"
GSE39084,GSM955501,0,-0.39513838137745905,0.2228640681861564,"C=10.0,gamma=0.001"
GSE39084,GSM955502,0,-0.39513838137745905,0.2228640681861564,"C=10.0,gamma=0.001"
GSE39084,GSM955503,0,-0.39513838137745905,0.2228640681861564,"C=10.0,gamma=0.001"
GSE39084,GSM955504,0,-0.39513838137745905,0.2228640681861564,"C=10.0,gamma=0.001"
GSE39084,GSM955505,0,-0.39513838137745905,0.2228640681861564,"C=10.0,gamma=0.001"
GSE39084,GSM955506,0,-0.39513838137745905,0.2228640681861564,"C=10.0,gamma=0.001"
GSE39084,GSM955507,0,-0.39513838137745905,0.2228640681861564,"C=10.0,gamma=0.001"
GSE39084,GSM955508,1,-0.39513838137745905,0.2228640681861564,"C=10.0,gamma=0.001"
GSE39084,GSM955509,1,-0.39513838137745905,0.2228640681861564,"C=10.0,gamma=0.001"
